Name of Person/Organization,Address,Contact No.,Alternate Contact No.,E-mail Address,Landline/MSISDN/MDN/Leased Circuit ID for Internet Access,User Id for internet Access based on authentication,Source IP Address,Source Port,Translated IP Address,Translated Port,Destination IP Address,Destination Port,Static/Dynamic IP Address Allocation,IST Start Time of Public IP address allocation (hh:mm:ss),IST End Time of Public IP address allocation (hh:mm:ss),Start Date of Public IP Address allocation (dd/mm/yyyy),End Date of Public IP address allocation (dd/mm/yyyy),Source MAC-ID Address/Other device Identification number,IMSI,PGW IP address,Access Point Name,First CELL ID,Last CELL ID,TIME1 (dd/MM/yyyy HH:mm:ss),Session Duration (Seconds),Data Volume Up Link,Data Volume Down Link,Roaming Circle Indicator,Roaming Circle,SIM Type
,,,,,917301042183,917301042183,2409:40e4:1103:59d5:e0ce:3cff:fee1:f5f7,39931,,,2401:4900:b57b:ff6:e4e5:abff:fe8d:2879,55913,Dynamic,19:32:11,20:02:11,2026/06/11,2026/06/11,866726066636401,405856151004844,2405:0200:5213:2A:3903:220:2:6,Jionet,405856044a323,405856044a323,2026/06/11 19:48:44,126.456,123355877,133715544,HOME,Bihar,
,,,,,917301042183,917301042183,2409:40e4:1103:59d5:e0ce:3cff:fee1:f5f7,39931,,,2401:4900:b57b:ff6:e4e5:abff:fe8d:2879,55913,Dynamic,19:32:11,20:02:11,2026/06/11,2026/06/11,866726066636401,405856151004844,2405:0200:5213:2A:3903:220:2:6,Jionet,405856044a323,405856044a323,2026/06/11 19:48:44,126.456,24520,41344,HOME,Bihar,
,,,,,917301042183,917301042183,2409:40e4:1103:59d5:e0ce:3cff:fee1:f5f7,46024,,,2a03:2880:f312:136:face:b00c:0:b1,3478,Dynamic,19:32:11,20:02:11,2026/06/11,2026/06/11,866726066636401,405856151004844,2405:0200:5213:2A:3903:220:2:6,Jionet,405856044a323,405856044a323,2026/06/11 19:49:10,81.948,123355877,133715544,HOME,Bihar,
,,,,,917301042183,917301042183,2409:40e4:1103:59d5:e0ce:3cff:fee1:f5f7,46024,,,2a03:2880:f312:136:face:b00c:0:b1,3478,Dynamic,19:32:11,20:02:11,2026/06/11,2026/06/11,866726066636401,405856151004844,2405:0200:5213:2A:3903:220:2:6,Jionet,405856044a323,405856044a323,2026/06/11 19:49:10,81.948,24520,41344,HOME,Bihar,
,,,,,917301042183,917301042183,2409:40e4:1103:59d5:e0ce:3cff:fee1:f5f7,46024,,,2a03:2880:f26b:1c5:face:b00c:0:177,3478,Dynamic,19:32:11,20:02:11,2026/06/11,2026/06/11,866726066636401,405856151004844,2405:0200:5213:2A:3903:220:2:6,Jionet,405856044a323,405856044a323,2026/06/11 19:49:10,105.504,123355877,133715544,HOME,Bihar,
,,,,,917301042183,917301042183,2409:40e4:1103:59d5:e0ce:3cff:fee1:f5f7,46024,,,2a03:2880:f26b:1c5:face:b00c:0:177,3478,Dynamic,19:32:11,20:02:11,2026/06/11,2026/06/11,866726066636401,405856151004844,2405:0200:5213:2A:3903:220:2:6,Jionet,405856044a323,405856044a323,2026/06/11 19:49:10,105.504,24520,41344,HOME,Bihar,
,,,,,917301042183,917301042183,2409:40e4:1103:59d5:e0ce:3cff:fee1:f5f7,41062,,,2001:4860:4802:32::223,443,Dynamic,19:32:11,20:02:11,2026/06/11,2026/06/11,866726066636401,405856151004844,2405:0200:5213:2A:3903:220:2:6,Jionet,405856044a323,405856044a323,2026/06/11 19:50:14,11.42,123355877,133715544,HOME,Bihar,
,,,,,917301042183,917301042183,2409:40e4:1103:59d5:e0ce:3cff:fee1:f5f7,41062,,,2001:4860:4802:32::223,443,Dynamic,19:32:11,20:02:11,2026/06/11,2026/06/11,866726066636401,405856151004844,2405:0200:5213:2A:3903:220:2:6,Jionet,405856044a323,405856044a323,2026/06/11 19:50:14,11.42,24520,41344,HOME,Bihar,
,,,,,917301042183,917301042183,2409:40e4:1103:59d5:e0ce:3cff:fee1:f5f7,40876,,,2404:6800:4000:101d::9d,443,Dynamic,19:32:11,20:02:11,2026/06/11,2026/06/11,866726066636401,405856151004844,2405:0200:5213:2A:3903:220:2:6,Jionet,405856044a323,405856044a323,2026/06/11 19:50:47,11.28,123355877,133715544,HOME,Bihar,
,,,,,917301042183,917301042183,2409:40e4:1103:59d5:e0ce:3cff:fee1:f5f7,40876,,,2404:6800:4000:101d::9d,443,Dynamic,19:32:11,20:02:11,2026/06/11,2026/06/11,866726066636401,405856151004844,2405:0200:5213:2A:3903:220:2:6,Jionet,405856044a323,405856044a323,2026/06/11 19:50:47,11.28,24520,41344,HOME,Bihar,
,,,,,917301042183,917301042183,2409:40e4:1103:59d5:e0ce:3cff:fee1:f5f7,46024,,,2a03:2880:f335:136:face:b00c:0:b1,3478,Dynamic,19:32:11,20:02:11,2026/06/11,2026/06/11,866726066636401,405856151004844,2405:0200:5213:2A:3903:220:2:6,Jionet,405856044a323,405856044a323,2026/06/11 19:49:10,68.636,123355877,133715544,HOME,Bihar,
,,,,,917301042183,917301042183,2409:40e4:1103:59d5:e0ce:3cff:fee1:f5f7,46024,,,2a03:2880:f335:136:face:b00c:0:b1,3478,Dynamic,19:32:11,20:02:11,2026/06/11,2026/06/11,866726066636401,405856151004844,2405:0200:5213:2A:3903:220:2:6,Jionet,405856044a323,405856044a323,2026/06/11 19:49:10,68.636,24520,41344,HOME,Bihar,
,,,,,917301042183,917301042183,2409:40e4:1103:59d5:e0ce:3cff:fee1:f5f7,43822,,,2600:9000:2738:5000:19:14ed:c7c0:93a1,443,Dynamic,19:32:11,20:02:11,2026/06/11,2026/06/11,866726066636401,405856151004844,2405:0200:5213:2A:3903:220:2:6,Jionet,405856044a323,405856044a323,2026/06/11 19:49:15,103.527,123355877,133715544,HOME,Bihar,
,,,,,917301042183,917301042183,2409:40e4:1103:59d5:e0ce:3cff:fee1:f5f7,43822,,,2600:9000:2738:5000:19:14ed:c7c0:93a1,443,Dynamic,19:32:11,20:02:11,2026/06/11,2026/06/11,866726066636401,405856151004844,2405:0200:5213:2A:3903:220:2:6,Jionet,405856044a323,405856044a323,2026/06/11 19:49:15,103.527,24520,41344,HOME,Bihar,
,,,,,917301042183,917301042183,2409:40e4:1103:59d5:e0ce:3cff:fee1:f5f7,39844,,,2600:9000:2738:7200:3:145:eb40:93a1,443,Dynamic,19:32:11,20:02:11,2026/06/11,2026/06/11,866726066636401,405856151004844,2405:0200:5213:2A:3903:220:2:6,Jionet,405856044a323,405856044a323,2026/06/11 19:49:15,69.488,123355877,133715544,HOME,Bihar,
,,,,,917301042183,917301042183,2409:40e4:1103:59d5:e0ce:3cff:fee1:f5f7,39844,,,2600:9000:2738:7200:3:145:eb40:93a1,443,Dynamic,19:32:11,20:02:11,2026/06/11,2026/06/11,866726066636401,405856151004844,2405:0200:5213:2A:3903:220:2:6,Jionet,405856044a323,405856044a323,2026/06/11 19:49:15,69.488,24520,41344,HOME,Bihar,
,,,,,917301042183,917301042183,2409:40e4:1103:59d5:e0ce:3cff:fee1:f5f7,39931,,,2a03:2880:f36a:136:face:b00c:0:b1,3478,Dynamic,19:32:11,20:02:11,2026/06/11,2026/06/11,866726066636401,405856151004844,2405:0200:5213:2A:3903:220:2:6,Jionet,405856044a323,405856044a323,2026/06/11 19:48:40,84.328,123355877,133715544,HOME,Bihar,
,,,,,917301042183,917301042183,2409:40e4:1103:59d5:e0ce:3cff:fee1:f5f7,39931,,,2a03:2880:f36a:136:face:b00c:0:b1,3478,Dynamic,19:32:11,20:02:11,2026/06/11,2026/06/11,866726066636401,405856151004844,2405:0200:5213:2A:3903:220:2:6,Jionet,405856044a323,405856044a323,2026/06/11 19:48:40,84.328,24520,41344,HOME,Bihar,
,,,,,917301042183,917301042183,2409:40e4:1103:59d5:e0ce:3cff:fee1:f5f7,39931,,,2a03:2880:f312:136:face:b00c:0:b1,3478,Dynamic,19:32:11,20:02:11,2026/06/11,2026/06/11,866726066636401,405856151004844,2405:0200:5213:2A:3903:220:2:6,Jionet,405856044a323,405856044a323,2026/06/11 19:48:40,97.708,123355877,133715544,HOME,Bihar,
,,,,,917301042183,917301042183,2409:40e4:1103:59d5:e0ce:3cff:fee1:f5f7,39931,,,2a03:2880:f312:136:face:b00c:0:b1,3478,Dynamic,19:32:11,20:02:11,2026/06/11,2026/06/11,866726066636401,405856151004844,2405:0200:5213:2A:3903:220:2:6,Jionet,405856044a323,405856044a323,2026/06/11 19:48:40,97.708,24520,41344,HOME,Bihar,
,,,,,917301042183,917301042183,2409:40e4:1103:59d5:e0ce:3cff:fee1:f5f7,39931,,,2a03:2880:f322:136:face:b00c:0:b1,3478,Dynamic,19:32:11,20:02:11,2026/06/11,2026/06/11,866726066636401,405856151004844,2405:0200:5213:2A:3903:220:2:6,Jionet,405856044a323,405856044a323,2026/06/11 19:48:40,84.336,123355877,133715544,HOME,Bihar,
,,,,,917301042183,917301042183,2409:40e4:1103:59d5:e0ce:3cff:fee1:f5f7,39931,,,2a03:2880:f322:136:face:b00c:0:b1,3478,Dynamic,19:32:11,20:02:11,2026/06/11,2026/06/11,866726066636401,405856151004844,2405:0200:5213:2A:3903:220:2:6,Jionet,405856044a323,405856044a323,2026/06/11 19:48:40,84.336,24520,41344,HOME,Bihar,
,,,,,917301042183,917301042183,2409:40e4:1103:59d5:e0ce:3cff:fee1:f5f7,37352,,,2a03:2880:f346:3:face:b00c:0:4c63,443,Dynamic,19:32:11,20:02:11,2026/06/11,2026/06/11,866726066636401,405856151004844,2405:0200:5213:2A:3903:220:2:6,Jionet,405856044a323,405856044a323,2026/06/11 19:47:39,215.568,123355877,133715544,HOME,Bihar,
,,,,,917301042183,917301042183,2409:40e4:1103:59d5:e0ce:3cff:fee1:f5f7,37352,,,2a03:2880:f346:3:face:b00c:0:4c63,443,Dynamic,19:32:11,20:02:11,2026/06/11,2026/06/11,866726066636401,405856151004844,2405:0200:5213:2A:3903:220:2:6,Jionet,405856044a323,405856044a323,2026/06/11 19:47:39,215.568,24520,41344,HOME,Bihar,
,,,,,917301042183,917301042183,2409:40e4:1103:59d5:e0ce:3cff:fee1:f5f7,44836,,,2a03:2880:f346:3:face:b00c:0:4c63,443,Dynamic,19:32:11,20:02:11,2026/06/11,2026/06/11,866726066636401,405856151004844,2405:0200:5213:2A:3903:220:2:6,Jionet,405856044a323,405856044a323,2026/06/11 19:49:54,88.528,123355877,133715544,HOME,Bihar,
,,,,,917301042183,917301042183,2409:40e4:1103:59d5:e0ce:3cff:fee1:f5f7,44836,,,2a03:2880:f346:3:face:b00c:0:4c63,443,Dynamic,19:32:11,20:02:11,2026/06/11,2026/06/11,866726066636401,405856151004844,2405:0200:5213:2A:3903:220:2:6,Jionet,405856044a323,405856044a323,2026/06/11 19:49:54,88.528,24520,41344,HOME,Bihar,
,,,,,917301042183,917301042183,2409:40e4:1103:59d5:e0ce:3cff:fee1:f5f7,47458,,,2404:6800:4003:c20::bc,5228,Dynamic,19:32:11,20:02:11,2026/06/11,2026/06/11,866726066636401,405856151004844,2405:0200:5213:2A:3903:220:2:6,Jionet,405856044a323,405856044a323,2026/06/11 19:49:14,121.081,123355877,133715544,HOME,Bihar,
,,,,,917301042183,917301042183,2409:40e4:1103:59d5:e0ce:3cff:fee1:f5f7,47458,,,2404:6800:4003:c20::bc,5228,Dynamic,19:32:11,20:02:11,2026/06/11,2026/06/11,866726066636401,405856151004844,2405:0200:5213:2A:3903:220:2:6,Jionet,405856044a323,405856044a323,2026/06/11 19:49:14,121.081,24520,41344,HOME,Bihar,
,,,,,917301042183,917301042183,2409:40e4:1103:59d5:e0ce:3cff:fee1:f5f7,40468,,,2404:6800:4000:1017::5e,443,Dynamic,19:32:11,20:02:11,2026/06/11,2026/06/11,866726066636401,405856151004844,2405:0200:5213:2A:3903:220:2:6,Jionet,405856044a323,405856044a323,2026/06/11 19:50:19,70.951,123355877,133715544,HOME,Bihar,
,,,,,917301042183,917301042183,2409:40e4:1103:59d5:e0ce:3cff:fee1:f5f7,40468,,,2404:6800:4000:1017::5e,443,Dynamic,19:32:11,20:02:11,2026/06/11,2026/06/11,866726066636401,405856151004844,2405:0200:5213:2A:3903:220:2:6,Jionet,405856044a323,405856044a323,2026/06/11 19:50:19,70.951,24520,41344,HOME,Bihar,
,,,,,917301042183,917301042183,2409:40e4:1103:59d5:e0ce:3cff:fee1:f5f7,46744,,,2404:6800:4000:1006::9a,443,Dynamic,19:32:11,20:02:11,2026/06/11,2026/06/11,866726066636401,405856151004844,2405:0200:5213:2A:3903:220:2:6,Jionet,405856044a323,405856044a323,2026/06/11 19:51:06,70.973,123355877,133715544,HOME,Bihar,
,,,,,917301042183,917301042183,2409:40e4:1103:59d5:e0ce:3cff:fee1:f5f7,46744,,,2404:6800:4000:1006::9a,443,Dynamic,19:32:11,20:02:11,2026/06/11,2026/06/11,866726066636401,405856151004844,2405:0200:5213:2A:3903:220:2:6,Jionet,405856044a323,405856044a323,2026/06/11 19:51:06,70.973,24520,41344,HOME,Bihar,
,,,,,917301042183,917301042183,2409:40e4:1103:59d5:e0ce:3cff:fee1:f5f7,46024,,,2401:4900:b57b:ff6:e4e5:abff:fe8d:2879,33378,Dynamic,19:32:11,20:02:11,2026/06/11,2026/06/11,866726066636401,405856151004844,2405:0200:5213:2A:3903:220:2:6,Jionet,405856044a323,405856044a323,2026/06/11 19:49:13,251.848,123355877,133715544,HOME,Bihar,
,,,,,917301042183,917301042183,2409:40e4:1103:59d5:e0ce:3cff:fee1:f5f7,46024,,,2401:4900:b57b:ff6:e4e5:abff:fe8d:2879,33378,Dynamic,19:32:11,20:02:11,2026/06/11,2026/06/11,866726066636401,405856151004844,2405:0200:5213:2A:3903:220:2:6,Jionet,405856044a323,405856044a323,2026/06/11 19:49:13,251.848,24520,41344,HOME,Bihar,
,,,,,917301042183,917301042183,2409:40e4:1103:59d5:e0ce:3cff:fee1:f5f7,42956,,,2a03:2880:f26b:1cb:face:b00c:0:7260,5222,Dynamic,18:57:58,19:27:58,2026/06/11,2026/06/11,866726066636401,405856151004844,2405:0200:5213:2A:3903:220:2:6,Jionet,4058560c3458002,4058560c3458002,2026/06/11 19:08:58,2675.345,24301555,100711249,HOME,Bihar,
,,,,,917301042183,917301042183,2409:40e4:1103:59d5:e0ce:3cff:fee1:f5f7,42956,,,2a03:2880:f26b:1cb:face:b00c:0:7260,5222,Dynamic,18:57:58,19:27:58,2026/06/11,2026/06/11,866726066636401,405856151004844,2405:0200:5213:2A:3903:220:2:6,Jionet,4058560c3458002,4058560c3458002,2026/06/11 19:08:58,2675.345,20786,37305,HOME,Bihar,
,,,,,917301042183,917301042183,2409:40e4:1103:59d5:e0ce:3cff:fee1:f5f7,47896,,,2404:6800:4000:1006::9b,443,Dynamic,19:32:11,20:02:11,2026/06/11,2026/06/11,866726066636401,405856151004844,2405:0200:5213:2A:3903:220:2:6,Jionet,405856044a323,405856044a323,2026/06/11 19:38:33,70.973,123355877,133715544,HOME,Bihar,
,,,,,917301042183,917301042183,2409:40e4:1103:59d5:e0ce:3cff:fee1:f5f7,47896,,,2404:6800:4000:1006::9b,443,Dynamic,19:32:11,20:02:11,2026/06/11,2026/06/11,866726066636401,405856151004844,2405:0200:5213:2A:3903:220:2:6,Jionet,405856044a323,405856044a323,2026/06/11 19:38:33,70.973,24520,41344,HOME,Bihar,
,,,,,917301042183,917301042183,2409:40e4:1103:59d5:e0ce:3cff:fee1:f5f7,38808,,,2600:1901:0:8956::,443,Dynamic,19:32:11,20:02:11,2026/06/11,2026/06/11,866726066636401,405856151004844,2405:0200:5213:2A:3903:220:2:6,Jionet,405856044a323,405856044a323,2026/06/11 19:38:44,11.56,123355877,133715544,HOME,Bihar,
,,,,,917301042183,917301042183,2409:40e4:1103:59d5:e0ce:3cff:fee1:f5f7,38808,,,2600:1901:0:8956::,443,Dynamic,19:32:11,20:02:11,2026/06/11,2026/06/11,866726066636401,405856151004844,2405:0200:5213:2A:3903:220:2:6,Jionet,405856044a323,405856044a323,2026/06/11 19:38:44,11.56,24520,41344,HOME,Bihar,
,,,,,917301042183,917301042183,2409:40e4:1103:59d5:e0ce:3cff:fee1:f5f7,47390,,,2404:6800:4000:1006::9c,443,Dynamic,19:32:11,20:02:11,2026/06/11,2026/06/11,866726066636401,405856151004844,2405:0200:5213:2A:3903:220:2:6,Jionet,405856044a323,405856044a323,2026/06/11 19:37:34,98.672,123355877,133715544,HOME,Bihar,
,,,,,917301042183,917301042183,2409:40e4:1103:59d5:e0ce:3cff:fee1:f5f7,47390,,,2404:6800:4000:1006::9c,443,Dynamic,19:32:11,20:02:11,2026/06/11,2026/06/11,866726066636401,405856151004844,2405:0200:5213:2A:3903:220:2:6,Jionet,405856044a323,405856044a323,2026/06/11 19:37:34,98.672,24520,41344,HOME,Bihar,
,,,,,917301042183,917301042183,2409:40e4:1103:59d5:e0ce:3cff:fee1:f5f7,37524,,,2404:6800:4000:1017::5e,443,Dynamic,19:32:11,20:02:11,2026/06/11,2026/06/11,866726066636401,405856151004844,2405:0200:5213:2A:3903:220:2:6,Jionet,405856044a323,405856044a323,2026/06/11 19:37:49,70.96,123355877,133715544,HOME,Bihar,
,,,,,917301042183,917301042183,2409:40e4:1103:59d5:e0ce:3cff:fee1:f5f7,37524,,,2404:6800:4000:1017::5e,443,Dynamic,19:32:11,20:02:11,2026/06/11,2026/06/11,866726066636401,405856151004844,2405:0200:5213:2A:3903:220:2:6,Jionet,405856044a323,405856044a323,2026/06/11 19:37:49,70.96,24520,41344,HOME,Bihar,
,,,,,917301042183,917301042183,2409:40e4:1103:59d5:e0ce:3cff:fee1:f5f7,47458,,,2404:6800:4003:c20::bc,5228,Dynamic,19:32:11,20:02:11,2026/06/11,2026/06/11,866726066636401,405856151004844,2405:0200:5213:2A:3903:220:2:6,Jionet,405856044a323,405856044a323,2026/06/11 19:37:56,79.239,123355877,133715544,HOME,Bihar,
,,,,,917301042183,917301042183,2409:40e4:1103:59d5:e0ce:3cff:fee1:f5f7,47458,,,2404:6800:4003:c20::bc,5228,Dynamic,19:32:11,20:02:11,2026/06/11,2026/06/11,866726066636401,405856151004844,2405:0200:5213:2A:3903:220:2:6,Jionet,405856044a323,405856044a323,2026/06/11 19:37:56,79.239,24520,41344,HOME,Bihar,
,,,,,917301042183,917301042183,2409:40e4:1103:59d5:e0ce:3cff:fee1:f5f7,37508,,,2404:6800:4000:1006::9b,443,Dynamic,19:32:11,20:02:11,2026/06/11,2026/06/11,866726066636401,405856151004844,2405:0200:5213:2A:3903:220:2:6,Jionet,405856044a323,405856044a323,2026/06/11 19:37:34,70.948,123355877,133715544,HOME,Bihar,
,,,,,917301042183,917301042183,2409:40e4:1103:59d5:e0ce:3cff:fee1:f5f7,37508,,,2404:6800:4000:1006::9b,443,Dynamic,19:32:11,20:02:11,2026/06/11,2026/06/11,866726066636401,405856151004844,2405:0200:5213:2A:3903:220:2:6,Jionet,405856044a323,405856044a323,2026/06/11 19:37:34,70.948,24520,41344,HOME,Bihar,
,,,,,917301042183,917301042183,2409:40e4:1103:59d5:e0ce:3cff:fee1:f5f7,37782,,,2001:4860:482b:7700::,443,Dynamic,19:32:11,20:02:11,2026/06/11,2026/06/11,866726066636401,405856151004844,2405:0200:5213:2A:3903:220:2:6,Jionet,405856044a323,405856044a323,2026/06/11 19:37:57,104.844,123355877,133715544,HOME,Bihar,
,,,,,917301042183,917301042183,2409:40e4:1103:59d5:e0ce:3cff:fee1:f5f7,37782,,,2001:4860:482b:7700::,443,Dynamic,19:32:11,20:02:11,2026/06/11,2026/06/11,866726066636401,405856151004844,2405:0200:5213:2A:3903:220:2:6,Jionet,405856044a323,405856044a323,2026/06/11 19:37:57,104.844,24520,41344,HOME,Bihar,
,,,,,917301042183,917301042183,2409:40e4:1103:59d5:e0ce:3cff:fee1:f5f7,40276,,,2404:6800:4000:1006::9b,443,Dynamic,19:32:11,20:02:11,2026/06/11,2026/06/11,866726066636401,405856151004844,2405:0200:5213:2A:3903:220:2:6,Jionet,405856044a323,405856044a323,2026/06/11 19:37:35,71.09,123355877,133715544,HOME,Bihar,
,,,,,917301042183,917301042183,2409:40e4:1103:59d5:e0ce:3cff:fee1:f5f7,40276,,,2404:6800:4000:1006::9b,443,Dynamic,19:32:11,20:02:11,2026/06/11,2026/06/11,866726066636401,405856151004844,2405:0200:5213:2A:3903:220:2:6,Jionet,405856044a323,405856044a323,2026/06/11 19:37:35,71.09,24520,41344,HOME,Bihar,
,,,,,917301042183,917301042183,2409:40e4:1103:59d5:e0ce:3cff:fee1:f5f7,45560,,,2001:4860:482c:7700::,443,Dynamic,18:57:58,19:27:58,2026/06/11,2026/06/11,866726066636401,405856151004844,2405:0200:5213:2A:3903:220:2:6,Jionet,4058560c3458002,4058560c3458002,2026/06/11 19:14:20,147.175,24301555,100711249,HOME,Bihar,
,,,,,917301042183,917301042183,2409:40e4:1103:59d5:e0ce:3cff:fee1:f5f7,45560,,,2001:4860:482c:7700::,443,Dynamic,18:57:58,19:27:58,2026/06/11,2026/06/11,866726066636401,405856151004844,2405:0200:5213:2A:3903:220:2:6,Jionet,4058560c3458002,4058560c3458002,2026/06/11 19:14:20,147.175,20786,37305,HOME,Bihar,
,,,,,917301042183,917301042183,2409:40e4:1103:59d5:e0ce:3cff:fee1:f5f7,40030,,,2a03:2880:f315:136:face:b00c:0:b1,3478,Dynamic,18:57:58,19:27:58,2026/06/11,2026/06/11,866726066636401,405856151004844,2405:0200:5213:2A:3903:220:2:6,Jionet,4058560c3458002,4058560c3458002,2026/06/11 19:15:52,68.357,24301555,100711249,HOME,Bihar,
,,,,,917301042183,917301042183,2409:40e4:1103:59d5:e0ce:3cff:fee1:f5f7,40030,,,2a03:2880:f315:136:face:b00c:0:b1,3478,Dynamic,18:57:58,19:27:58,2026/06/11,2026/06/11,866726066636401,405856151004844,2405:0200:5213:2A:3903:220:2:6,Jionet,4058560c3458002,4058560c3458002,2026/06/11 19:15:52,68.357,20786,37305,HOME,Bihar,
,,,,,917301042183,917301042183,2409:40e4:1103:59d5:e0ce:3cff:fee1:f5f7,48021,,,2a03:2880:f346:c4:face:b00c:0:21ba,443,Dynamic,18:57:58,19:27:58,2026/06/11,2026/06/11,866726066636401,405856151004844,2405:0200:5213:2A:3903:220:2:6,Jionet,4058560c3458002,4058560c3458002,2026/06/11 19:14:46,118.529,24301555,100711249,HOME,Bihar,
,,,,,917301042183,917301042183,2409:40e4:1103:59d5:e0ce:3cff:fee1:f5f7,48021,,,2a03:2880:f346:c4:face:b00c:0:21ba,443,Dynamic,18:57:58,19:27:58,2026/06/11,2026/06/11,866726066636401,405856151004844,2405:0200:5213:2A:3903:220:2:6,Jionet,4058560c3458002,4058560c3458002,2026/06/11 19:14:46,118.529,20786,37305,HOME,Bihar,
,,,,,917301042183,917301042183,2409:40e4:1103:59d5:e0ce:3cff:fee1:f5f7,42166,,,2001:4860:4802:36::223,443,Dynamic,18:57:58,19:27:58,2026/06/11,2026/06/11,866726066636401,405856151004844,2405:0200:5213:2A:3903:220:2:6,Jionet,4058560c3458002,4058560c3458002,2026/06/11 19:16:56,11.239,24301555,100711249,HOME,Bihar,
,,,,,917301042183,917301042183,2409:40e4:1103:59d5:e0ce:3cff:fee1:f5f7,42166,,,2001:4860:4802:36::223,443,Dynamic,18:57:58,19:27:58,2026/06/11,2026/06/11,866726066636401,405856151004844,2405:0200:5213:2A:3903:220:2:6,Jionet,4058560c3458002,4058560c3458002,2026/06/11 19:16:56,11.239,20786,37305,HOME,Bihar,
,,,,,917301042183,917301042183,2409:40e4:1103:59d5:e0ce:3cff:fee1:f5f7,39983,,,2a03:2880:f311:c0:face:b00c:0:43fe,443,Dynamic,18:57:58,19:27:58,2026/06/11,2026/06/11,866726066636401,405856151004844,2405:0200:5213:2A:3903:220:2:6,Jionet,4058560c3458002,4058560c3458002,2026/06/11 19:14:46,121.811,24301555,100711249,HOME,Bihar,
,,,,,917301042183,917301042183,2409:40e4:1103:59d5:e0ce:3cff:fee1:f5f7,39983,,,2a03:2880:f311:c0:face:b00c:0:43fe,443,Dynamic,18:57:58,19:27:58,2026/06/11,2026/06/11,866726066636401,405856151004844,2405:0200:5213:2A:3903:220:2:6,Jionet,4058560c3458002,4058560c3458002,2026/06/11 19:14:46,121.811,20786,37305,HOME,Bihar,
,,,,,917301042183,917301042183,2409:40e4:1103:59d5:e0ce:3cff:fee1:f5f7,46843,,,2405:200:1630:ff95:face:b00c:3333:a3f,443,Dynamic,18:57:58,19:27:58,2026/06/11,2026/06/11,866726066636401,405856151004844,2405:0200:5213:2A:3903:220:2:6,Jionet,4058560c3458002,4058560c3458002,2026/06/11 19:14:47,83.679,24301555,100711249,HOME,Bihar,
,,,,,917301042183,917301042183,2409:40e4:1103:59d5:e0ce:3cff:fee1:f5f7,46843,,,2405:200:1630:ff95:face:b00c:3333:a3f,443,Dynamic,18:57:58,19:27:58,2026/06/11,2026/06/11,866726066636401,405856151004844,2405:0200:5213:2A:3903:220:2:6,Jionet,4058560c3458002,4058560c3458002,2026/06/11 19:14:47,83.679,20786,37305,HOME,Bihar,
,,,,,917301042183,917301042183,2409:40e4:1103:59d5:e0ce:3cff:fee1:f5f7,39888,,,2a03:2880:f26b:1d2:face:b00c:0:167,443,Dynamic,18:57:58,19:27:58,2026/06/11,2026/06/11,866726066636401,405856151004844,2405:0200:5213:2A:3903:220:2:6,Jionet,4058560c3458002,4058560c3458002,2026/06/11 19:15:04,101.596,24301555,100711249,HOME,Bihar,
,,,,,917301042183,917301042183,2409:40e4:1103:59d5:e0ce:3cff:fee1:f5f7,39888,,,2a03:2880:f26b:1d2:face:b00c:0:167,443,Dynamic,18:57:58,19:27:58,2026/06/11,2026/06/11,866726066636401,405856151004844,2405:0200:5213:2A:3903:220:2:6,Jionet,4058560c3458002,4058560c3458002,2026/06/11 19:15:04,101.596,20786,37305,HOME,Bihar,
,,,,,917301042183,917301042183,2409:40e4:1103:59d5:e0ce:3cff:fee1:f5f7,42594,,,2405:200:1630:b79:face:b00c:3333:a3f,443,Dynamic,18:57:58,19:27:58,2026/06/11,2026/06/11,866726066636401,405856151004844,2405:0200:5213:2A:3903:220:2:6,Jionet,4058560c3458002,4058560c3458002,2026/06/11 19:14:47,91.152,24301555,100711249,HOME,Bihar,
,,,,,917301042183,917301042183,2409:40e4:1103:59d5:e0ce:3cff:fee1:f5f7,42594,,,2405:200:1630:b79:face:b00c:3333:a3f,443,Dynamic,18:57:58,19:27:58,2026/06/11,2026/06/11,866726066636401,405856151004844,2405:0200:5213:2A:3903:220:2:6,Jionet,4058560c3458002,4058560c3458002,2026/06/11 19:14:47,91.152,20786,37305,HOME,Bihar,
,,,,,917301042183,917301042183,2409:40e4:1103:59d5:e0ce:3cff:fee1:f5f7,44130,,,2a04:4e42:59::820,443,Dynamic,18:57:58,19:27:58,2026/06/11,2026/06/11,866726066636401,405856151004844,2405:0200:5213:2A:3903:220:2:6,Jionet,4058560c3458002,4058560c3458002,2026/06/11 19:17:16,2.84,24301555,100711249,HOME,Bihar,
,,,,,917301042183,917301042183,2409:40e4:1103:59d5:e0ce:3cff:fee1:f5f7,44130,,,2a04:4e42:59::820,443,Dynamic,18:57:58,19:27:58,2026/06/11,2026/06/11,866726066636401,405856151004844,2405:0200:5213:2A:3903:220:2:6,Jionet,4058560c3458002,4058560c3458002,2026/06/11 19:17:16,2.84,20786,37305,HOME,Bihar,
,,,,,917301042183,917301042183,2409:40e4:1103:59d5:e0ce:3cff:fee1:f5f7,37710,,,2a03:2880:f311:8d:face:b00c:0:2,443,Dynamic,18:57:58,19:27:58,2026/06/11,2026/06/11,866726066636401,405856151004844,2405:0200:5213:2A:3903:220:2:6,Jionet,4058560c3458002,4058560c3458002,2026/06/11 19:14:46,87.816,24301555,100711249,HOME,Bihar,
,,,,,917301042183,917301042183,2409:40e4:1103:59d5:e0ce:3cff:fee1:f5f7,37710,,,2a03:2880:f311:8d:face:b00c:0:2,443,Dynamic,18:57:58,19:27:58,2026/06/11,2026/06/11,866726066636401,405856151004844,2405:0200:5213:2A:3903:220:2:6,Jionet,4058560c3458002,4058560c3458002,2026/06/11 19:14:46,87.816,20786,37305,HOME,Bihar,
,,,,,917301042183,917301042183,2409:40e4:1103:59d5:e0ce:3cff:fee1:f5f7,41262,,,2600:9000:2573:8e00:2:92cc:e0c0:93a1,443,Dynamic,18:57:58,19:27:58,2026/06/11,2026/06/11,866726066636401,405856151004844,2405:0200:5213:2A:3903:220:2:6,Jionet,4058560c3458002,4058560c3458002,2026/06/11 19:17:17,2.03,24301555,100711249,HOME,Bihar,
,,,,,917301042183,917301042183,2409:40e4:1103:59d5:e0ce:3cff:fee1:f5f7,41262,,,2600:9000:2573:8e00:2:92cc:e0c0:93a1,443,Dynamic,18:57:58,19:27:58,2026/06/11,2026/06/11,866726066636401,405856151004844,2405:0200:5213:2A:3903:220:2:6,Jionet,4058560c3458002,4058560c3458002,2026/06/11 19:17:17,2.03,20786,37305,HOME,Bihar,
,,,,,917301042183,917301042183,2409:40e4:1103:59d5:e0ce:3cff:fee1:f5f7,49638,,,2001:4860:482c:7700::,443,Dynamic,18:57:58,19:27:58,2026/06/11,2026/06/11,866726066636401,405856151004844,2405:0200:5213:2A:3903:220:2:6,Jionet,4058560c3458002,4058560c3458002,2026/06/11 19:14:20,114.724,24301555,100711249,HOME,Bihar,
,,,,,917301042183,917301042183,2409:40e4:1103:59d5:e0ce:3cff:fee1:f5f7,49638,,,2001:4860:482c:7700::,443,Dynamic,18:57:58,19:27:58,2026/06/11,2026/06/11,866726066636401,405856151004844,2405:0200:5213:2A:3903:220:2:6,Jionet,4058560c3458002,4058560c3458002,2026/06/11 19:14:20,114.724,20786,37305,HOME,Bihar,
,,,,,917301042183,917301042183,2409:40e4:1103:59d5:e0ce:3cff:fee1:f5f7,44094,,,2a04:4e42:59::820,443,Dynamic,18:57:58,19:27:58,2026/06/11,2026/06/11,866726066636401,405856151004844,2405:0200:5213:2A:3903:220:2:6,Jionet,4058560c3458002,4058560c3458002,2026/06/11 19:17:15,2.976,24301555,100711249,HOME,Bihar,
,,,,,917301042183,917301042183,2409:40e4:1103:59d5:e0ce:3cff:fee1:f5f7,44094,,,2a04:4e42:59::820,443,Dynamic,18:57:58,19:27:58,2026/06/11,2026/06/11,866726066636401,405856151004844,2405:0200:5213:2A:3903:220:2:6,Jionet,4058560c3458002,4058560c3458002,2026/06/11 19:17:15,2.976,20786,37305,HOME,Bihar,
,,,,,917301042183,917301042183,2409:40e4:1103:59d5:e0ce:3cff:fee1:f5f7,44120,,,2a04:4e42:59::820,443,Dynamic,18:57:58,19:27:58,2026/06/11,2026/06/11,866726066636401,405856151004844,2405:0200:5213:2A:3903:220:2:6,Jionet,4058560c3458002,4058560c3458002,2026/06/11 19:17:16,2.94,24301555,100711249,HOME,Bihar,
,,,,,917301042183,917301042183,2409:40e4:1103:59d5:e0ce:3cff:fee1:f5f7,44120,,,2a04:4e42:59::820,443,Dynamic,18:57:58,19:27:58,2026/06/11,2026/06/11,866726066636401,405856151004844,2405:0200:5213:2A:3903:220:2:6,Jionet,4058560c3458002,4058560c3458002,2026/06/11 19:17:16,2.94,20786,37305,HOME,Bihar,
,,,,,917301042183,917301042183,2409:40e4:1103:59d5:e0ce:3cff:fee1:f5f7,40030,,,2a03:2880:f346:136:face:b00c:0:b1,3478,Dynamic,18:57:58,19:27:58,2026/06/11,2026/06/11,866726066636401,405856151004844,2405:0200:5213:2A:3903:220:2:6,Jionet,4058560c3458002,4058560c3458002,2026/06/11 19:15:52,89.976,24301555,100711249,HOME,Bihar,
,,,,,917301042183,917301042183,2409:40e4:1103:59d5:e0ce:3cff:fee1:f5f7,40030,,,2a03:2880:f346:136:face:b00c:0:b1,3478,Dynamic,18:57:58,19:27:58,2026/06/11,2026/06/11,866726066636401,405856151004844,2405:0200:5213:2A:3903:220:2:6,Jionet,4058560c3458002,4058560c3458002,2026/06/11 19:15:52,89.976,20786,37305,HOME,Bihar,
,,,,,917301042183,917301042183,2409:40e4:1103:59d5:e0ce:3cff:fee1:f5f7,44110,,,2a04:4e42:59::820,443,Dynamic,18:57:58,19:27:58,2026/06/11,2026/06/11,866726066636401,405856151004844,2405:0200:5213:2A:3903:220:2:6,Jionet,4058560c3458002,4058560c3458002,2026/06/11 19:17:15,3.268,24301555,100711249,HOME,Bihar,
,,,,,917301042183,917301042183,2409:40e4:1103:59d5:e0ce:3cff:fee1:f5f7,44110,,,2a04:4e42:59::820,443,Dynamic,18:57:58,19:27:58,2026/06/11,2026/06/11,866726066636401,405856151004844,2405:0200:5213:2A:3903:220:2:6,Jionet,4058560c3458002,4058560c3458002,2026/06/11 19:17:15,3.268,20786,37305,HOME,Bihar,
,,,,,917301042183,917301042183,2409:40e4:1103:59d5:e0ce:3cff:fee1:f5f7,44112,,,2a04:4e42:59::820,443,Dynamic,18:57:58,19:27:58,2026/06/11,2026/06/11,866726066636401,405856151004844,2405:0200:5213:2A:3903:220:2:6,Jionet,4058560c3458002,4058560c3458002,2026/06/11 19:17:16,2.84,24301555,100711249,HOME,Bihar,
,,,,,917301042183,917301042183,2409:40e4:1103:59d5:e0ce:3cff:fee1:f5f7,44112,,,2a04:4e42:59::820,443,Dynamic,18:57:58,19:27:58,2026/06/11,2026/06/11,866726066636401,405856151004844,2405:0200:5213:2A:3903:220:2:6,Jionet,4058560c3458002,4058560c3458002,2026/06/11 19:17:16,2.84,20786,37305,HOME,Bihar,
,,,,,917301042183,917301042183,2409:40e4:1103:59d5:e0ce:3cff:fee1:f5f7,41262,,,2600:9000:2573:8e00:2:92cc:e0c0:93a1,443,Dynamic,18:57:58,19:27:58,2026/06/11,2026/06/11,866726066636401,405856151004844,2405:0200:5213:2A:3903:220:2:6,Jionet,4058560c3458002,4058560c3458002,2026/06/11 19:17:17,2.363,24301555,100711249,HOME,Bihar,
,,,,,917301042183,917301042183,2409:40e4:1103:59d5:e0ce:3cff:fee1:f5f7,41262,,,2600:9000:2573:8e00:2:92cc:e0c0:93a1,443,Dynamic,18:57:58,19:27:58,2026/06/11,2026/06/11,866726066636401,405856151004844,2405:0200:5213:2A:3903:220:2:6,Jionet,4058560c3458002,4058560c3458002,2026/06/11 19:17:17,2.363,20786,37305,HOME,Bihar,
,,,,,917301042183,917301042183,2409:40e4:1103:59d5:e0ce:3cff:fee1:f5f7,37352,,,2a03:2880:f346:3:face:b00c:0:4c63,443,Dynamic,18:57:58,19:27:58,2026/06/11,2026/06/11,866726066636401,405856151004844,2405:0200:5213:2A:3903:220:2:6,Jionet,4058560c3458002,4058560c3458002,2026/06/11 19:13:37,217.339,24301555,100711249,HOME,Bihar,
,,,,,917301042183,917301042183,2409:40e4:1103:59d5:e0ce:3cff:fee1:f5f7,37352,,,2a03:2880:f346:3:face:b00c:0:4c63,443,Dynamic,18:57:58,19:27:58,2026/06/11,2026/06/11,866726066636401,405856151004844,2405:0200:5213:2A:3903:220:2:6,Jionet,4058560c3458002,4058560c3458002,2026/06/11 19:13:37,217.339,20786,37305,HOME,Bihar,
,,,,,917301042183,917301042183,2409:40e4:1103:59d5:e0ce:3cff:fee1:f5f7,40030,,,2409:40e5:1137:341c:8000::,35455,Dynamic,18:57:58,19:27:58,2026/06/11,2026/06/11,866726066636401,405856151004844,2405:0200:5213:2A:3903:220:2:6,Jionet,4058560c3458002,4058560c3458002,2026/06/11 19:16:02,110.389,24301555,100711249,HOME,Bihar,
,,,,,917301042183,917301042183,2409:40e4:1103:59d5:e0ce:3cff:fee1:f5f7,40030,,,2409:40e5:1137:341c:8000::,35455,Dynamic,18:57:58,19:27:58,2026/06/11,2026/06/11,866726066636401,405856151004844,2405:0200:5213:2A:3903:220:2:6,Jionet,4058560c3458002,4058560c3458002,2026/06/11 19:16:02,110.389,20786,37305,HOME,Bihar,
,,,,,917301042183,917301042183,2409:40e4:1103:59d5:e0ce:3cff:fee1:f5f7,41994,,,2404:6800:4009:80b::2002,443,Dynamic,18:57:58,19:27:58,2026/06/11,2026/06/11,866726066636401,405856151004844,2405:0200:5213:2A:3903:220:2:6,Jionet,4058560c3458002,4058560c3458002,2026/06/11 19:17:32,11.503,24301555,100711249,HOME,Bihar,
,,,,,917301042183,917301042183,2409:40e4:1103:59d5:e0ce:3cff:fee1:f5f7,41994,,,2404:6800:4009:80b::2002,443,Dynamic,18:57:58,19:27:58,2026/06/11,2026/06/11,866726066636401,405856151004844,2405:0200:5213:2A:3903:220:2:6,Jionet,4058560c3458002,4058560c3458002,2026/06/11 19:17:32,11.503,20786,37305,HOME,Bihar,
,,,,,917301042183,917301042183,2409:40e4:1103:59d5:e0ce:3cff:fee1:f5f7,40030,,,2405:200:1633:2885:face:b00c:3333:4df0,3478,Dynamic,18:57:58,19:27:58,2026/06/11,2026/06/11,866726066636401,405856151004844,2405:0200:5213:2A:3903:220:2:6,Jionet,4058560c3458002,4058560c3458002,2026/06/11 19:15:52,117.288,24301555,100711249,HOME,Bihar,
,,,,,917301042183,917301042183,2409:40e4:1103:59d5:e0ce:3cff:fee1:f5f7,40030,,,2405:200:1633:2885:face:b00c:3333:4df0,3478,Dynamic,18:57:58,19:27:58,2026/06/11,2026/06/11,866726066636401,405856151004844,2405:0200:5213:2A:3903:220:2:6,Jionet,4058560c3458002,4058560c3458002,2026/06/11 19:15:52,117.288,20786,37305,HOME,Bihar,
,,,,,917301042183,917301042183,2409:40e4:1103:59d5:e0ce:3cff:fee1:f5f7,44476,,,2600:1901:0:8956::,443,Dynamic,18:57:58,19:27:58,2026/06/11,2026/06/11,866726066636401,405856151004844,2405:0200:5213:2A:3903:220:2:6,Jionet,4058560c3458002,4058560c3458002,2026/06/11 19:17:11,36.928,24301555,100711249,HOME,Bihar,
,,,,,917301042183,917301042183,2409:40e4:1103:59d5:e0ce:3cff:fee1:f5f7,44476,,,2600:1901:0:8956::,443,Dynamic,18:57:58,19:27:58,2026/06/11,2026/06/11,866726066636401,405856151004844,2405:0200:5213:2A:3903:220:2:6,Jionet,4058560c3458002,4058560c3458002,2026/06/11 19:17:11,36.928,20786,37305,HOME,Bihar,
,,,,,917301042183,917301042183,2409:40e4:1103:59d5:e0ce:3cff:fee1:f5f7,37174,,,2404:6800:4000:101d::9d,443,Dynamic,19:32:11,20:02:11,2026/06/11,2026/06/11,866726066636401,405856151004844,2405:0200:5213:2A:3903:220:2:6,Jionet,405856044a323,405856044a323,2026/06/11 19:47:04,11.441,123355877,133715544,HOME,Bihar,
,,,,,917301042183,917301042183,2409:40e4:1103:59d5:e0ce:3cff:fee1:f5f7,37174,,,2404:6800:4000:101d::9d,443,Dynamic,19:32:11,20:02:11,2026/06/11,2026/06/11,866726066636401,405856151004844,2405:0200:5213:2A:3903:220:2:6,Jionet,405856044a323,405856044a323,2026/06/11 19:47:04,11.441,24520,41344,HOME,Bihar,
,,,,,917301042183,917301042183,2409:40e4:1103:59d5:e0ce:3cff:fee1:f5f7,48204,,,2a03:2880:f311:8d:face:b00c:0:2,443,Dynamic,19:32:11,20:02:11,2026/06/11,2026/06/11,866726066636401,405856151004844,2405:0200:5213:2A:3903:220:2:6,Jionet,405856044a323,405856044a323,2026/06/11 19:45:02,108.771,123355877,133715544,HOME,Bihar,
,,,,,917301042183,917301042183,2409:40e4:1103:59d5:e0ce:3cff:fee1:f5f7,48204,,,2a03:2880:f311:8d:face:b00c:0:2,443,Dynamic,19:32:11,20:02:11,2026/06/11,2026/06/11,866726066636401,405856151004844,2405:0200:5213:2A:3903:220:2:6,Jionet,405856044a323,405856044a323,2026/06/11 19:45:02,108.771,24520,41344,HOME,Bihar,
,,,,,917301042183,917301042183,2409:40e4:1103:59d5:e0ce:3cff:fee1:f5f7,37352,,,2a03:2880:f346:3:face:b00c:0:4c63,443,Dynamic,19:32:11,20:02:11,2026/06/11,2026/06/11,866726066636401,405856151004844,2405:0200:5213:2A:3903:220:2:6,Jionet,405856044a323,405856044a323,2026/06/11 19:43:39,215.741,123355877,133715544,HOME,Bihar,
,,,,,917301042183,917301042183,2409:40e4:1103:59d5:e0ce:3cff:fee1:f5f7,37352,,,2a03:2880:f346:3:face:b00c:0:4c63,443,Dynamic,19:32:11,20:02:11,2026/06/11,2026/06/11,866726066636401,405856151004844,2405:0200:5213:2A:3903:220:2:6,Jionet,405856044a323,405856044a323,2026/06/11 19:43:39,215.741,24520,41344,HOME,Bihar,
,,,,,917301042183,917301042183,2409:40e4:1103:59d5:e0ce:3cff:fee1:f5f7,40878,,,2404:6800:4000:101d::9d,443,Dynamic,19:32:11,20:02:11,2026/06/11,2026/06/11,866726066636401,405856151004844,2405:0200:5213:2A:3903:220:2:6,Jionet,405856044a323,405856044a323,2026/06/11 19:46:48,11.421,123355877,133715544,HOME,Bihar,
,,,,,917301042183,917301042183,2409:40e4:1103:59d5:e0ce:3cff:fee1:f5f7,40878,,,2404:6800:4000:101d::9d,443,Dynamic,19:32:11,20:02:11,2026/06/11,2026/06/11,866726066636401,405856151004844,2405:0200:5213:2A:3903:220:2:6,Jionet,405856044a323,405856044a323,2026/06/11 19:46:48,11.421,24520,41344,HOME,Bihar,
,,,,,917301042183,917301042183,2409:40e4:1103:59d5:e0ce:3cff:fee1:f5f7,48216,,,2a03:2880:f311:8d:face:b00c:0:2,443,Dynamic,19:32:11,20:02:11,2026/06/11,2026/06/11,866726066636401,405856151004844,2405:0200:5213:2A:3903:220:2:6,Jionet,405856044a323,405856044a323,2026/06/11 19:45:02,97.24,123355877,133715544,HOME,Bihar,
,,,,,917301042183,917301042183,2409:40e4:1103:59d5:e0ce:3cff:fee1:f5f7,48216,,,2a03:2880:f311:8d:face:b00c:0:2,443,Dynamic,19:32:11,20:02:11,2026/06/11,2026/06/11,866726066636401,405856151004844,2405:0200:5213:2A:3903:220:2:6,Jionet,405856044a323,405856044a323,2026/06/11 19:45:02,97.24,24520,41344,HOME,Bihar,
,,,,,917301042183,917301042183,2409:40e4:1103:59d5:e0ce:3cff:fee1:f5f7,44054,,,2a03:2880:f346:c4:face:b00c:0:21ba,443,Dynamic,19:32:11,20:02:11,2026/06/11,2026/06/11,866726066636401,405856151004844,2405:0200:5213:2A:3903:220:2:6,Jionet,405856044a323,405856044a323,2026/06/11 19:46:16,67.988,123355877,133715544,HOME,Bihar,
,,,,,917301042183,917301042183,2409:40e4:1103:59d5:e0ce:3cff:fee1:f5f7,44054,,,2a03:2880:f346:c4:face:b00c:0:21ba,443,Dynamic,19:32:11,20:02:11,2026/06/11,2026/06/11,866726066636401,405856151004844,2405:0200:5213:2A:3903:220:2:6,Jionet,405856044a323,405856044a323,2026/06/11 19:46:16,67.988,24520,41344,HOME,Bihar,
,,,,,917301042183,917301042183,2409:40e4:1103:59d5:e0ce:3cff:fee1:f5f7,49538,,,2a03:2880:f311:90:face:b00c:0:8e,443,Dynamic,19:32:11,20:02:11,2026/06/11,2026/06/11,866726066636401,405856151004844,2405:0200:5213:2A:3903:220:2:6,Jionet,405856044a323,405856044a323,2026/06/11 19:46:16,10.608,123355877,133715544,HOME,Bihar,
,,,,,917301042183,917301042183,2409:40e4:1103:59d5:e0ce:3cff:fee1:f5f7,49538,,,2a03:2880:f311:90:face:b00c:0:8e,443,Dynamic,19:32:11,20:02:11,2026/06/11,2026/06/11,866726066636401,405856151004844,2405:0200:5213:2A:3903:220:2:6,Jionet,405856044a323,405856044a323,2026/06/11 19:46:16,10.608,24520,41344,HOME,Bihar,
,,,,,917301042183,917301042183,2409:40e4:1103:59d5:e0ce:3cff:fee1:f5f7,46389,,,2405:200:1630:ff95:face:b00c:3333:a3f,443,Dynamic,19:32:11,20:02:11,2026/06/11,2026/06/11,866726066636401,405856151004844,2405:0200:5213:2A:3903:220:2:6,Jionet,405856044a323,405856044a323,2026/06/11 19:46:17,68.884,123355877,133715544,HOME,Bihar,
,,,,,917301042183,917301042183,2409:40e4:1103:59d5:e0ce:3cff:fee1:f5f7,46389,,,2405:200:1630:ff95:face:b00c:3333:a3f,443,Dynamic,19:32:11,20:02:11,2026/06/11,2026/06/11,866726066636401,405856151004844,2405:0200:5213:2A:3903:220:2:6,Jionet,405856044a323,405856044a323,2026/06/11 19:46:17,68.884,24520,41344,HOME,Bihar,
,,,,,917301042183,917301042183,2409:40e4:1103:59d5:e0ce:3cff:fee1:f5f7,48740,,,2405:200:1630:a0a::312c:c30b,443,Dynamic,19:32:11,20:02:11,2026/06/11,2026/06/11,866726066636401,405856151004844,2405:0200:5213:2A:3903:220:2:6,Jionet,405856044a323,405856044a323,2026/06/11 19:46:16,10.76,123355877,133715544,HOME,Bihar,
,,,,,917301042183,917301042183,2409:40e4:1103:59d5:e0ce:3cff:fee1:f5f7,48740,,,2405:200:1630:a0a::312c:c30b,443,Dynamic,19:32:11,20:02:11,2026/06/11,2026/06/11,866726066636401,405856151004844,2405:0200:5213:2A:3903:220:2:6,Jionet,405856044a323,405856044a323,2026/06/11 19:46:16,10.76,24520,41344,HOME,Bihar,
,,,,,917301042183,917301042183,2409:40e4:1103:59d5:e0ce:3cff:fee1:f5f7,48342,,,2600:1901:0:8956::,443,Dynamic,19:32:11,20:02:11,2026/06/11,2026/06/11,866726066636401,405856151004844,2405:0200:5213:2A:3903:220:2:6,Jionet,405856044a323,405856044a323,2026/06/11 19:46:46,36.565,123355877,133715544,HOME,Bihar,
,,,,,917301042183,917301042183,2409:40e4:1103:59d5:e0ce:3cff:fee1:f5f7,48342,,,2600:1901:0:8956::,443,Dynamic,19:32:11,20:02:11,2026/06/11,2026/06/11,866726066636401,405856151004844,2405:0200:5213:2A:3903:220:2:6,Jionet,405856044a323,405856044a323,2026/06/11 19:46:46,36.565,24520,41344,HOME,Bihar,
,,,,,917301042183,917301042183,2409:40e4:1103:59d5:e0ce:3cff:fee1:f5f7,39662,,,2405:200:1630:b79:face:b00c:3333:a3f,443,Dynamic,19:32:11,20:02:11,2026/06/11,2026/06/11,866726066636401,405856151004844,2405:0200:5213:2A:3903:220:2:6,Jionet,405856044a323,405856044a323,2026/06/11 19:46:17,11.047,123355877,133715544,HOME,Bihar,
,,,,,917301042183,917301042183,2409:40e4:1103:59d5:e0ce:3cff:fee1:f5f7,39662,,,2405:200:1630:b79:face:b00c:3333:a3f,443,Dynamic,19:32:11,20:02:11,2026/06/11,2026/06/11,866726066636401,405856151004844,2405:0200:5213:2A:3903:220:2:6,Jionet,405856044a323,405856044a323,2026/06/11 19:46:17,11.047,24520,41344,HOME,Bihar,
,,,,,917301042183,917301042183,2409:40e4:1103:59d5:e0ce:3cff:fee1:f5f7,44836,,,2a03:2880:f346:3:face:b00c:0:4c63,443,Dynamic,19:32:11,20:02:11,2026/06/11,2026/06/11,866726066636401,405856151004844,2405:0200:5213:2A:3903:220:2:6,Jionet,405856044a323,405856044a323,2026/06/11 19:46:13,69.834,123355877,133715544,HOME,Bihar,
,,,,,917301042183,917301042183,2409:40e4:1103:59d5:e0ce:3cff:fee1:f5f7,44836,,,2a03:2880:f346:3:face:b00c:0:4c63,443,Dynamic,19:32:11,20:02:11,2026/06/11,2026/06/11,866726066636401,405856151004844,2405:0200:5213:2A:3903:220:2:6,Jionet,405856044a323,405856044a323,2026/06/11 19:46:13,69.834,24520,41344,HOME,Bihar,
,,,,,917301042183,917301042183,2409:40e4:1103:59d5:e0ce:3cff:fee1:f5f7,39932,,,2405:200:1630:ff95:face:b00c:3333:a3f,443,Dynamic,19:32:11,20:02:11,2026/06/11,2026/06/11,866726066636401,405856151004844,2405:0200:5213:2A:3903:220:2:6,Jionet,405856044a323,405856044a323,2026/06/11 19:46:17,11.047,123355877,133715544,HOME,Bihar,
,,,,,917301042183,917301042183,2409:40e4:1103:59d5:e0ce:3cff:fee1:f5f7,39932,,,2405:200:1630:ff95:face:b00c:3333:a3f,443,Dynamic,19:32:11,20:02:11,2026/06/11,2026/06/11,866726066636401,405856151004844,2405:0200:5213:2A:3903:220:2:6,Jionet,405856044a323,405856044a323,2026/06/11 19:46:17,11.047,24520,41344,HOME,Bihar,
,,,,,917301042183,917301042183,2409:40e4:1103:59d5:e0ce:3cff:fee1:f5f7,47542,,,2600:1901:0:7018::,443,Dynamic,19:32:11,20:02:11,2026/06/11,2026/06/11,866726066636401,405856151004844,2405:0200:5213:2A:3903:220:2:6,Jionet,405856044a323,405856044a323,2026/06/11 19:59:41,371.36,123355877,133715544,HOME,Bihar,
,,,,,917301042183,917301042183,2409:40e4:1103:59d5:e0ce:3cff:fee1:f5f7,47542,,,2600:1901:0:7018::,443,Dynamic,19:32:11,20:02:11,2026/06/11,2026/06/11,866726066636401,405856151004844,2405:0200:5213:2A:3903:220:2:6,Jionet,405856044a323,405856044a323,2026/06/11 19:59:41,371.36,24520,41344,HOME,Bihar,
,,,,,917301042183,917301042183,2409:40e4:1103:59d5:e0ce:3cff:fee1:f5f7,44836,,,2a03:2880:f346:3:face:b00c:0:4c63,443,Dynamic,19:32:11,20:02:11,2026/06/11,2026/06/11,866726066636401,405856151004844,2405:0200:5213:2A:3903:220:2:6,Jionet,405856044a323,405856044a323,2026/06/11 19:59:56,267.376,123355877,133715544,HOME,Bihar,
,,,,,917301042183,917301042183,2409:40e4:1103:59d5:e0ce:3cff:fee1:f5f7,44836,,,2a03:2880:f346:3:face:b00c:0:4c63,443,Dynamic,19:32:11,20:02:11,2026/06/11,2026/06/11,866726066636401,405856151004844,2405:0200:5213:2A:3903:220:2:6,Jionet,405856044a323,405856044a323,2026/06/11 19:59:56,267.376,24520,41344,HOME,Bihar,
,,,,,917301042183,917301042183,2409:40e4:1103:59d5:e0ce:3cff:fee1:f5f7,44836,,,2a03:2880:f346:3:face:b00c:0:4c63,443,Dynamic,19:32:11,20:02:11,2026/06/11,2026/06/11,866726066636401,405856151004844,2405:0200:5213:2A:3903:220:2:6,Jionet,405856044a323,405856044a323,2026/06/11 19:53:36,287.207,123355877,133715544,HOME,Bihar,
,,,,,917301042183,917301042183,2409:40e4:1103:59d5:e0ce:3cff:fee1:f5f7,44836,,,2a03:2880:f346:3:face:b00c:0:4c63,443,Dynamic,19:32:11,20:02:11,2026/06/11,2026/06/11,866726066636401,405856151004844,2405:0200:5213:2A:3903:220:2:6,Jionet,405856044a323,405856044a323,2026/06/11 19:53:36,287.207,24520,41344,HOME,Bihar,
,,,,,917301042183,917301042183,2409:40e4:1103:59d5:e0ce:3cff:fee1:f5f7,48258,,,2001:4860:4802:32::223,443,Dynamic,19:32:11,20:02:11,2026/06/11,2026/06/11,866726066636401,405856151004844,2405:0200:5213:2A:3903:220:2:6,Jionet,405856044a323,405856044a323,2026/06/11 19:57:42,95.0,123355877,133715544,HOME,Bihar,
,,,,,917301042183,917301042183,2409:40e4:1103:59d5:e0ce:3cff:fee1:f5f7,48258,,,2001:4860:4802:32::223,443,Dynamic,19:32:11,20:02:11,2026/06/11,2026/06/11,866726066636401,405856151004844,2405:0200:5213:2A:3903:220:2:6,Jionet,405856044a323,405856044a323,2026/06/11 19:57:42,95.0,24520,41344,HOME,Bihar,
,,,,,917301042183,917301042183,2409:40e4:1103:59d5:e0ce:3cff:fee1:f5f7,44180,,,2a03:2880:f288:1c6:face:b00c:0:177,3478,Dynamic,19:32:11,20:02:11,2026/06/11,2026/06/11,866726066636401,405856151004844,2405:0200:5213:2A:3903:220:2:6,Jionet,405856044a323,405856044a323,2026/06/11 19:56:41,108.36,123355877,133715544,HOME,Bihar,
,,,,,917301042183,917301042183,2409:40e4:1103:59d5:e0ce:3cff:fee1:f5f7,44180,,,2a03:2880:f288:1c6:face:b00c:0:177,3478,Dynamic,19:32:11,20:02:11,2026/06/11,2026/06/11,866726066636401,405856151004844,2405:0200:5213:2A:3903:220:2:6,Jionet,405856044a323,405856044a323,2026/06/11 19:56:41,108.36,24520,41344,HOME,Bihar,
,,,,,917301042183,917301042183,2409:40e4:1103:59d5:e0ce:3cff:fee1:f5f7,44603,,,2001:4860:4829:7700::,443,Dynamic,19:32:11,20:02:11,2026/06/11,2026/06/11,866726066636401,405856151004844,2405:0200:5213:2A:3903:220:2:6,Jionet,405856044a323,405856044a323,2026/06/11 19:57:21,111.619,123355877,133715544,HOME,Bihar,
,,,,,917301042183,917301042183,2409:40e4:1103:59d5:e0ce:3cff:fee1:f5f7,44603,,,2001:4860:4829:7700::,443,Dynamic,19:32:11,20:02:11,2026/06/11,2026/06/11,866726066636401,405856151004844,2405:0200:5213:2A:3903:220:2:6,Jionet,405856044a323,405856044a323,2026/06/11 19:57:21,111.619,24520,41344,HOME,Bihar,
,,,,,917301042183,917301042183,2409:40e4:1103:59d5:e0ce:3cff:fee1:f5f7,42190,,,2600:1901:0:8956::,443,Dynamic,19:32:11,20:02:11,2026/06/11,2026/06/11,866726066636401,405856151004844,2405:0200:5213:2A:3903:220:2:6,Jionet,405856044a323,405856044a323,2026/06/11 19:56:56,85.305,123355877,133715544,HOME,Bihar,
,,,,,917301042183,917301042183,2409:40e4:1103:59d5:e0ce:3cff:fee1:f5f7,42190,,,2600:1901:0:8956::,443,Dynamic,19:32:11,20:02:11,2026/06/11,2026/06/11,866726066636401,405856151004844,2405:0200:5213:2A:3903:220:2:6,Jionet,405856044a323,405856044a323,2026/06/11 19:56:56,85.305,24520,41344,HOME,Bihar,
,,,,,917301042183,917301042183,2409:40e4:1103:59d5:e0ce:3cff:fee1:f5f7,43548,,,2001:4860:4802:32::223,443,Dynamic,19:32:11,20:02:11,2026/06/11,2026/06/11,866726066636401,405856151004844,2405:0200:5213:2A:3903:220:2:6,Jionet,405856044a323,405856044a323,2026/06/11 19:57:42,83.557,123355877,133715544,HOME,Bihar,
,,,,,917301042183,917301042183,2409:40e4:1103:59d5:e0ce:3cff:fee1:f5f7,43548,,,2001:4860:4802:32::223,443,Dynamic,19:32:11,20:02:11,2026/06/11,2026/06/11,866726066636401,405856151004844,2405:0200:5213:2A:3903:220:2:6,Jionet,405856044a323,405856044a323,2026/06/11 19:57:42,83.557,24520,41344,HOME,Bihar,
,,,,,917301042183,917301042183,2409:40e4:1103:59d5:e0ce:3cff:fee1:f5f7,43677,,,2a03:2880:f311:c0:face:b00c:0:43fe,443,Dynamic,19:32:11,20:02:11,2026/06/11,2026/06/11,866726066636401,405856151004844,2405:0200:5213:2A:3903:220:2:6,Jionet,405856044a323,405856044a323,2026/06/11 19:57:10,83.037,123355877,133715544,HOME,Bihar,
,,,,,917301042183,917301042183,2409:40e4:1103:59d5:e0ce:3cff:fee1:f5f7,43677,,,2a03:2880:f311:c0:face:b00c:0:43fe,443,Dynamic,19:32:11,20:02:11,2026/06/11,2026/06/11,866726066636401,405856151004844,2405:0200:5213:2A:3903:220:2:6,Jionet,405856044a323,405856044a323,2026/06/11 19:57:10,83.037,24520,41344,HOME,Bihar,
,,,,,917301042183,917301042183,2409:40e4:1103:59d5:e0ce:3cff:fee1:f5f7,49317,,,2a03:2880:f311:c0:face:b00c:0:43fe,443,Dynamic,19:32:11,20:02:11,2026/06/11,2026/06/11,866726066636401,405856151004844,2405:0200:5213:2A:3903:220:2:6,Jionet,405856044a323,405856044a323,2026/06/11 19:57:10,114.417,123355877,133715544,HOME,Bihar,
,,,,,917301042183,917301042183,2409:40e4:1103:59d5:e0ce:3cff:fee1:f5f7,49317,,,2a03:2880:f311:c0:face:b00c:0:43fe,443,Dynamic,19:32:11,20:02:11,2026/06/11,2026/06/11,866726066636401,405856151004844,2405:0200:5213:2A:3903:220:2:6,Jionet,405856044a323,405856044a323,2026/06/11 19:57:10,114.417,24520,41344,HOME,Bihar,
,,,,,917301042183,917301042183,2409:40e4:1103:59d5:e0ce:3cff:fee1:f5f7,45601,,,2a03:2880:f379:c0:face:b00c:0:43fe,443,Dynamic,19:32:11,20:02:11,2026/06/11,2026/06/11,866726066636401,405856151004844,2405:0200:5213:2A:3903:220:2:6,Jionet,405856044a323,405856044a323,2026/06/11 19:57:10,86.981,123355877,133715544,HOME,Bihar,
,,,,,917301042183,917301042183,2409:40e4:1103:59d5:e0ce:3cff:fee1:f5f7,45601,,,2a03:2880:f379:c0:face:b00c:0:43fe,443,Dynamic,19:32:11,20:02:11,2026/06/11,2026/06/11,866726066636401,405856151004844,2405:0200:5213:2A:3903:220:2:6,Jionet,405856044a323,405856044a323,2026/06/11 19:57:10,86.981,24520,41344,HOME,Bihar,
,,,,,917301042183,917301042183,2409:40e4:1103:59d5:e0ce:3cff:fee1:f5f7,44552,,,2a03:2880:f36a:136:face:b00c:0:b1,3478,Dynamic,19:32:11,20:02:11,2026/06/11,2026/06/11,866726066636401,405856151004844,2405:0200:5213:2A:3903:220:2:6,Jionet,405856044a323,405856044a323,2026/06/11 19:56:57,125.612,123355877,133715544,HOME,Bihar,
,,,,,917301042183,917301042183,2409:40e4:1103:59d5:e0ce:3cff:fee1:f5f7,44552,,,2a03:2880:f36a:136:face:b00c:0:b1,3478,Dynamic,19:32:11,20:02:11,2026/06/11,2026/06/11,866726066636401,405856151004844,2405:0200:5213:2A:3903:220:2:6,Jionet,405856044a323,405856044a323,2026/06/11 19:56:57,125.612,24520,41344,HOME,Bihar,
,,,,,917301042183,917301042183,2409:40e4:1103:59d5:e0ce:3cff:fee1:f5f7,44180,,,2a03:2880:f335:136:face:b00c:0:b1,3478,Dynamic,19:32:11,20:02:11,2026/06/11,2026/06/11,866726066636401,405856151004844,2405:0200:5213:2A:3903:220:2:6,Jionet,405856044a323,405856044a323,2026/06/11 19:56:41,90.468,123355877,133715544,HOME,Bihar,
,,,,,917301042183,917301042183,2409:40e4:1103:59d5:e0ce:3cff:fee1:f5f7,44180,,,2a03:2880:f335:136:face:b00c:0:b1,3478,Dynamic,19:32:11,20:02:11,2026/06/11,2026/06/11,866726066636401,405856151004844,2405:0200:5213:2A:3903:220:2:6,Jionet,405856044a323,405856044a323,2026/06/11 19:56:41,90.468,24520,41344,HOME,Bihar,
,,,,,917301042183,917301042183,2409:40e4:1103:59d5:e0ce:3cff:fee1:f5f7,45535,,,2a03:2880:f311:c4:face:b00c:0:21ba,443,Dynamic,19:32:11,20:02:11,2026/06/11,2026/06/11,866726066636401,405856151004844,2405:0200:5213:2A:3903:220:2:6,Jionet,405856044a323,405856044a323,2026/06/11 19:57:10,108.785,123355877,133715544,HOME,Bihar,
,,,,,917301042183,917301042183,2409:40e4:1103:59d5:e0ce:3cff:fee1:f5f7,45535,,,2a03:2880:f311:c4:face:b00c:0:21ba,443,Dynamic,19:32:11,20:02:11,2026/06/11,2026/06/11,866726066636401,405856151004844,2405:0200:5213:2A:3903:220:2:6,Jionet,405856044a323,405856044a323,2026/06/11 19:57:10,108.785,24520,41344,HOME,Bihar,
,,,,,917301042183,917301042183,2409:40e4:1103:59d5:e0ce:3cff:fee1:f5f7,47458,,,2404:6800:4003:c20::bc,5228,Dynamic,19:32:11,20:02:11,2026/06/11,2026/06/11,866726066636401,405856151004844,2405:0200:5213:2A:3903:220:2:6,Jionet,405856044a323,405856044a323,2026/06/11 19:55:17,178.399,123355877,133715544,HOME,Bihar,
,,,,,917301042183,917301042183,2409:40e4:1103:59d5:e0ce:3cff:fee1:f5f7,47458,,,2404:6800:4003:c20::bc,5228,Dynamic,19:32:11,20:02:11,2026/06/11,2026/06/11,866726066636401,405856151004844,2405:0200:5213:2A:3903:220:2:6,Jionet,405856044a323,405856044a323,2026/06/11 19:55:17,178.399,24520,41344,HOME,Bihar,
,,,,,917301042183,917301042183,2409:40e4:1103:59d5:e0ce:3cff:fee1:f5f7,40038,,,2a03:2880:f311:c0:face:b00c:0:43fe,443,Dynamic,19:32:11,20:02:11,2026/06/11,2026/06/11,866726066636401,405856151004844,2405:0200:5213:2A:3903:220:2:6,Jionet,405856044a323,405856044a323,2026/06/11 19:57:10,113.869,123355877,133715544,HOME,Bihar,
,,,,,917301042183,917301042183,2409:40e4:1103:59d5:e0ce:3cff:fee1:f5f7,40038,,,2a03:2880:f311:c0:face:b00c:0:43fe,443,Dynamic,19:32:11,20:02:11,2026/06/11,2026/06/11,866726066636401,405856151004844,2405:0200:5213:2A:3903:220:2:6,Jionet,405856044a323,405856044a323,2026/06/11 19:57:10,113.869,24520,41344,HOME,Bihar,
,,,,,917301042183,917301042183,2409:40e4:1103:59d5:e0ce:3cff:fee1:f5f7,42752,,,2401:4900:b57b:ff6:e4e5:abff:fe8d:2879,59163,Dynamic,19:32:11,20:02:11,2026/06/11,2026/06/11,866726066636401,405856151004844,2405:0200:5213:2A:3903:220:2:6,Jionet,405856044a323,405856044a323,2026/06/11 19:55:59,139.641,123355877,133715544,HOME,Bihar,
,,,,,917301042183,917301042183,2409:40e4:1103:59d5:e0ce:3cff:fee1:f5f7,42752,,,2401:4900:b57b:ff6:e4e5:abff:fe8d:2879,59163,Dynamic,19:32:11,20:02:11,2026/06/11,2026/06/11,866726066636401,405856151004844,2405:0200:5213:2A:3903:220:2:6,Jionet,405856044a323,405856044a323,2026/06/11 19:55:59,139.641,24520,41344,HOME,Bihar,
,,,,,917301042183,917301042183,2409:40e4:1103:59d5:e0ce:3cff:fee1:f5f7,44251,,,2a03:2880:f311:8d:face:b00c:0:2,443,Dynamic,19:32:11,20:02:11,2026/06/11,2026/06/11,866726066636401,405856151004844,2405:0200:5213:2A:3903:220:2:6,Jionet,405856044a323,405856044a323,2026/06/11 19:57:10,99.463,123355877,133715544,HOME,Bihar,
,,,,,917301042183,917301042183,2409:40e4:1103:59d5:e0ce:3cff:fee1:f5f7,44251,,,2a03:2880:f311:8d:face:b00c:0:2,443,Dynamic,19:32:11,20:02:11,2026/06/11,2026/06/11,866726066636401,405856151004844,2405:0200:5213:2A:3903:220:2:6,Jionet,405856044a323,405856044a323,2026/06/11 19:57:10,99.463,24520,41344,HOME,Bihar,
,,,,,917301042183,917301042183,2409:40e4:1103:59d5:e0ce:3cff:fee1:f5f7,48100,,,2401:4900:b4d7:6ae2:6057:22e2:39f5:ee15,60225,Dynamic,19:32:11,20:02:11,2026/06/11,2026/06/11,866726066636401,405856151004844,2405:0200:5213:2A:3903:220:2:6,Jionet,405856044a323,405856044a323,2026/06/11 19:56:47,90.153,123355877,133715544,HOME,Bihar,
,,,,,917301042183,917301042183,2409:40e4:1103:59d5:e0ce:3cff:fee1:f5f7,48100,,,2401:4900:b4d7:6ae2:6057:22e2:39f5:ee15,60225,Dynamic,19:32:11,20:02:11,2026/06/11,2026/06/11,866726066636401,405856151004844,2405:0200:5213:2A:3903:220:2:6,Jionet,405856044a323,405856044a323,2026/06/11 19:56:47,90.153,24520,41344,HOME,Bihar,
,,,,,917301042183,917301042183,2409:40e4:1103:59d5:e0ce:3cff:fee1:f5f7,44552,,,2a03:2880:f379:136:face:b00c:0:b1,3478,Dynamic,19:32:11,20:02:11,2026/06/11,2026/06/11,866726066636401,405856151004844,2405:0200:5213:2A:3903:220:2:6,Jionet,405856044a323,405856044a323,2026/06/11 19:56:57,115.606,123355877,133715544,HOME,Bihar,
,,,,,917301042183,917301042183,2409:40e4:1103:59d5:e0ce:3cff:fee1:f5f7,44552,,,2a03:2880:f379:136:face:b00c:0:b1,3478,Dynamic,19:32:11,20:02:11,2026/06/11,2026/06/11,866726066636401,405856151004844,2405:0200:5213:2A:3903:220:2:6,Jionet,405856044a323,405856044a323,2026/06/11 19:56:57,115.606,24520,41344,HOME,Bihar,
,,,,,917301042183,917301042183,2409:40e4:1103:59d5:e0ce:3cff:fee1:f5f7,44552,,,2a03:2880:f322:136:face:b00c:0:b1,3478,Dynamic,19:32:11,20:02:11,2026/06/11,2026/06/11,866726066636401,405856151004844,2405:0200:5213:2A:3903:220:2:6,Jionet,405856044a323,405856044a323,2026/06/11 19:56:57,74.165,123355877,133715544,HOME,Bihar,
,,,,,917301042183,917301042183,2409:40e4:1103:59d5:e0ce:3cff:fee1:f5f7,44552,,,2a03:2880:f322:136:face:b00c:0:b1,3478,Dynamic,19:32:11,20:02:11,2026/06/11,2026/06/11,866726066636401,405856151004844,2405:0200:5213:2A:3903:220:2:6,Jionet,405856044a323,405856044a323,2026/06/11 19:56:57,74.165,24520,41344,HOME,Bihar,
,,,,,917301042183,917301042183,2409:40e4:1103:59d5:e0ce:3cff:fee1:f5f7,42040,,,2404:6800:4009:801::200e,443,Dynamic,19:32:11,20:02:11,2026/06/11,2026/06/11,866726066636401,405856151004844,2405:0200:5213:2A:3903:220:2:6,Jionet,405856044a323,405856044a323,2026/06/11 19:57:04,110.155,123355877,133715544,HOME,Bihar,
,,,,,917301042183,917301042183,2409:40e4:1103:59d5:e0ce:3cff:fee1:f5f7,42040,,,2404:6800:4009:801::200e,443,Dynamic,19:32:11,20:02:11,2026/06/11,2026/06/11,866726066636401,405856151004844,2405:0200:5213:2A:3903:220:2:6,Jionet,405856044a323,405856044a323,2026/06/11 19:57:04,110.155,24520,41344,HOME,Bihar,
,,,,,917301042183,917301042183,2409:40e4:1103:59d5:e0ce:3cff:fee1:f5f7,46832,,,2001:4860:4802:34::223,443,Dynamic,19:32:11,20:02:11,2026/06/11,2026/06/11,866726066636401,405856151004844,2405:0200:5213:2A:3903:220:2:6,Jionet,405856044a323,405856044a323,2026/06/11 19:57:09,96.537,123355877,133715544,HOME,Bihar,
,,,,,917301042183,917301042183,2409:40e4:1103:59d5:e0ce:3cff:fee1:f5f7,46832,,,2001:4860:4802:34::223,443,Dynamic,19:32:11,20:02:11,2026/06/11,2026/06/11,866726066636401,405856151004844,2405:0200:5213:2A:3903:220:2:6,Jionet,405856044a323,405856044a323,2026/06/11 19:57:09,96.537,24520,41344,HOME,Bihar,
,,,,,917301042183,917301042183,2409:40e4:1103:59d5:e0ce:3cff:fee1:f5f7,44180,,,2a03:2880:f322:136:face:b00c:0:b1,3478,Dynamic,19:32:11,20:02:11,2026/06/11,2026/06/11,866726066636401,405856151004844,2405:0200:5213:2A:3903:220:2:6,Jionet,405856044a323,405856044a323,2026/06/11 19:56:41,118.368,123355877,133715544,HOME,Bihar,
,,,,,917301042183,917301042183,2409:40e4:1103:59d5:e0ce:3cff:fee1:f5f7,44180,,,2a03:2880:f322:136:face:b00c:0:b1,3478,Dynamic,19:32:11,20:02:11,2026/06/11,2026/06/11,866726066636401,405856151004844,2405:0200:5213:2A:3903:220:2:6,Jionet,405856044a323,405856044a323,2026/06/11 19:56:41,118.368,24520,41344,HOME,Bihar,
,,,,,917301042183,917301042183,2409:40e4:1103:59d5:e0ce:3cff:fee1:f5f7,48256,,,2001:4860:4802:32::223,443,Dynamic,19:32:11,20:02:11,2026/06/11,2026/06/11,866726066636401,405856151004844,2405:0200:5213:2A:3903:220:2:6,Jionet,405856044a323,405856044a323,2026/06/11 19:57:42,114.177,123355877,133715544,HOME,Bihar,
,,,,,917301042183,917301042183,2409:40e4:1103:59d5:e0ce:3cff:fee1:f5f7,48256,,,2001:4860:4802:32::223,443,Dynamic,19:32:11,20:02:11,2026/06/11,2026/06/11,866726066636401,405856151004844,2405:0200:5213:2A:3903:220:2:6,Jionet,405856044a323,405856044a323,2026/06/11 19:57:42,114.177,24520,41344,HOME,Bihar,
,,,,,917301042183,917301042183,2409:40e4:1103:59d5:e0ce:3cff:fee1:f5f7,45418,,,2600:9000:2738:b400:19:14ed:c7c0:93a1,443,Dynamic,18:57:58,19:27:58,2026/06/11,2026/06/11,866726066636401,405856151004844,2405:0200:5213:2A:3903:220:2:6,Jionet,4058560c3458002,4058560c3458002,2026/06/11 19:11:53,37.436,24301555,100711249,HOME,Bihar,
,,,,,917301042183,917301042183,2409:40e4:1103:59d5:e0ce:3cff:fee1:f5f7,45418,,,2600:9000:2738:b400:19:14ed:c7c0:93a1,443,Dynamic,18:57:58,19:27:58,2026/06/11,2026/06/11,866726066636401,405856151004844,2405:0200:5213:2A:3903:220:2:6,Jionet,4058560c3458002,4058560c3458002,2026/06/11 19:11:53,37.436,20786,37305,HOME,Bihar,
,,,,,917301042183,917301042183,2409:40e4:1103:59d5:e0ce:3cff:fee1:f5f7,47458,,,2404:6800:4003:c20::bc,5228,Dynamic,18:57:58,19:27:58,2026/06/11,2026/06/11,866726066636401,405856151004844,2405:0200:5213:2A:3903:220:2:6,Jionet,4058560c3458002,4058560c3458002,2026/06/11 19:11:53,82.643,24301555,100711249,HOME,Bihar,
,,,,,917301042183,917301042183,2409:40e4:1103:59d5:e0ce:3cff:fee1:f5f7,47458,,,2404:6800:4003:c20::bc,5228,Dynamic,18:57:58,19:27:58,2026/06/11,2026/06/11,866726066636401,405856151004844,2405:0200:5213:2A:3903:220:2:6,Jionet,4058560c3458002,4058560c3458002,2026/06/11 19:11:53,82.643,20786,37305,HOME,Bihar,
,,,,,917301042183,917301042183,2409:40e4:1103:59d5:e0ce:3cff:fee1:f5f7,46442,,,2600:9000:2738:8000:3:145:eb40:93a1,443,Dynamic,18:57:58,19:27:58,2026/06/11,2026/06/11,866726066636401,405856151004844,2405:0200:5213:2A:3903:220:2:6,Jionet,4058560c3458002,4058560c3458002,2026/06/11 19:11:53,37.396,24301555,100711249,HOME,Bihar,
,,,,,917301042183,917301042183,2409:40e4:1103:59d5:e0ce:3cff:fee1:f5f7,46442,,,2600:9000:2738:8000:3:145:eb40:93a1,443,Dynamic,18:57:58,19:27:58,2026/06/11,2026/06/11,866726066636401,405856151004844,2405:0200:5213:2A:3903:220:2:6,Jionet,4058560c3458002,4058560c3458002,2026/06/11 19:11:53,37.396,20786,37305,HOME,Bihar,
,,,,,917301042183,917301042183,2409:40e4:1103:59d5:e0ce:3cff:fee1:f5f7,37352,,,2a03:2880:f346:3:face:b00c:0:4c63,443,Dynamic,18:57:58,19:27:58,2026/06/11,2026/06/11,866726066636401,405856151004844,2405:0200:5213:2A:3903:220:2:6,Jionet,4058560c3458002,4058560c3458002,2026/06/11 19:09:34,220.301,24301555,100711249,HOME,Bihar,
,,,,,917301042183,917301042183,2409:40e4:1103:59d5:e0ce:3cff:fee1:f5f7,37352,,,2a03:2880:f346:3:face:b00c:0:4c63,443,Dynamic,18:57:58,19:27:58,2026/06/11,2026/06/11,866726066636401,405856151004844,2405:0200:5213:2A:3903:220:2:6,Jionet,4058560c3458002,4058560c3458002,2026/06/11 19:09:34,220.301,20786,37305,HOME,Bihar,
,,,,,917301042183,917301042183,2409:40e4:1103:59d5:e0ce:3cff:fee1:f5f7,44836,,,2a03:2880:f346:3:face:b00c:0:4c63,443,Dynamic,18:57:58,19:27:58,2026/06/11,2026/06/11,866726066636401,405856151004844,2405:0200:5213:2A:3903:220:2:6,Jionet,4058560c3458002,4058560c3458002,2026/06/11 19:12:03,80.331,24301555,100711249,HOME,Bihar,
,,,,,917301042183,917301042183,2409:40e4:1103:59d5:e0ce:3cff:fee1:f5f7,44836,,,2a03:2880:f346:3:face:b00c:0:4c63,443,Dynamic,18:57:58,19:27:58,2026/06/11,2026/06/11,866726066636401,405856151004844,2405:0200:5213:2A:3903:220:2:6,Jionet,4058560c3458002,4058560c3458002,2026/06/11 19:12:03,80.331,20786,37305,HOME,Bihar,
,,,,,917301042183,917301042183,2409:40e4:1103:59d5:e0ce:3cff:fee1:f5f7,39888,,,2a03:2880:f26b:1d2:face:b00c:0:167,443,Dynamic,18:57:58,19:27:58,2026/06/11,2026/06/11,866726066636401,405856151004844,2405:0200:5213:2A:3903:220:2:6,Jionet,4058560c3458002,4058560c3458002,2026/06/11 19:10:01,164.572,24301555,100711249,HOME,Bihar,
,,,,,917301042183,917301042183,2409:40e4:1103:59d5:e0ce:3cff:fee1:f5f7,39888,,,2a03:2880:f26b:1d2:face:b00c:0:167,443,Dynamic,18:57:58,19:27:58,2026/06/11,2026/06/11,866726066636401,405856151004844,2405:0200:5213:2A:3903:220:2:6,Jionet,4058560c3458002,4058560c3458002,2026/06/11 19:10:01,164.572,20786,37305,HOME,Bihar,
,,,,,917301042183,917301042183,2409:40e4:1103:59d5:e0ce:3cff:fee1:f5f7,40202,,,2001:4860:4802:36::9e,443,Dynamic,18:57:58,19:27:58,2026/06/11,2026/06/11,866726066636401,405856151004844,2405:0200:5213:2A:3903:220:2:6,Jionet,4058560c3458002,4058560c3458002,2026/06/11 19:12:43,11.151,24301555,100711249,HOME,Bihar,
,,,,,917301042183,917301042183,2409:40e4:1103:59d5:e0ce:3cff:fee1:f5f7,40202,,,2001:4860:4802:36::9e,443,Dynamic,18:57:58,19:27:58,2026/06/11,2026/06/11,866726066636401,405856151004844,2405:0200:5213:2A:3903:220:2:6,Jionet,4058560c3458002,4058560c3458002,2026/06/11 19:12:43,11.151,20786,37305,HOME,Bihar,
,,,,,917301042183,917301042183,2409:40e4:1103:59d5:e0ce:3cff:fee1:f5f7,49248,,,2404:6800:4009:802::201b,443,Dynamic,18:57:58,19:27:58,2026/06/11,2026/06/11,866726066636401,405856151004844,2405:0200:5213:2A:3903:220:2:6,Jionet,4058560c3458002,4058560c3458002,2026/06/11 19:13:28,11.603,24301555,100711249,HOME,Bihar,
,,,,,917301042183,917301042183,2409:40e4:1103:59d5:e0ce:3cff:fee1:f5f7,49248,,,2404:6800:4009:802::201b,443,Dynamic,18:57:58,19:27:58,2026/06/11,2026/06/11,866726066636401,405856151004844,2405:0200:5213:2A:3903:220:2:6,Jionet,4058560c3458002,4058560c3458002,2026/06/11 19:13:28,11.603,20786,37305,HOME,Bihar,
,,,,,917301042183,917301042183,2409:40e4:1103:59d5:e0ce:3cff:fee1:f5f7,49242,,,2404:6800:4009:802::201b,443,Dynamic,18:57:58,19:27:58,2026/06/11,2026/06/11,866726066636401,405856151004844,2405:0200:5213:2A:3903:220:2:6,Jionet,4058560c3458002,4058560c3458002,2026/06/11 19:13:28,12.108,24301555,100711249,HOME,Bihar,
,,,,,917301042183,917301042183,2409:40e4:1103:59d5:e0ce:3cff:fee1:f5f7,49242,,,2404:6800:4009:802::201b,443,Dynamic,18:57:58,19:27:58,2026/06/11,2026/06/11,866726066636401,405856151004844,2405:0200:5213:2A:3903:220:2:6,Jionet,4058560c3458002,4058560c3458002,2026/06/11 19:13:28,12.108,20786,37305,HOME,Bihar,
,,,,,917301042183,917301042183,2409:40e4:1103:59d5:e0ce:3cff:fee1:f5f7,48216,,,2a03:2880:f311:8d:face:b00c:0:2,443,Dynamic,19:32:11,20:02:11,2026/06/11,2026/06/11,866726066636401,405856151004844,2405:0200:5213:2A:3903:220:2:6,Jionet,405856044a323,405856044a323,2026/06/11 19:40:01,157.92,123355877,133715544,HOME,Bihar,
,,,,,917301042183,917301042183,2409:40e4:1103:59d5:e0ce:3cff:fee1:f5f7,48216,,,2a03:2880:f311:8d:face:b00c:0:2,443,Dynamic,19:32:11,20:02:11,2026/06/11,2026/06/11,866726066636401,405856151004844,2405:0200:5213:2A:3903:220:2:6,Jionet,405856044a323,405856044a323,2026/06/11 19:40:01,157.92,24520,41344,HOME,Bihar,
,,,,,917301042183,917301042183,2409:40e4:1103:59d5:e0ce:3cff:fee1:f5f7,47174,,,2001:4860:4802:38::223,443,Dynamic,19:32:11,20:02:11,2026/06/11,2026/06/11,866726066636401,405856151004844,2405:0200:5213:2A:3903:220:2:6,Jionet,405856044a323,405856044a323,2026/06/11 19:43:06,11.404,123355877,133715544,HOME,Bihar,
,,,,,917301042183,917301042183,2409:40e4:1103:59d5:e0ce:3cff:fee1:f5f7,47174,,,2001:4860:4802:38::223,443,Dynamic,19:32:11,20:02:11,2026/06/11,2026/06/11,866726066636401,405856151004844,2405:0200:5213:2A:3903:220:2:6,Jionet,405856044a323,405856044a323,2026/06/11 19:43:06,11.404,24520,41344,HOME,Bihar,
,,,,,917301042183,917301042183,2409:40e4:1103:59d5:e0ce:3cff:fee1:f5f7,48204,,,2a03:2880:f311:8d:face:b00c:0:2,443,Dynamic,19:32:11,20:02:11,2026/06/11,2026/06/11,866726066636401,405856151004844,2405:0200:5213:2A:3903:220:2:6,Jionet,405856044a323,405856044a323,2026/06/11 19:40:01,169.451,123355877,133715544,HOME,Bihar,
,,,,,917301042183,917301042183,2409:40e4:1103:59d5:e0ce:3cff:fee1:f5f7,48204,,,2a03:2880:f311:8d:face:b00c:0:2,443,Dynamic,19:32:11,20:02:11,2026/06/11,2026/06/11,866726066636401,405856151004844,2405:0200:5213:2A:3903:220:2:6,Jionet,405856044a323,405856044a323,2026/06/11 19:40:01,169.451,24520,41344,HOME,Bihar,
,,,,,917301042183,917301042183,2409:40e4:1103:59d5:e0ce:3cff:fee1:f5f7,47158,,,2001:4860:4802:38::223,443,Dynamic,19:32:11,20:02:11,2026/06/11,2026/06/11,866726066636401,405856151004844,2405:0200:5213:2A:3903:220:2:6,Jionet,405856044a323,405856044a323,2026/06/11 19:43:06,11.44,123355877,133715544,HOME,Bihar,
,,,,,917301042183,917301042183,2409:40e4:1103:59d5:e0ce:3cff:fee1:f5f7,47158,,,2001:4860:4802:38::223,443,Dynamic,19:32:11,20:02:11,2026/06/11,2026/06/11,866726066636401,405856151004844,2405:0200:5213:2A:3903:220:2:6,Jionet,405856044a323,405856044a323,2026/06/11 19:43:06,11.44,24520,41344,HOME,Bihar,
,,,,,917301042183,917301042183,2409:40e4:1103:59d5:e0ce:3cff:fee1:f5f7,41510,,,2001:4860:4802:36::223,443,Dynamic,19:32:11,20:02:11,2026/06/11,2026/06/11,866726066636401,405856151004844,2405:0200:5213:2A:3903:220:2:6,Jionet,405856044a323,405856044a323,2026/06/11 19:43:06,11.42,123355877,133715544,HOME,Bihar,
,,,,,917301042183,917301042183,2409:40e4:1103:59d5:e0ce:3cff:fee1:f5f7,41510,,,2001:4860:4802:36::223,443,Dynamic,19:32:11,20:02:11,2026/06/11,2026/06/11,866726066636401,405856151004844,2405:0200:5213:2A:3903:220:2:6,Jionet,405856044a323,405856044a323,2026/06/11 19:43:06,11.42,24520,41344,HOME,Bihar,
,,,,,917301042183,917301042183,2409:40e4:1103:59d5:e0ce:3cff:fee1:f5f7,37352,,,2a03:2880:f346:3:face:b00c:0:4c63,443,Dynamic,19:32:11,20:02:11,2026/06/11,2026/06/11,866726066636401,405856151004844,2405:0200:5213:2A:3903:220:2:6,Jionet,405856044a323,405856044a323,2026/06/11 19:40:39,155.899,123355877,133715544,HOME,Bihar,
,,,,,917301042183,917301042183,2409:40e4:1103:59d5:e0ce:3cff:fee1:f5f7,37352,,,2a03:2880:f346:3:face:b00c:0:4c63,443,Dynamic,19:32:11,20:02:11,2026/06/11,2026/06/11,866726066636401,405856151004844,2405:0200:5213:2A:3903:220:2:6,Jionet,405856044a323,405856044a323,2026/06/11 19:40:39,155.899,24520,41344,HOME,Bihar,
,,,,,917301042183,917301042183,2409:40e4:1103:59d5:e0ce:3cff:fee1:f5f7,40728,,,2a03:2880:f311:8d:face:b00c:0:2,443,Dynamic,18:57:58,19:27:58,2026/06/11,2026/06/11,866726066636401,405856151004844,2405:0200:5213:2A:3903:220:2:6,Jionet,4058560c3458002,4058560c3458002,2026/06/11 19:21:39,11.537,24301555,100711249,HOME,Bihar,
,,,,,917301042183,917301042183,2409:40e4:1103:59d5:e0ce:3cff:fee1:f5f7,40728,,,2a03:2880:f311:8d:face:b00c:0:2,443,Dynamic,18:57:58,19:27:58,2026/06/11,2026/06/11,866726066636401,405856151004844,2405:0200:5213:2A:3903:220:2:6,Jionet,4058560c3458002,4058560c3458002,2026/06/11 19:21:39,11.537,20786,37305,HOME,Bihar,
,,,,,917301042183,917301042183,2409:40e4:1103:59d5:e0ce:3cff:fee1:f5f7,40696,,,2001:4860:4802:36::223,443,Dynamic,18:57:58,19:27:58,2026/06/11,2026/06/11,866726066636401,405856151004844,2405:0200:5213:2A:3903:220:2:6,Jionet,4058560c3458002,4058560c3458002,2026/06/11 19:20:23,87.257,24301555,100711249,HOME,Bihar,
,,,,,917301042183,917301042183,2409:40e4:1103:59d5:e0ce:3cff:fee1:f5f7,40696,,,2001:4860:4802:36::223,443,Dynamic,18:57:58,19:27:58,2026/06/11,2026/06/11,866726066636401,405856151004844,2405:0200:5213:2A:3903:220:2:6,Jionet,4058560c3458002,4058560c3458002,2026/06/11 19:20:23,87.257,20786,37305,HOME,Bihar,
,,,,,917301042183,917301042183,2409:40e4:1103:59d5:e0ce:3cff:fee1:f5f7,49020,,,2a03:2880:f26b:1d2:face:b00c:0:167,443,Dynamic,18:57:58,19:27:58,2026/06/11,2026/06/11,866726066636401,405856151004844,2405:0200:5213:2A:3903:220:2:6,Jionet,4058560c3458002,4058560c3458002,2026/06/11 19:17:54,130.792,24301555,100711249,HOME,Bihar,
,,,,,917301042183,917301042183,2409:40e4:1103:59d5:e0ce:3cff:fee1:f5f7,49020,,,2a03:2880:f26b:1d2:face:b00c:0:167,443,Dynamic,18:57:58,19:27:58,2026/06/11,2026/06/11,866726066636401,405856151004844,2405:0200:5213:2A:3903:220:2:6,Jionet,4058560c3458002,4058560c3458002,2026/06/11 19:17:54,130.792,20786,37305,HOME,Bihar,
,,,,,917301042183,917301042183,2409:40e4:1103:59d5:e0ce:3cff:fee1:f5f7,47445,,,2a03:2880:f349:136:face:b00c:0:b1,3478,Dynamic,18:57:58,19:27:58,2026/06/11,2026/06/11,866726066636401,405856151004844,2405:0200:5213:2A:3903:220:2:6,Jionet,4058560c3458002,4058560c3458002,2026/06/11 19:18:44,119.853,24301555,100711249,HOME,Bihar,
,,,,,917301042183,917301042183,2409:40e4:1103:59d5:e0ce:3cff:fee1:f5f7,47445,,,2a03:2880:f349:136:face:b00c:0:b1,3478,Dynamic,18:57:58,19:27:58,2026/06/11,2026/06/11,866726066636401,405856151004844,2405:0200:5213:2A:3903:220:2:6,Jionet,4058560c3458002,4058560c3458002,2026/06/11 19:18:44,119.853,20786,37305,HOME,Bihar,
,,,,,917301042183,917301042183,2409:40e4:1103:59d5:e0ce:3cff:fee1:f5f7,47458,,,2404:6800:4003:c20::bc,5228,Dynamic,18:57:58,19:27:58,2026/06/11,2026/06/11,866726066636401,405856151004844,2405:0200:5213:2A:3903:220:2:6,Jionet,4058560c3458002,4058560c3458002,2026/06/11 19:18:44,91.5,24301555,100711249,HOME,Bihar,
,,,,,917301042183,917301042183,2409:40e4:1103:59d5:e0ce:3cff:fee1:f5f7,47458,,,2404:6800:4003:c20::bc,5228,Dynamic,18:57:58,19:27:58,2026/06/11,2026/06/11,866726066636401,405856151004844,2405:0200:5213:2A:3903:220:2:6,Jionet,4058560c3458002,4058560c3458002,2026/06/11 19:18:44,91.5,20786,37305,HOME,Bihar,
,,,,,917301042183,917301042183,2409:40e4:1103:59d5:e0ce:3cff:fee1:f5f7,47445,,,2a03:2880:f26b:1c5:face:b00c:0:177,3478,Dynamic,18:57:58,19:27:58,2026/06/11,2026/06/11,866726066636401,405856151004844,2405:0200:5213:2A:3903:220:2:6,Jionet,4058560c3458002,4058560c3458002,2026/06/11 19:18:44,100.749,24301555,100711249,HOME,Bihar,
,,,,,917301042183,917301042183,2409:40e4:1103:59d5:e0ce:3cff:fee1:f5f7,47445,,,2a03:2880:f26b:1c5:face:b00c:0:177,3478,Dynamic,18:57:58,19:27:58,2026/06/11,2026/06/11,866726066636401,405856151004844,2405:0200:5213:2A:3903:220:2:6,Jionet,4058560c3458002,4058560c3458002,2026/06/11 19:18:44,100.749,20786,37305,HOME,Bihar,
,,,,,917301042183,917301042183,2409:40e4:1103:59d5:e0ce:3cff:fee1:f5f7,37352,,,2a03:2880:f346:3:face:b00c:0:4c63,443,Dynamic,18:57:58,19:27:58,2026/06/11,2026/06/11,866726066636401,405856151004844,2405:0200:5213:2A:3903:220:2:6,Jionet,4058560c3458002,4058560c3458002,2026/06/11 19:18:38,97.082,24301555,100711249,HOME,Bihar,
,,,,,917301042183,917301042183,2409:40e4:1103:59d5:e0ce:3cff:fee1:f5f7,37352,,,2a03:2880:f346:3:face:b00c:0:4c63,443,Dynamic,18:57:58,19:27:58,2026/06/11,2026/06/11,866726066636401,405856151004844,2405:0200:5213:2A:3903:220:2:6,Jionet,4058560c3458002,4058560c3458002,2026/06/11 19:18:38,97.082,20786,37305,HOME,Bihar,
,,,,,917301042183,917301042183,2409:40e4:1103:59d5:e0ce:3cff:fee1:f5f7,44836,,,2a03:2880:f346:3:face:b00c:0:4c63,443,Dynamic,18:57:58,19:27:58,2026/06/11,2026/06/11,866726066636401,405856151004844,2405:0200:5213:2A:3903:220:2:6,Jionet,4058560c3458002,4058560c3458002,2026/06/11 19:18:44,99.027,24301555,100711249,HOME,Bihar,
,,,,,917301042183,917301042183,2409:40e4:1103:59d5:e0ce:3cff:fee1:f5f7,44836,,,2a03:2880:f346:3:face:b00c:0:4c63,443,Dynamic,18:57:58,19:27:58,2026/06/11,2026/06/11,866726066636401,405856151004844,2405:0200:5213:2A:3903:220:2:6,Jionet,4058560c3458002,4058560c3458002,2026/06/11 19:18:44,99.027,20786,37305,HOME,Bihar,
,,,,,917301042183,917301042183,2409:40e4:1103:59d5:e0ce:3cff:fee1:f5f7,47445,,,2405:200:1633:2885:face:b00c:3333:4df0,3478,Dynamic,18:57:58,19:27:58,2026/06/11,2026/06/11,866726066636401,405856151004844,2405:0200:5213:2A:3903:220:2:6,Jionet,4058560c3458002,4058560c3458002,2026/06/11 19:18:44,89.316,24301555,100711249,HOME,Bihar,
,,,,,917301042183,917301042183,2409:40e4:1103:59d5:e0ce:3cff:fee1:f5f7,47445,,,2405:200:1633:2885:face:b00c:3333:4df0,3478,Dynamic,18:57:58,19:27:58,2026/06/11,2026/06/11,866726066636401,405856151004844,2405:0200:5213:2A:3903:220:2:6,Jionet,4058560c3458002,4058560c3458002,2026/06/11 19:18:44,89.316,20786,37305,HOME,Bihar,
,,,,,917301042183,917301042183,2409:40e4:1103:59d5:e0ce:3cff:fee1:f5f7,39024,,,2404:6800:4009:80b::2002,443,Dynamic,18:57:58,19:27:58,2026/06/11,2026/06/11,866726066636401,405856151004844,2405:0200:5213:2A:3903:220:2:6,Jionet,4058560c3458002,4058560c3458002,2026/06/11 19:20:22,11.148,24301555,100711249,HOME,Bihar,
,,,,,917301042183,917301042183,2409:40e4:1103:59d5:e0ce:3cff:fee1:f5f7,39024,,,2404:6800:4009:80b::2002,443,Dynamic,18:57:58,19:27:58,2026/06/11,2026/06/11,866726066636401,405856151004844,2405:0200:5213:2A:3903:220:2:6,Jionet,4058560c3458002,4058560c3458002,2026/06/11 19:20:22,11.148,20786,37305,HOME,Bihar,
,,,,,917301042183,917301042183,2409:40e4:1103:59d5:e0ce:3cff:fee1:f5f7,38286,,,2001:4860:4802:36::223,443,Dynamic,18:57:58,19:27:58,2026/06/11,2026/06/11,866726066636401,405856151004844,2405:0200:5213:2A:3903:220:2:6,Jionet,4058560c3458002,4058560c3458002,2026/06/11 19:00:02,85.945,24301555,100711249,HOME,Bihar,
,,,,,917301042183,917301042183,2409:40e4:1103:59d5:e0ce:3cff:fee1:f5f7,38286,,,2001:4860:4802:36::223,443,Dynamic,18:57:58,19:27:58,2026/06/11,2026/06/11,866726066636401,405856151004844,2405:0200:5213:2A:3903:220:2:6,Jionet,4058560c3458002,4058560c3458002,2026/06/11 19:00:02,85.945,20786,37305,HOME,Bihar,
,,,,,917301042183,917301042183,2409:40e4:1103:59d5:e0ce:3cff:fee1:f5f7,49672,,,2600:1901:0:8956::,443,Dynamic,18:57:58,19:27:58,2026/06/11,2026/06/11,866726066636401,405856151004844,2405:0200:5213:2A:3903:220:2:6,Jionet,4058560c3458002,4058560c3458002,2026/06/11 19:01:42,11.353,24301555,100711249,HOME,Bihar,
,,,,,917301042183,917301042183,2409:40e4:1103:59d5:e0ce:3cff:fee1:f5f7,49672,,,2600:1901:0:8956::,443,Dynamic,18:57:58,19:27:58,2026/06/11,2026/06/11,866726066636401,405856151004844,2405:0200:5213:2A:3903:220:2:6,Jionet,4058560c3458002,4058560c3458002,2026/06/11 19:01:42,11.353,20786,37305,HOME,Bihar,
,,,,,917301042183,917301042183,2409:40e4:1103:59d5:e0ce:3cff:fee1:f5f7,38624,,,2a03:2880:f346:8d:face:b00c:0:2,443,Dynamic,18:57:58,19:27:58,2026/06/11,2026/06/11,866726066636401,405856151004844,2405:0200:5213:2A:3903:220:2:6,Jionet,4058560c3458002,4058560c3458002,2026/06/11 19:01:10,11.585,24301555,100711249,HOME,Bihar,
,,,,,917301042183,917301042183,2409:40e4:1103:59d5:e0ce:3cff:fee1:f5f7,38624,,,2a03:2880:f346:8d:face:b00c:0:2,443,Dynamic,18:57:58,19:27:58,2026/06/11,2026/06/11,866726066636401,405856151004844,2405:0200:5213:2A:3903:220:2:6,Jionet,4058560c3458002,4058560c3458002,2026/06/11 19:01:10,11.585,20786,37305,HOME,Bihar,
,,,,,917301042183,917301042183,2409:40e4:1103:59d5:e0ce:3cff:fee1:f5f7,39118,,,2606:4700:99e2:98e3:bdd9:c1c:895:a7f2,443,Dynamic,19:32:11,20:02:11,2026/06/11,2026/06/11,866726066636401,405856151004844,2405:0200:5213:2A:3903:220:2:6,Jionet,405856044a323,405856044a323,2026/06/11 19:40:31,11.0,123355877,133715544,HOME,Bihar,
,,,,,917301042183,917301042183,2409:40e4:1103:59d5:e0ce:3cff:fee1:f5f7,39118,,,2606:4700:99e2:98e3:bdd9:c1c:895:a7f2,443,Dynamic,19:32:11,20:02:11,2026/06/11,2026/06/11,866726066636401,405856151004844,2405:0200:5213:2A:3903:220:2:6,Jionet,405856044a323,405856044a323,2026/06/11 19:40:31,11.0,24520,41344,HOME,Bihar,
,,,,,917301042183,917301042183,2409:40e4:1103:59d5:e0ce:3cff:fee1:f5f7,44836,,,2a03:2880:f346:3:face:b00c:0:4c63,443,Dynamic,19:32:11,20:02:11,2026/06/11,2026/06/11,866726066636401,405856151004844,2405:0200:5213:2A:3903:220:2:6,Jionet,405856044a323,405856044a323,2026/06/11 19:38:49,94.064,123355877,133715544,HOME,Bihar,
,,,,,917301042183,917301042183,2409:40e4:1103:59d5:e0ce:3cff:fee1:f5f7,44836,,,2a03:2880:f346:3:face:b00c:0:4c63,443,Dynamic,19:32:11,20:02:11,2026/06/11,2026/06/11,866726066636401,405856151004844,2405:0200:5213:2A:3903:220:2:6,Jionet,405856044a323,405856044a323,2026/06/11 19:38:49,94.064,24520,41344,HOME,Bihar,
,,,,,917301042183,917301042183,2409:40e4:1103:59d5:e0ce:3cff:fee1:f5f7,42312,,,2606:4700:99e2:e632:f4d9:c1c:6811:180e,443,Dynamic,19:32:11,20:02:11,2026/06/11,2026/06/11,866726066636401,405856151004844,2405:0200:5213:2A:3903:220:2:6,Jionet,405856044a323,405856044a323,2026/06/11 19:40:31,11.268,123355877,133715544,HOME,Bihar,
,,,,,917301042183,917301042183,2409:40e4:1103:59d5:e0ce:3cff:fee1:f5f7,42312,,,2606:4700:99e2:e632:f4d9:c1c:6811:180e,443,Dynamic,19:32:11,20:02:11,2026/06/11,2026/06/11,866726066636401,405856151004844,2405:0200:5213:2A:3903:220:2:6,Jionet,405856044a323,405856044a323,2026/06/11 19:40:31,11.268,24520,41344,HOME,Bihar,
,,,,,917301042183,917301042183,2409:40e4:1103:59d5:e0ce:3cff:fee1:f5f7,49114,,,2a03:2880:f311:8d:face:b00c:0:2,443,Dynamic,18:57:58,19:27:58,2026/06/11,2026/06/11,866726066636401,405856151004844,2405:0200:5213:2A:3903:220:2:6,Jionet,4058560c3458002,4058560c3458002,2026/06/11 19:14:02,11.606,24301555,100711249,HOME,Bihar,
,,,,,917301042183,917301042183,2409:40e4:1103:59d5:e0ce:3cff:fee1:f5f7,49114,,,2a03:2880:f311:8d:face:b00c:0:2,443,Dynamic,18:57:58,19:27:58,2026/06/11,2026/06/11,866726066636401,405856151004844,2405:0200:5213:2A:3903:220:2:6,Jionet,4058560c3458002,4058560c3458002,2026/06/11 19:14:02,11.606,20786,37305,HOME,Bihar,
,,,,,917301042183,917301042183,2409:40e4:1103:59d5:e0ce:3cff:fee1:f5f7,44360,,,2404:6800:4009:81c::2016,443,Dynamic,19:32:11,20:02:11,2026/06/11,2026/06/11,866726066636401,405856151004844,2405:0200:5213:2A:3903:220:2:6,Jionet,405856044a323,405856044a323,2026/06/11 19:46:18,117.687,123355877,133715544,HOME,Bihar,
,,,,,917301042183,917301042183,2409:40e4:1103:59d5:e0ce:3cff:fee1:f5f7,44360,,,2404:6800:4009:81c::2016,443,Dynamic,19:32:11,20:02:11,2026/06/11,2026/06/11,866726066636401,405856151004844,2405:0200:5213:2A:3903:220:2:6,Jionet,405856044a323,405856044a323,2026/06/11 19:46:18,117.687,24520,41344,HOME,Bihar,
,,,,,917301042183,917301042183,2409:40e4:1103:59d5:e0ce:3cff:fee1:f5f7,46758,,,2404:6800:4000:1006::9a,443,Dynamic,19:32:11,20:02:11,2026/06/11,2026/06/11,866726066636401,405856151004844,2405:0200:5213:2A:3903:220:2:6,Jionet,405856044a323,405856044a323,2026/06/11 19:46:47,121.306,123355877,133715544,HOME,Bihar,
,,,,,917301042183,917301042183,2409:40e4:1103:59d5:e0ce:3cff:fee1:f5f7,46758,,,2404:6800:4000:1006::9a,443,Dynamic,19:32:11,20:02:11,2026/06/11,2026/06/11,866726066636401,405856151004844,2405:0200:5213:2A:3903:220:2:6,Jionet,405856044a323,405856044a323,2026/06/11 19:46:47,121.306,24520,41344,HOME,Bihar,
,,,,,917301042183,917301042183,2409:40e4:1103:59d5:e0ce:3cff:fee1:f5f7,41562,,,2404:6800:4000:1017::5e,443,Dynamic,19:32:11,20:02:11,2026/06/11,2026/06/11,866726066636401,405856151004844,2405:0200:5213:2A:3903:220:2:6,Jionet,405856044a323,405856044a323,2026/06/11 19:47:06,70.988,123355877,133715544,HOME,Bihar,
,,,,,917301042183,917301042183,2409:40e4:1103:59d5:e0ce:3cff:fee1:f5f7,41562,,,2404:6800:4000:1017::5e,443,Dynamic,19:32:11,20:02:11,2026/06/11,2026/06/11,866726066636401,405856151004844,2405:0200:5213:2A:3903:220:2:6,Jionet,405856044a323,405856044a323,2026/06/11 19:47:06,70.988,24520,41344,HOME,Bihar,
,,,,,917301042183,917301042183,2409:40e4:1103:59d5:e0ce:3cff:fee1:f5f7,46744,,,2404:6800:4000:1006::9a,443,Dynamic,19:32:11,20:02:11,2026/06/11,2026/06/11,866726066636401,405856151004844,2405:0200:5213:2A:3903:220:2:6,Jionet,405856044a323,405856044a323,2026/06/11 19:46:46,117.453,123355877,133715544,HOME,Bihar,
,,,,,917301042183,917301042183,2409:40e4:1103:59d5:e0ce:3cff:fee1:f5f7,46744,,,2404:6800:4000:1006::9a,443,Dynamic,19:32:11,20:02:11,2026/06/11,2026/06/11,866726066636401,405856151004844,2405:0200:5213:2A:3903:220:2:6,Jionet,405856044a323,405856044a323,2026/06/11 19:46:46,117.453,24520,41344,HOME,Bihar,
,,,,,917301042183,917301042183,2409:40e4:1103:59d5:e0ce:3cff:fee1:f5f7,41861,,,2001:4860:4802:32::223,443,Dynamic,19:32:11,20:02:11,2026/06/11,2026/06/11,866726066636401,405856151004844,2405:0200:5213:2A:3903:220:2:6,Jionet,405856044a323,405856044a323,2026/06/11 19:46:46,75.28,123355877,133715544,HOME,Bihar,
,,,,,917301042183,917301042183,2409:40e4:1103:59d5:e0ce:3cff:fee1:f5f7,41861,,,2001:4860:4802:32::223,443,Dynamic,19:32:11,20:02:11,2026/06/11,2026/06/11,866726066636401,405856151004844,2405:0200:5213:2A:3903:220:2:6,Jionet,405856044a323,405856044a323,2026/06/11 19:46:46,75.28,24520,41344,HOME,Bihar,
,,,,,917301042183,917301042183,2409:40e4:1103:59d5:e0ce:3cff:fee1:f5f7,47508,,,2404:6800:4009:818::2002,443,Dynamic,19:32:11,20:02:11,2026/06/11,2026/06/11,866726066636401,405856151004844,2405:0200:5213:2A:3903:220:2:6,Jionet,405856044a323,405856044a323,2026/06/11 19:46:42,120.407,123355877,133715544,HOME,Bihar,
,,,,,917301042183,917301042183,2409:40e4:1103:59d5:e0ce:3cff:fee1:f5f7,47508,,,2404:6800:4009:818::2002,443,Dynamic,19:32:11,20:02:11,2026/06/11,2026/06/11,866726066636401,405856151004844,2405:0200:5213:2A:3903:220:2:6,Jionet,405856044a323,405856044a323,2026/06/11 19:46:42,120.407,24520,41344,HOME,Bihar,
,,,,,917301042183,917301042183,2409:40e4:1103:59d5:e0ce:3cff:fee1:f5f7,48042,,,2404:6800:4000:101d::9d,443,Dynamic,19:32:11,20:02:11,2026/06/11,2026/06/11,866726066636401,405856151004844,2405:0200:5213:2A:3903:220:2:6,Jionet,405856044a323,405856044a323,2026/06/11 19:46:46,89.459,123355877,133715544,HOME,Bihar,
,,,,,917301042183,917301042183,2409:40e4:1103:59d5:e0ce:3cff:fee1:f5f7,48042,,,2404:6800:4000:101d::9d,443,Dynamic,19:32:11,20:02:11,2026/06/11,2026/06/11,866726066636401,405856151004844,2405:0200:5213:2A:3903:220:2:6,Jionet,405856044a323,405856044a323,2026/06/11 19:46:46,89.459,24520,41344,HOME,Bihar,
,,,,,917301042183,917301042183,2409:40e4:1103:59d5:e0ce:3cff:fee1:f5f7,44660,,,2405:200:1607:2820:41::36,443,Dynamic,19:32:11,20:02:11,2026/06/11,2026/06/11,866726066636401,405856151004844,2405:0200:5213:2A:3903:220:2:6,Jionet,405856044a323,405856044a323,2026/06/11 19:46:48,112.213,123355877,133715544,HOME,Bihar,
,,,,,917301042183,917301042183,2409:40e4:1103:59d5:e0ce:3cff:fee1:f5f7,44660,,,2405:200:1607:2820:41::36,443,Dynamic,19:32:11,20:02:11,2026/06/11,2026/06/11,866726066636401,405856151004844,2405:0200:5213:2A:3903:220:2:6,Jionet,405856044a323,405856044a323,2026/06/11 19:46:48,112.213,24520,41344,HOME,Bihar,
,,,,,917301042183,917301042183,2409:40e4:1103:59d5:e0ce:3cff:fee1:f5f7,40468,,,2404:6800:4000:1017::5e,443,Dynamic,19:32:11,20:02:11,2026/06/11,2026/06/11,866726066636401,405856151004844,2405:0200:5213:2A:3903:220:2:6,Jionet,405856044a323,405856044a323,2026/06/11 19:46:18,120.335,123355877,133715544,HOME,Bihar,
,,,,,917301042183,917301042183,2409:40e4:1103:59d5:e0ce:3cff:fee1:f5f7,40468,,,2404:6800:4000:1017::5e,443,Dynamic,19:32:11,20:02:11,2026/06/11,2026/06/11,866726066636401,405856151004844,2405:0200:5213:2A:3903:220:2:6,Jionet,405856044a323,405856044a323,2026/06/11 19:46:18,120.335,24520,41344,HOME,Bihar,
,,,,,917301042183,917301042183,2409:40e4:1103:59d5:e0ce:3cff:fee1:f5f7,40876,,,2404:6800:4000:101d::9d,443,Dynamic,19:32:11,20:02:11,2026/06/11,2026/06/11,866726066636401,405856151004844,2405:0200:5213:2A:3903:220:2:6,Jionet,405856044a323,405856044a323,2026/06/11 19:46:46,94.047,123355877,133715544,HOME,Bihar,
,,,,,917301042183,917301042183,2409:40e4:1103:59d5:e0ce:3cff:fee1:f5f7,40876,,,2404:6800:4000:101d::9d,443,Dynamic,19:32:11,20:02:11,2026/06/11,2026/06/11,866726066636401,405856151004844,2405:0200:5213:2A:3903:220:2:6,Jionet,405856044a323,405856044a323,2026/06/11 19:46:46,94.047,24520,41344,HOME,Bihar,
,,,,,917301042183,917301042183,2409:40e4:1103:59d5:e0ce:3cff:fee1:f5f7,45904,,,2600:1901:0:8956::,443,Dynamic,19:32:11,20:02:11,2026/06/11,2026/06/11,866726066636401,405856151004844,2405:0200:5213:2A:3903:220:2:6,Jionet,405856044a323,405856044a323,2026/06/11 19:46:43,85.831,123355877,133715544,HOME,Bihar,
,,,,,917301042183,917301042183,2409:40e4:1103:59d5:e0ce:3cff:fee1:f5f7,45904,,,2600:1901:0:8956::,443,Dynamic,19:32:11,20:02:11,2026/06/11,2026/06/11,866726066636401,405856151004844,2405:0200:5213:2A:3903:220:2:6,Jionet,405856044a323,405856044a323,2026/06/11 19:46:43,85.831,24520,41344,HOME,Bihar,
,,,,,917301042183,917301042183,2409:40e4:1103:59d5:e0ce:3cff:fee1:f5f7,48604,,,2405:200:1607:2820:41::36,443,Dynamic,19:32:11,20:02:11,2026/06/11,2026/06/11,866726066636401,405856151004844,2405:0200:5213:2A:3903:220:2:6,Jionet,405856044a323,405856044a323,2026/06/11 19:47:05,77.56,123355877,133715544,HOME,Bihar,
,,,,,917301042183,917301042183,2409:40e4:1103:59d5:e0ce:3cff:fee1:f5f7,48604,,,2405:200:1607:2820:41::36,443,Dynamic,19:32:11,20:02:11,2026/06/11,2026/06/11,866726066636401,405856151004844,2405:0200:5213:2A:3903:220:2:6,Jionet,405856044a323,405856044a323,2026/06/11 19:47:05,77.56,24520,41344,HOME,Bihar,
,,,,,917301042183,917301042183,2409:40e4:1103:59d5:e0ce:3cff:fee1:f5f7,40056,,,2404:6800:4000:1006::9b,443,Dynamic,18:57:58,19:27:58,2026/06/11,2026/06/11,866726066636401,405856151004844,2405:0200:5213:2A:3903:220:2:6,Jionet,4058560c3458002,4058560c3458002,2026/06/11 19:21:58,70.96,24301555,100711249,HOME,Bihar,
,,,,,917301042183,917301042183,2409:40e4:1103:59d5:e0ce:3cff:fee1:f5f7,40056,,,2404:6800:4000:1006::9b,443,Dynamic,18:57:58,19:27:58,2026/06/11,2026/06/11,866726066636401,405856151004844,2405:0200:5213:2A:3903:220:2:6,Jionet,4058560c3458002,4058560c3458002,2026/06/11 19:21:58,70.96,20786,37305,HOME,Bihar,
,,,,,917301042183,917301042183,2409:40e4:1103:59d5:e0ce:3cff:fee1:f5f7,46092,,,2001:b28:f23f:f005::a,443,Dynamic,18:57:58,19:27:58,2026/06/11,2026/06/11,866726066636401,405856151004844,2405:0200:5213:2A:3903:220:2:6,Jionet,4058560c3458002,4058560c3458002,2026/06/11 19:23:26,15.48,24301555,100711249,HOME,Bihar,
,,,,,917301042183,917301042183,2409:40e4:1103:59d5:e0ce:3cff:fee1:f5f7,46092,,,2001:b28:f23f:f005::a,443,Dynamic,18:57:58,19:27:58,2026/06/11,2026/06/11,866726066636401,405856151004844,2405:0200:5213:2A:3903:220:2:6,Jionet,4058560c3458002,4058560c3458002,2026/06/11 19:23:26,15.48,20786,37305,HOME,Bihar,
,,,,,917301042183,917301042183,2409:40e4:1103:59d5:e0ce:3cff:fee1:f5f7,49958,,,2a04:4e42:59::820,443,Dynamic,18:57:58,19:27:58,2026/06/11,2026/06/11,866726066636401,405856151004844,2405:0200:5213:2A:3903:220:2:6,Jionet,4058560c3458002,4058560c3458002,2026/06/11 19:23:00,2.053,24301555,100711249,HOME,Bihar,
,,,,,917301042183,917301042183,2409:40e4:1103:59d5:e0ce:3cff:fee1:f5f7,49958,,,2a04:4e42:59::820,443,Dynamic,18:57:58,19:27:58,2026/06/11,2026/06/11,866726066636401,405856151004844,2405:0200:5213:2A:3903:220:2:6,Jionet,4058560c3458002,4058560c3458002,2026/06/11 19:23:00,2.053,20786,37305,HOME,Bihar,
,,,,,917301042183,917301042183,2409:40e4:1103:59d5:e0ce:3cff:fee1:f5f7,48556,,,2001:b28:f23f:f005::a,443,Dynamic,18:57:58,19:27:58,2026/06/11,2026/06/11,866726066636401,405856151004844,2405:0200:5213:2A:3903:220:2:6,Jionet,4058560c3458002,4058560c3458002,2026/06/11 19:23:21,20.392,24301555,100711249,HOME,Bihar,
,,,,,917301042183,917301042183,2409:40e4:1103:59d5:e0ce:3cff:fee1:f5f7,48556,,,2001:b28:f23f:f005::a,443,Dynamic,18:57:58,19:27:58,2026/06/11,2026/06/11,866726066636401,405856151004844,2405:0200:5213:2A:3903:220:2:6,Jionet,4058560c3458002,4058560c3458002,2026/06/11 19:23:21,20.392,20786,37305,HOME,Bihar,
,,,,,917301042183,917301042183,2409:40e4:1103:59d5:e0ce:3cff:fee1:f5f7,49980,,,2a04:4e42:59::820,443,Dynamic,18:57:58,19:27:58,2026/06/11,2026/06/11,866726066636401,405856151004844,2405:0200:5213:2A:3903:220:2:6,Jionet,4058560c3458002,4058560c3458002,2026/06/11 19:23:05,2.056,24301555,100711249,HOME,Bihar,
,,,,,917301042183,917301042183,2409:40e4:1103:59d5:e0ce:3cff:fee1:f5f7,49980,,,2a04:4e42:59::820,443,Dynamic,18:57:58,19:27:58,2026/06/11,2026/06/11,866726066636401,405856151004844,2405:0200:5213:2A:3903:220:2:6,Jionet,4058560c3458002,4058560c3458002,2026/06/11 19:23:05,2.056,20786,37305,HOME,Bihar,
,,,,,917301042183,917301042183,2409:40e4:1103:59d5:e0ce:3cff:fee1:f5f7,44480,,,2600:1901:0:8956::,443,Dynamic,18:57:58,19:27:58,2026/06/11,2026/06/11,866726066636401,405856151004844,2405:0200:5213:2A:3903:220:2:6,Jionet,4058560c3458002,4058560c3458002,2026/06/11 19:22:14,11.305,24301555,100711249,HOME,Bihar,
,,,,,917301042183,917301042183,2409:40e4:1103:59d5:e0ce:3cff:fee1:f5f7,44480,,,2600:1901:0:8956::,443,Dynamic,18:57:58,19:27:58,2026/06/11,2026/06/11,866726066636401,405856151004844,2405:0200:5213:2A:3903:220:2:6,Jionet,4058560c3458002,4058560c3458002,2026/06/11 19:22:14,11.305,20786,37305,HOME,Bihar,
,,,,,917301042183,917301042183,2409:40e4:1103:59d5:e0ce:3cff:fee1:f5f7,49972,,,2a04:4e42:59::820,443,Dynamic,18:57:58,19:27:58,2026/06/11,2026/06/11,866726066636401,405856151004844,2405:0200:5213:2A:3903:220:2:6,Jionet,4058560c3458002,4058560c3458002,2026/06/11 19:23:05,2.06,24301555,100711249,HOME,Bihar,
,,,,,917301042183,917301042183,2409:40e4:1103:59d5:e0ce:3cff:fee1:f5f7,49972,,,2a04:4e42:59::820,443,Dynamic,18:57:58,19:27:58,2026/06/11,2026/06/11,866726066636401,405856151004844,2405:0200:5213:2A:3903:220:2:6,Jionet,4058560c3458002,4058560c3458002,2026/06/11 19:23:05,2.06,20786,37305,HOME,Bihar,
,,,,,917301042183,917301042183,2409:40e4:1103:59d5:e0ce:3cff:fee1:f5f7,42858,,,2a03:2880:f26b:1d2:face:b00c:0:167,443,Dynamic,18:57:58,19:27:58,2026/06/11,2026/06/11,866726066636401,405856151004844,2405:0200:5213:2A:3903:220:2:6,Jionet,4058560c3458002,4058560c3458002,2026/06/11 19:19:54,157.331,24301555,100711249,HOME,Bihar,
,,,,,917301042183,917301042183,2409:40e4:1103:59d5:e0ce:3cff:fee1:f5f7,42858,,,2a03:2880:f26b:1d2:face:b00c:0:167,443,Dynamic,18:57:58,19:27:58,2026/06/11,2026/06/11,866726066636401,405856151004844,2405:0200:5213:2A:3903:220:2:6,Jionet,4058560c3458002,4058560c3458002,2026/06/11 19:19:54,157.331,20786,37305,HOME,Bihar,
,,,,,917301042183,917301042183,2409:40e4:1103:59d5:e0ce:3cff:fee1:f5f7,39776,,,2404:6800:4000:1006::9b,443,Dynamic,18:57:58,19:27:58,2026/06/11,2026/06/11,866726066636401,405856151004844,2405:0200:5213:2A:3903:220:2:6,Jionet,4058560c3458002,4058560c3458002,2026/06/11 19:21:57,70.916,24301555,100711249,HOME,Bihar,
,,,,,917301042183,917301042183,2409:40e4:1103:59d5:e0ce:3cff:fee1:f5f7,39776,,,2404:6800:4000:1006::9b,443,Dynamic,18:57:58,19:27:58,2026/06/11,2026/06/11,866726066636401,405856151004844,2405:0200:5213:2A:3903:220:2:6,Jionet,4058560c3458002,4058560c3458002,2026/06/11 19:21:57,70.916,20786,37305,HOME,Bihar,
,,,,,917301042183,917301042183,2409:40e4:1103:59d5:e0ce:3cff:fee1:f5f7,47842,,,2001:4860:4802:38::223,443,Dynamic,19:32:11,20:02:11,2026/06/11,2026/06/11,866726066636401,405856151004844,2405:0200:5213:2A:3903:220:2:6,Jionet,405856044a323,405856044a323,2026/06/11 19:59:27,226.561,123355877,133715544,HOME,Bihar,
,,,,,917301042183,917301042183,2409:40e4:1103:59d5:e0ce:3cff:fee1:f5f7,47842,,,2001:4860:4802:38::223,443,Dynamic,19:32:11,20:02:11,2026/06/11,2026/06/11,866726066636401,405856151004844,2405:0200:5213:2A:3903:220:2:6,Jionet,405856044a323,405856044a323,2026/06/11 19:59:27,226.561,24520,41344,HOME,Bihar,
,,,,,917301042183,917301042183,2409:40e4:1103:59d5:e0ce:3cff:fee1:f5f7,39776,,,2404:6800:4000:1006::9b,443,Dynamic,18:57:58,19:27:58,2026/06/11,2026/06/11,866726066636401,405856151004844,2405:0200:5213:2A:3903:220:2:6,Jionet,4058560c3458002,4058560c3458002,2026/06/11 19:17:14,147.389,24301555,100711249,HOME,Bihar,
,,,,,917301042183,917301042183,2409:40e4:1103:59d5:e0ce:3cff:fee1:f5f7,39776,,,2404:6800:4000:1006::9b,443,Dynamic,18:57:58,19:27:58,2026/06/11,2026/06/11,866726066636401,405856151004844,2405:0200:5213:2A:3903:220:2:6,Jionet,4058560c3458002,4058560c3458002,2026/06/11 19:17:14,147.389,20786,37305,HOME,Bihar,
,,,,,917301042183,917301042183,2409:40e4:1103:59d5:e0ce:3cff:fee1:f5f7,49972,,,2a04:4e42:59::820,443,Dynamic,18:57:58,19:27:58,2026/06/11,2026/06/11,866726066636401,405856151004844,2405:0200:5213:2A:3903:220:2:6,Jionet,4058560c3458002,4058560c3458002,2026/06/11 19:17:59,88.932,24301555,100711249,HOME,Bihar,
,,,,,917301042183,917301042183,2409:40e4:1103:59d5:e0ce:3cff:fee1:f5f7,49972,,,2a04:4e42:59::820,443,Dynamic,18:57:58,19:27:58,2026/06/11,2026/06/11,866726066636401,405856151004844,2405:0200:5213:2A:3903:220:2:6,Jionet,4058560c3458002,4058560c3458002,2026/06/11 19:17:59,88.932,20786,37305,HOME,Bihar,
,,,,,917301042183,917301042183,2409:40e4:1103:59d5:e0ce:3cff:fee1:f5f7,45924,,,2409:40e5:1137:341c:8000::,56537,Dynamic,18:57:58,19:27:58,2026/06/11,2026/06/11,866726066636401,405856151004844,2405:0200:5213:2A:3903:220:2:6,Jionet,4058560c3458002,4058560c3458002,2026/06/11 19:16:43,191.927,24301555,100711249,HOME,Bihar,
,,,,,917301042183,917301042183,2409:40e4:1103:59d5:e0ce:3cff:fee1:f5f7,45924,,,2409:40e5:1137:341c:8000::,56537,Dynamic,18:57:58,19:27:58,2026/06/11,2026/06/11,866726066636401,405856151004844,2405:0200:5213:2A:3903:220:2:6,Jionet,4058560c3458002,4058560c3458002,2026/06/11 19:16:43,191.927,20786,37305,HOME,Bihar,
,,,,,917301042183,917301042183,2409:40e4:1103:59d5:e0ce:3cff:fee1:f5f7,49958,,,2a04:4e42:59::820,443,Dynamic,18:57:58,19:27:58,2026/06/11,2026/06/11,866726066636401,405856151004844,2405:0200:5213:2A:3903:220:2:6,Jionet,4058560c3458002,4058560c3458002,2026/06/11 19:17:59,112.68,24301555,100711249,HOME,Bihar,
,,,,,917301042183,917301042183,2409:40e4:1103:59d5:e0ce:3cff:fee1:f5f7,49958,,,2a04:4e42:59::820,443,Dynamic,18:57:58,19:27:58,2026/06/11,2026/06/11,866726066636401,405856151004844,2405:0200:5213:2A:3903:220:2:6,Jionet,4058560c3458002,4058560c3458002,2026/06/11 19:17:59,112.68,20786,37305,HOME,Bihar,
,,,,,917301042183,917301042183,2409:40e4:1103:59d5:e0ce:3cff:fee1:f5f7,37958,,,2405:200:1607:2820:41::36,443,Dynamic,18:57:58,19:27:58,2026/06/11,2026/06/11,866726066636401,405856151004844,2405:0200:5213:2A:3903:220:2:6,Jionet,4058560c3458002,4058560c3458002,2026/06/11 19:17:59,115.181,24301555,100711249,HOME,Bihar,
,,,,,917301042183,917301042183,2409:40e4:1103:59d5:e0ce:3cff:fee1:f5f7,37958,,,2405:200:1607:2820:41::36,443,Dynamic,18:57:58,19:27:58,2026/06/11,2026/06/11,866726066636401,405856151004844,2405:0200:5213:2A:3903:220:2:6,Jionet,4058560c3458002,4058560c3458002,2026/06/11 19:17:59,115.181,20786,37305,HOME,Bihar,
,,,,,917301042183,917301042183,2409:40e4:1103:59d5:e0ce:3cff:fee1:f5f7,49980,,,2a04:4e42:59::820,443,Dynamic,18:57:58,19:27:58,2026/06/11,2026/06/11,866726066636401,405856151004844,2405:0200:5213:2A:3903:220:2:6,Jionet,4058560c3458002,4058560c3458002,2026/06/11 19:17:59,117.993,24301555,100711249,HOME,Bihar,
,,,,,917301042183,917301042183,2409:40e4:1103:59d5:e0ce:3cff:fee1:f5f7,49980,,,2a04:4e42:59::820,443,Dynamic,18:57:58,19:27:58,2026/06/11,2026/06/11,866726066636401,405856151004844,2405:0200:5213:2A:3903:220:2:6,Jionet,4058560c3458002,4058560c3458002,2026/06/11 19:17:59,117.993,20786,37305,HOME,Bihar,
,,,,,917301042183,917301042183,2409:40e4:1103:59d5:e0ce:3cff:fee1:f5f7,44480,,,2600:1901:0:8956::,443,Dynamic,18:57:58,19:27:58,2026/06/11,2026/06/11,866726066636401,405856151004844,2405:0200:5213:2A:3903:220:2:6,Jionet,4058560c3458002,4058560c3458002,2026/06/11 19:17:13,93.459,24301555,100711249,HOME,Bihar,
,,,,,917301042183,917301042183,2409:40e4:1103:59d5:e0ce:3cff:fee1:f5f7,44480,,,2600:1901:0:8956::,443,Dynamic,18:57:58,19:27:58,2026/06/11,2026/06/11,866726066636401,405856151004844,2405:0200:5213:2A:3903:220:2:6,Jionet,4058560c3458002,4058560c3458002,2026/06/11 19:17:13,93.459,20786,37305,HOME,Bihar,
,,,,,917301042183,917301042183,2409:40e4:1103:59d5:e0ce:3cff:fee1:f5f7,45924,,,2a03:2880:f315:136:face:b00c:0:b1,3478,Dynamic,18:57:58,19:27:58,2026/06/11,2026/06/11,866726066636401,405856151004844,2405:0200:5213:2A:3903:220:2:6,Jionet,4058560c3458002,4058560c3458002,2026/06/11 19:16:39,99.205,24301555,100711249,HOME,Bihar,
,,,,,917301042183,917301042183,2409:40e4:1103:59d5:e0ce:3cff:fee1:f5f7,45924,,,2a03:2880:f315:136:face:b00c:0:b1,3478,Dynamic,18:57:58,19:27:58,2026/06/11,2026/06/11,866726066636401,405856151004844,2405:0200:5213:2A:3903:220:2:6,Jionet,4058560c3458002,4058560c3458002,2026/06/11 19:16:39,99.205,20786,37305,HOME,Bihar,
,,,,,917301042183,917301042183,2409:40e4:1103:59d5:e0ce:3cff:fee1:f5f7,40056,,,2404:6800:4000:1006::9b,443,Dynamic,18:57:58,19:27:58,2026/06/11,2026/06/11,866726066636401,405856151004844,2405:0200:5213:2A:3903:220:2:6,Jionet,4058560c3458002,4058560c3458002,2026/06/11 19:17:57,68.671,24301555,100711249,HOME,Bihar,
,,,,,917301042183,917301042183,2409:40e4:1103:59d5:e0ce:3cff:fee1:f5f7,40056,,,2404:6800:4000:1006::9b,443,Dynamic,18:57:58,19:27:58,2026/06/11,2026/06/11,866726066636401,405856151004844,2405:0200:5213:2A:3903:220:2:6,Jionet,4058560c3458002,4058560c3458002,2026/06/11 19:17:57,68.671,20786,37305,HOME,Bihar,
,,,,,917301042183,917301042183,2409:40e4:1103:59d5:e0ce:3cff:fee1:f5f7,47406,,,2404:6800:4009:80b::2002,443,Dynamic,18:57:58,19:27:58,2026/06/11,2026/06/11,866726066636401,405856151004844,2405:0200:5213:2A:3903:220:2:6,Jionet,4058560c3458002,4058560c3458002,2026/06/11 19:17:58,12.184,24301555,100711249,HOME,Bihar,
,,,,,917301042183,917301042183,2409:40e4:1103:59d5:e0ce:3cff:fee1:f5f7,47406,,,2404:6800:4009:80b::2002,443,Dynamic,18:57:58,19:27:58,2026/06/11,2026/06/11,866726066636401,405856151004844,2405:0200:5213:2A:3903:220:2:6,Jionet,4058560c3458002,4058560c3458002,2026/06/11 19:17:58,12.184,20786,37305,HOME,Bihar,
,,,,,917301042183,917301042183,2409:40e4:1103:59d5:e0ce:3cff:fee1:f5f7,42429,,,2001:4860:4802:36::223,443,Dynamic,18:57:58,19:27:58,2026/06/11,2026/06/11,866726066636401,405856151004844,2405:0200:5213:2A:3903:220:2:6,Jionet,4058560c3458002,4058560c3458002,2026/06/11 19:17:12,113.564,24301555,100711249,HOME,Bihar,
,,,,,917301042183,917301042183,2409:40e4:1103:59d5:e0ce:3cff:fee1:f5f7,42429,,,2001:4860:4802:36::223,443,Dynamic,18:57:58,19:27:58,2026/06/11,2026/06/11,866726066636401,405856151004844,2405:0200:5213:2A:3903:220:2:6,Jionet,4058560c3458002,4058560c3458002,2026/06/11 19:17:12,113.564,20786,37305,HOME,Bihar,
,,,,,917301042183,917301042183,2409:40e4:1103:59d5:e0ce:3cff:fee1:f5f7,43120,,,2001:4860:4802:36::223,443,Dynamic,18:57:58,19:27:58,2026/06/11,2026/06/11,866726066636401,405856151004844,2405:0200:5213:2A:3903:220:2:6,Jionet,4058560c3458002,4058560c3458002,2026/06/11 19:17:54,17.828,24301555,100711249,HOME,Bihar,
,,,,,917301042183,917301042183,2409:40e4:1103:59d5:e0ce:3cff:fee1:f5f7,43120,,,2001:4860:4802:36::223,443,Dynamic,18:57:58,19:27:58,2026/06/11,2026/06/11,866726066636401,405856151004844,2405:0200:5213:2A:3903:220:2:6,Jionet,4058560c3458002,4058560c3458002,2026/06/11 19:17:54,17.828,20786,37305,HOME,Bihar,
,,,,,917301042183,917301042183,2409:40e4:1103:59d5:e0ce:3cff:fee1:f5f7,40696,,,2001:4860:4802:36::223,443,Dynamic,18:57:58,19:27:58,2026/06/11,2026/06/11,866726066636401,405856151004844,2405:0200:5213:2A:3903:220:2:6,Jionet,4058560c3458002,4058560c3458002,2026/06/11 19:17:13,97.308,24301555,100711249,HOME,Bihar,
,,,,,917301042183,917301042183,2409:40e4:1103:59d5:e0ce:3cff:fee1:f5f7,40696,,,2001:4860:4802:36::223,443,Dynamic,18:57:58,19:27:58,2026/06/11,2026/06/11,866726066636401,405856151004844,2405:0200:5213:2A:3903:220:2:6,Jionet,4058560c3458002,4058560c3458002,2026/06/11 19:17:13,97.308,20786,37305,HOME,Bihar,
,,,,,917301042183,917301042183,2409:40e4:1103:59d5:e0ce:3cff:fee1:f5f7,44836,,,2a03:2880:f346:3:face:b00c:0:4c63,443,Dynamic,18:57:58,19:27:58,2026/06/11,2026/06/11,866726066636401,405856151004844,2405:0200:5213:2A:3903:220:2:6,Jionet,4058560c3458002,4058560c3458002,2026/06/11 19:15:44,158.9,24301555,100711249,HOME,Bihar,
,,,,,917301042183,917301042183,2409:40e4:1103:59d5:e0ce:3cff:fee1:f5f7,44836,,,2a03:2880:f346:3:face:b00c:0:4c63,443,Dynamic,18:57:58,19:27:58,2026/06/11,2026/06/11,866726066636401,405856151004844,2405:0200:5213:2A:3903:220:2:6,Jionet,4058560c3458002,4058560c3458002,2026/06/11 19:15:44,158.9,20786,37305,HOME,Bihar,
,,,,,917301042183,917301042183,2409:40e4:1103:59d5:e0ce:3cff:fee1:f5f7,44463,,,2404:6800:4009:80b::2002,443,Dynamic,18:57:58,19:27:58,2026/06/11,2026/06/11,866726066636401,405856151004844,2405:0200:5213:2A:3903:220:2:6,Jionet,4058560c3458002,4058560c3458002,2026/06/11 19:17:14,107.12,24301555,100711249,HOME,Bihar,
,,,,,917301042183,917301042183,2409:40e4:1103:59d5:e0ce:3cff:fee1:f5f7,44463,,,2404:6800:4009:80b::2002,443,Dynamic,18:57:58,19:27:58,2026/06/11,2026/06/11,866726066636401,405856151004844,2405:0200:5213:2A:3903:220:2:6,Jionet,4058560c3458002,4058560c3458002,2026/06/11 19:17:14,107.12,20786,37305,HOME,Bihar,
,,,,,917301042183,917301042183,2409:40e4:1103:59d5:e0ce:3cff:fee1:f5f7,47458,,,2404:6800:4003:c20::bc,5228,Dynamic,18:57:58,19:27:58,2026/06/11,2026/06/11,866726066636401,405856151004844,2405:0200:5213:2A:3903:220:2:6,Jionet,4058560c3458002,4058560c3458002,2026/06/11 19:16:38,96.909,24301555,100711249,HOME,Bihar,
,,,,,917301042183,917301042183,2409:40e4:1103:59d5:e0ce:3cff:fee1:f5f7,47458,,,2404:6800:4003:c20::bc,5228,Dynamic,18:57:58,19:27:58,2026/06/11,2026/06/11,866726066636401,405856151004844,2405:0200:5213:2A:3903:220:2:6,Jionet,4058560c3458002,4058560c3458002,2026/06/11 19:16:38,96.909,20786,37305,HOME,Bihar,
,,,,,917301042183,917301042183,2409:40e4:1103:59d5:e0ce:3cff:fee1:f5f7,45924,,,2a03:2880:f347:136:face:b00c:0:b1,3478,Dynamic,18:57:58,19:27:58,2026/06/11,2026/06/11,866726066636401,405856151004844,2405:0200:5213:2A:3903:220:2:6,Jionet,4058560c3458002,4058560c3458002,2026/06/11 19:16:39,81.222,24301555,100711249,HOME,Bihar,
,,,,,917301042183,917301042183,2409:40e4:1103:59d5:e0ce:3cff:fee1:f5f7,45924,,,2a03:2880:f347:136:face:b00c:0:b1,3478,Dynamic,18:57:58,19:27:58,2026/06/11,2026/06/11,866726066636401,405856151004844,2405:0200:5213:2A:3903:220:2:6,Jionet,4058560c3458002,4058560c3458002,2026/06/11 19:16:39,81.222,20786,37305,HOME,Bihar,
,,,,,917301042183,917301042183,2409:40e4:1103:59d5:e0ce:3cff:fee1:f5f7,47226,,,2001:b28:f23f:f005::a,443,Dynamic,18:57:58,19:27:58,2026/06/11,2026/06/11,866726066636401,405856151004844,2405:0200:5213:2A:3903:220:2:6,Jionet,4058560c3458002,4058560c3458002,2026/06/11 19:17:58,16.191,24301555,100711249,HOME,Bihar,
,,,,,917301042183,917301042183,2409:40e4:1103:59d5:e0ce:3cff:fee1:f5f7,47226,,,2001:b28:f23f:f005::a,443,Dynamic,18:57:58,19:27:58,2026/06/11,2026/06/11,866726066636401,405856151004844,2405:0200:5213:2A:3903:220:2:6,Jionet,4058560c3458002,4058560c3458002,2026/06/11 19:17:58,16.191,20786,37305,HOME,Bihar,
,,,,,917301042183,917301042183,2409:40e4:1103:59d5:e0ce:3cff:fee1:f5f7,46933,,,2404:6800:4009:801::200e,443,Dynamic,18:57:58,19:27:58,2026/06/11,2026/06/11,866726066636401,405856151004844,2405:0200:5213:2A:3903:220:2:6,Jionet,4058560c3458002,4058560c3458002,2026/06/11 19:17:17,117.636,24301555,100711249,HOME,Bihar,
,,,,,917301042183,917301042183,2409:40e4:1103:59d5:e0ce:3cff:fee1:f5f7,46933,,,2404:6800:4009:801::200e,443,Dynamic,18:57:58,19:27:58,2026/06/11,2026/06/11,866726066636401,405856151004844,2405:0200:5213:2A:3903:220:2:6,Jionet,4058560c3458002,4058560c3458002,2026/06/11 19:17:17,117.636,20786,37305,HOME,Bihar,
,,,,,917301042183,917301042183,2409:40e4:1103:59d5:e0ce:3cff:fee1:f5f7,42540,,,2404:6800:4009:80b::2002,443,Dynamic,18:57:58,19:27:58,2026/06/11,2026/06/11,866726066636401,405856151004844,2405:0200:5213:2A:3903:220:2:6,Jionet,4058560c3458002,4058560c3458002,2026/06/11 19:18:15,11.696,24301555,100711249,HOME,Bihar,
,,,,,917301042183,917301042183,2409:40e4:1103:59d5:e0ce:3cff:fee1:f5f7,42540,,,2404:6800:4009:80b::2002,443,Dynamic,18:57:58,19:27:58,2026/06/11,2026/06/11,866726066636401,405856151004844,2405:0200:5213:2A:3903:220:2:6,Jionet,4058560c3458002,4058560c3458002,2026/06/11 19:18:15,11.696,20786,37305,HOME,Bihar,
,,,,,917301042183,917301042183,2409:40e4:1103:59d5:e0ce:3cff:fee1:f5f7,38902,,,2600:1901:0:8956::,443,Dynamic,18:57:58,19:27:58,2026/06/11,2026/06/11,866726066636401,405856151004844,2405:0200:5213:2A:3903:220:2:6,Jionet,4058560c3458002,4058560c3458002,2026/06/11 19:17:54,37.268,24301555,100711249,HOME,Bihar,
,,,,,917301042183,917301042183,2409:40e4:1103:59d5:e0ce:3cff:fee1:f5f7,38902,,,2600:1901:0:8956::,443,Dynamic,18:57:58,19:27:58,2026/06/11,2026/06/11,866726066636401,405856151004844,2405:0200:5213:2A:3903:220:2:6,Jionet,4058560c3458002,4058560c3458002,2026/06/11 19:17:54,37.268,20786,37305,HOME,Bihar,
,,,,,917301042183,917301042183,2409:40e4:1103:59d5:e0ce:3cff:fee1:f5f7,42520,,,2405:200:1607:2820:41::36,443,Dynamic,18:57:58,19:27:58,2026/06/11,2026/06/11,866726066636401,405856151004844,2405:0200:5213:2A:3903:220:2:6,Jionet,4058560c3458002,4058560c3458002,2026/06/11 19:17:16,89.816,24301555,100711249,HOME,Bihar,
,,,,,917301042183,917301042183,2409:40e4:1103:59d5:e0ce:3cff:fee1:f5f7,42520,,,2405:200:1607:2820:41::36,443,Dynamic,18:57:58,19:27:58,2026/06/11,2026/06/11,866726066636401,405856151004844,2405:0200:5213:2A:3903:220:2:6,Jionet,4058560c3458002,4058560c3458002,2026/06/11 19:17:16,89.816,20786,37305,HOME,Bihar,
,,,,,917301042183,917301042183,2409:40e4:1103:59d5:e0ce:3cff:fee1:f5f7,38908,,,2600:1901:0:8956::,443,Dynamic,18:57:58,19:27:58,2026/06/11,2026/06/11,866726066636401,405856151004844,2405:0200:5213:2A:3903:220:2:6,Jionet,4058560c3458002,4058560c3458002,2026/06/11 19:17:54,36.489,24301555,100711249,HOME,Bihar,
,,,,,917301042183,917301042183,2409:40e4:1103:59d5:e0ce:3cff:fee1:f5f7,38908,,,2600:1901:0:8956::,443,Dynamic,18:57:58,19:27:58,2026/06/11,2026/06/11,866726066636401,405856151004844,2405:0200:5213:2A:3903:220:2:6,Jionet,4058560c3458002,4058560c3458002,2026/06/11 19:17:54,36.489,20786,37305,HOME,Bihar,
,,,,,917301042183,917301042183,2409:40e4:1103:59d5:e0ce:3cff:fee1:f5f7,39024,,,2404:6800:4009:80b::2002,443,Dynamic,18:57:58,19:27:58,2026/06/11,2026/06/11,866726066636401,405856151004844,2405:0200:5213:2A:3903:220:2:6,Jionet,4058560c3458002,4058560c3458002,2026/06/11 19:17:13,91.169,24301555,100711249,HOME,Bihar,
,,,,,917301042183,917301042183,2409:40e4:1103:59d5:e0ce:3cff:fee1:f5f7,39024,,,2404:6800:4009:80b::2002,443,Dynamic,18:57:58,19:27:58,2026/06/11,2026/06/11,866726066636401,405856151004844,2405:0200:5213:2A:3903:220:2:6,Jionet,4058560c3458002,4058560c3458002,2026/06/11 19:17:13,91.169,20786,37305,HOME,Bihar,
,,,,,917301042183,917301042183,2409:40e4:1103:59d5:e0ce:3cff:fee1:f5f7,45924,,,2405:200:1630:ff8f:face:b00c:3333:4df0,3478,Dynamic,18:57:58,19:27:58,2026/06/11,2026/06/11,866726066636401,405856151004844,2405:0200:5213:2A:3903:220:2:6,Jionet,4058560c3458002,4058560c3458002,2026/06/11 19:16:39,119.221,24301555,100711249,HOME,Bihar,
,,,,,917301042183,917301042183,2409:40e4:1103:59d5:e0ce:3cff:fee1:f5f7,45924,,,2405:200:1630:ff8f:face:b00c:3333:4df0,3478,Dynamic,18:57:58,19:27:58,2026/06/11,2026/06/11,866726066636401,405856151004844,2405:0200:5213:2A:3903:220:2:6,Jionet,4058560c3458002,4058560c3458002,2026/06/11 19:16:39,119.221,20786,37305,HOME,Bihar,
,,,,,917301042183,917301042183,2409:40e4:1103:59d5:e0ce:3cff:fee1:f5f7,37004,,,2405:200:1607:2820:41::36,443,Dynamic,19:32:11,20:02:11,2026/06/11,2026/06/11,866726066636401,405856151004844,2405:0200:5213:2A:3903:220:2:6,Jionet,405856044a323,405856044a323,2026/06/11 19:34:14,113.544,123355877,133715544,HOME,Bihar,
,,,,,917301042183,917301042183,2409:40e4:1103:59d5:e0ce:3cff:fee1:f5f7,37004,,,2405:200:1607:2820:41::36,443,Dynamic,19:32:11,20:02:11,2026/06/11,2026/06/11,866726066636401,405856151004844,2405:0200:5213:2A:3903:220:2:6,Jionet,405856044a323,405856044a323,2026/06/11 19:34:14,113.544,24520,41344,HOME,Bihar,
,,,,,917301042183,917301042183,2409:40e4:1103:59d5:e0ce:3cff:fee1:f5f7,38086,,,2a03:2880:f346:136:face:b00c:0:b1,3478,Dynamic,19:32:11,20:02:11,2026/06/11,2026/06/11,866726066636401,405856151004844,2405:0200:5213:2A:3903:220:2:6,Jionet,405856044a323,405856044a323,2026/06/11 19:34:32,89.617,123355877,133715544,HOME,Bihar,
,,,,,917301042183,917301042183,2409:40e4:1103:59d5:e0ce:3cff:fee1:f5f7,38086,,,2a03:2880:f346:136:face:b00c:0:b1,3478,Dynamic,19:32:11,20:02:11,2026/06/11,2026/06/11,866726066636401,405856151004844,2405:0200:5213:2A:3903:220:2:6,Jionet,405856044a323,405856044a323,2026/06/11 19:34:32,89.617,24520,41344,HOME,Bihar,
,,,,,917301042183,917301042183,2409:40e4:1103:59d5:e0ce:3cff:fee1:f5f7,47896,,,2404:6800:4000:1006::9b,443,Dynamic,19:32:11,20:02:11,2026/06/11,2026/06/11,866726066636401,405856151004844,2405:0200:5213:2A:3903:220:2:6,Jionet,405856044a323,405856044a323,2026/06/11 19:32:13,242.961,123355877,133715544,HOME,Bihar,
,,,,,917301042183,917301042183,2409:40e4:1103:59d5:e0ce:3cff:fee1:f5f7,47896,,,2404:6800:4000:1006::9b,443,Dynamic,19:32:11,20:02:11,2026/06/11,2026/06/11,866726066636401,405856151004844,2405:0200:5213:2A:3903:220:2:6,Jionet,405856044a323,405856044a323,2026/06/11 19:32:13,242.961,24520,41344,HOME,Bihar,
,,,,,917301042183,917301042183,2409:40e4:1103:59d5:e0ce:3cff:fee1:f5f7,44836,,,2a03:2880:f346:3:face:b00c:0:4c63,443,Dynamic,19:32:11,20:02:11,2026/06/11,2026/06/11,866726066636401,405856151004844,2405:0200:5213:2A:3903:220:2:6,Jionet,405856044a323,405856044a323,2026/06/11 19:33:17,186.156,123355877,133715544,HOME,Bihar,
,,,,,917301042183,917301042183,2409:40e4:1103:59d5:e0ce:3cff:fee1:f5f7,44836,,,2a03:2880:f346:3:face:b00c:0:4c63,443,Dynamic,19:32:11,20:02:11,2026/06/11,2026/06/11,866726066636401,405856151004844,2405:0200:5213:2A:3903:220:2:6,Jionet,405856044a323,405856044a323,2026/06/11 19:33:17,186.156,24520,41344,HOME,Bihar,
,,,,,917301042183,917301042183,2409:40e4:1103:59d5:e0ce:3cff:fee1:f5f7,47999,,,2a03:2880:f368:136:face:b00c:0:b1,3478,Dynamic,19:32:11,20:02:11,2026/06/11,2026/06/11,866726066636401,405856151004844,2405:0200:5213:2A:3903:220:2:6,Jionet,405856044a323,405856044a323,2026/06/11 19:34:21,105.786,123355877,133715544,HOME,Bihar,
,,,,,917301042183,917301042183,2409:40e4:1103:59d5:e0ce:3cff:fee1:f5f7,47999,,,2a03:2880:f368:136:face:b00c:0:b1,3478,Dynamic,19:32:11,20:02:11,2026/06/11,2026/06/11,866726066636401,405856151004844,2405:0200:5213:2A:3903:220:2:6,Jionet,405856044a323,405856044a323,2026/06/11 19:34:21,105.786,24520,41344,HOME,Bihar,
,,,,,917301042183,917301042183,2409:40e4:1103:59d5:e0ce:3cff:fee1:f5f7,43004,,,2405:200:1607:2820:41::36,443,Dynamic,19:32:11,20:02:11,2026/06/11,2026/06/11,866726066636401,405856151004844,2405:0200:5213:2A:3903:220:2:6,Jionet,405856044a323,405856044a323,2026/06/11 19:34:32,118.128,123355877,133715544,HOME,Bihar,
,,,,,917301042183,917301042183,2409:40e4:1103:59d5:e0ce:3cff:fee1:f5f7,43004,,,2405:200:1607:2820:41::36,443,Dynamic,19:32:11,20:02:11,2026/06/11,2026/06/11,866726066636401,405856151004844,2405:0200:5213:2A:3903:220:2:6,Jionet,405856044a323,405856044a323,2026/06/11 19:34:32,118.128,24520,41344,HOME,Bihar,
,,,,,917301042183,917301042183,2409:40e4:1103:59d5:e0ce:3cff:fee1:f5f7,39094,,,2a03:2880:f26b:1c5:face:b00c:0:177,3478,Dynamic,19:32:11,20:02:11,2026/06/11,2026/06/11,866726066636401,405856151004844,2405:0200:5213:2A:3903:220:2:6,Jionet,405856044a323,405856044a323,2026/06/11 19:34:13,120.036,123355877,133715544,HOME,Bihar,
,,,,,917301042183,917301042183,2409:40e4:1103:59d5:e0ce:3cff:fee1:f5f7,39094,,,2a03:2880:f26b:1c5:face:b00c:0:177,3478,Dynamic,19:32:11,20:02:11,2026/06/11,2026/06/11,866726066636401,405856151004844,2405:0200:5213:2A:3903:220:2:6,Jionet,405856044a323,405856044a323,2026/06/11 19:34:13,120.036,24520,41344,HOME,Bihar,
,,,,,917301042183,917301042183,2409:40e4:1103:59d5:e0ce:3cff:fee1:f5f7,47458,,,2404:6800:4003:c20::bc,5228,Dynamic,19:32:11,20:02:11,2026/06/11,2026/06/11,866726066636401,405856151004844,2405:0200:5213:2A:3903:220:2:6,Jionet,405856044a323,405856044a323,2026/06/11 19:33:17,178.555,123355877,133715544,HOME,Bihar,
,,,,,917301042183,917301042183,2409:40e4:1103:59d5:e0ce:3cff:fee1:f5f7,47458,,,2404:6800:4003:c20::bc,5228,Dynamic,19:32:11,20:02:11,2026/06/11,2026/06/11,866726066636401,405856151004844,2405:0200:5213:2A:3903:220:2:6,Jionet,405856044a323,405856044a323,2026/06/11 19:33:17,178.555,24520,41344,HOME,Bihar,
,,,,,917301042183,917301042183,2409:40e4:1103:59d5:e0ce:3cff:fee1:f5f7,47999,,,2a03:2880:f26b:1c5:face:b00c:0:177,3478,Dynamic,19:32:11,20:02:11,2026/06/11,2026/06/11,866726066636401,405856151004844,2405:0200:5213:2A:3903:220:2:6,Jionet,405856044a323,405856044a323,2026/06/11 19:34:21,110.666,123355877,133715544,HOME,Bihar,
,,,,,917301042183,917301042183,2409:40e4:1103:59d5:e0ce:3cff:fee1:f5f7,47999,,,2a03:2880:f26b:1c5:face:b00c:0:177,3478,Dynamic,19:32:11,20:02:11,2026/06/11,2026/06/11,866726066636401,405856151004844,2405:0200:5213:2A:3903:220:2:6,Jionet,405856044a323,405856044a323,2026/06/11 19:34:21,110.666,24520,41344,HOME,Bihar,
,,,,,917301042183,917301042183,2409:40e4:1103:59d5:e0ce:3cff:fee1:f5f7,49392,,,2a03:2880:f346:8d:face:b00c:0:2,443,Dynamic,19:32:11,20:02:11,2026/06/11,2026/06/11,866726066636401,405856151004844,2405:0200:5213:2A:3903:220:2:6,Jionet,405856044a323,405856044a323,2026/06/11 19:37:31,11.489,123355877,133715544,HOME,Bihar,
,,,,,917301042183,917301042183,2409:40e4:1103:59d5:e0ce:3cff:fee1:f5f7,49392,,,2a03:2880:f346:8d:face:b00c:0:2,443,Dynamic,19:32:11,20:02:11,2026/06/11,2026/06/11,866726066636401,405856151004844,2405:0200:5213:2A:3903:220:2:6,Jionet,405856044a323,405856044a323,2026/06/11 19:37:31,11.489,24520,41344,HOME,Bihar,
,,,,,917301042183,917301042183,2409:40e4:1103:59d5:e0ce:3cff:fee1:f5f7,37352,,,2a03:2880:f346:3:face:b00c:0:4c63,443,Dynamic,19:32:11,20:02:11,2026/06/11,2026/06/11,866726066636401,405856151004844,2405:0200:5213:2A:3903:220:2:6,Jionet,405856044a323,405856044a323,2026/06/11 19:51:39,155.361,123355877,133715544,HOME,Bihar,
,,,,,917301042183,917301042183,2409:40e4:1103:59d5:e0ce:3cff:fee1:f5f7,37352,,,2a03:2880:f346:3:face:b00c:0:4c63,443,Dynamic,19:32:11,20:02:11,2026/06/11,2026/06/11,866726066636401,405856151004844,2405:0200:5213:2A:3903:220:2:6,Jionet,405856044a323,405856044a323,2026/06/11 19:51:39,155.361,24520,41344,HOME,Bihar,
,,,,,917301042183,917301042183,2409:40e4:1103:59d5:e0ce:3cff:fee1:f5f7,42288,,,2a03:2880:f346:8d:face:b00c:0:2,443,Dynamic,18:57:58,19:27:58,2026/06/11,2026/06/11,866726066636401,405856151004844,2405:0200:5213:2A:3903:220:2:6,Jionet,4058560c3458002,4058560c3458002,2026/06/11 19:23:45,2.352,24301555,100711249,HOME,Bihar,
,,,,,917301042183,917301042183,2409:40e4:1103:59d5:e0ce:3cff:fee1:f5f7,42288,,,2a03:2880:f346:8d:face:b00c:0:2,443,Dynamic,18:57:58,19:27:58,2026/06/11,2026/06/11,866726066636401,405856151004844,2405:0200:5213:2A:3903:220:2:6,Jionet,4058560c3458002,4058560c3458002,2026/06/11 19:23:45,2.352,20786,37305,HOME,Bihar,
,,,,,917301042183,917301042183,2409:40e4:1103:59d5:e0ce:3cff:fee1:f5f7,47654,,,2405:200:1630:ba3::d,443,Dynamic,18:57:58,19:27:58,2026/06/11,2026/06/11,866726066636401,405856151004844,2405:0200:5213:2A:3903:220:2:6,Jionet,4058560c3458002,4058560c3458002,2026/06/11 19:03:54,125.089,24301555,100711249,HOME,Bihar,
,,,,,917301042183,917301042183,2409:40e4:1103:59d5:e0ce:3cff:fee1:f5f7,47654,,,2405:200:1630:ba3::d,443,Dynamic,18:57:58,19:27:58,2026/06/11,2026/06/11,866726066636401,405856151004844,2405:0200:5213:2A:3903:220:2:6,Jionet,4058560c3458002,4058560c3458002,2026/06/11 19:03:54,125.089,20786,37305,HOME,Bihar,
,,,,,917301042183,917301042183,2409:40e4:1103:59d5:e0ce:3cff:fee1:f5f7,44101,,,2404:6800:4003:c11::84,443,Dynamic,18:57:58,19:27:58,2026/06/11,2026/06/11,866726066636401,405856151004844,2405:0200:5213:2A:3903:220:2:6,Jionet,4058560c3458002,4058560c3458002,2026/06/11 19:04:31,73.638,24301555,100711249,HOME,Bihar,
,,,,,917301042183,917301042183,2409:40e4:1103:59d5:e0ce:3cff:fee1:f5f7,44101,,,2404:6800:4003:c11::84,443,Dynamic,18:57:58,19:27:58,2026/06/11,2026/06/11,866726066636401,405856151004844,2405:0200:5213:2A:3903:220:2:6,Jionet,4058560c3458002,4058560c3458002,2026/06/11 19:04:31,73.638,20786,37305,HOME,Bihar,
,,,,,917301042183,917301042183,2409:40e4:1103:59d5:e0ce:3cff:fee1:f5f7,45314,,,2405:200:1630:ba3::11,443,Dynamic,18:57:58,19:27:58,2026/06/11,2026/06/11,866726066636401,405856151004844,2405:0200:5213:2A:3903:220:2:6,Jionet,4058560c3458002,4058560c3458002,2026/06/11 19:04:29,87.868,24301555,100711249,HOME,Bihar,
,,,,,917301042183,917301042183,2409:40e4:1103:59d5:e0ce:3cff:fee1:f5f7,45314,,,2405:200:1630:ba3::11,443,Dynamic,18:57:58,19:27:58,2026/06/11,2026/06/11,866726066636401,405856151004844,2405:0200:5213:2A:3903:220:2:6,Jionet,4058560c3458002,4058560c3458002,2026/06/11 19:04:29,87.868,20786,37305,HOME,Bihar,
,,,,,917301042183,917301042183,2409:40e4:1103:59d5:e0ce:3cff:fee1:f5f7,46767,,,2405:200:1630:ba3::d,443,Dynamic,18:57:58,19:27:58,2026/06/11,2026/06/11,866726066636401,405856151004844,2405:0200:5213:2A:3903:220:2:6,Jionet,4058560c3458002,4058560c3458002,2026/06/11 19:03:55,98.021,24301555,100711249,HOME,Bihar,
,,,,,917301042183,917301042183,2409:40e4:1103:59d5:e0ce:3cff:fee1:f5f7,46767,,,2405:200:1630:ba3::d,443,Dynamic,18:57:58,19:27:58,2026/06/11,2026/06/11,866726066636401,405856151004844,2405:0200:5213:2A:3903:220:2:6,Jionet,4058560c3458002,4058560c3458002,2026/06/11 19:03:55,98.021,20786,37305,HOME,Bihar,
,,,,,917301042183,917301042183,2409:40e4:1103:59d5:e0ce:3cff:fee1:f5f7,38408,,,2404:6800:4000:1006::66,443,Dynamic,18:57:58,19:27:58,2026/06/11,2026/06/11,866726066636401,405856151004844,2405:0200:5213:2A:3903:220:2:6,Jionet,4058560c3458002,4058560c3458002,2026/06/11 19:04:00,110.82,24301555,100711249,HOME,Bihar,
,,,,,917301042183,917301042183,2409:40e4:1103:59d5:e0ce:3cff:fee1:f5f7,38408,,,2404:6800:4000:1006::66,443,Dynamic,18:57:58,19:27:58,2026/06/11,2026/06/11,866726066636401,405856151004844,2405:0200:5213:2A:3903:220:2:6,Jionet,4058560c3458002,4058560c3458002,2026/06/11 19:04:00,110.82,20786,37305,HOME,Bihar,
,,,,,917301042183,917301042183,2409:40e4:1103:59d5:e0ce:3cff:fee1:f5f7,40480,,,2404:6800:4000:100c::71,443,Dynamic,18:57:58,19:27:58,2026/06/11,2026/06/11,866726066636401,405856151004844,2405:0200:5213:2A:3903:220:2:6,Jionet,4058560c3458002,4058560c3458002,2026/06/11 19:04:07,85.835,24301555,100711249,HOME,Bihar,
,,,,,917301042183,917301042183,2409:40e4:1103:59d5:e0ce:3cff:fee1:f5f7,40480,,,2404:6800:4000:100c::71,443,Dynamic,18:57:58,19:27:58,2026/06/11,2026/06/11,866726066636401,405856151004844,2405:0200:5213:2A:3903:220:2:6,Jionet,4058560c3458002,4058560c3458002,2026/06/11 19:04:07,85.835,20786,37305,HOME,Bihar,
,,,,,917301042183,917301042183,2409:40e4:1103:59d5:e0ce:3cff:fee1:f5f7,47634,,,2405:200:1630:ba3::d,443,Dynamic,18:57:58,19:27:58,2026/06/11,2026/06/11,866726066636401,405856151004844,2405:0200:5213:2A:3903:220:2:6,Jionet,4058560c3458002,4058560c3458002,2026/06/11 19:03:54,115.805,24301555,100711249,HOME,Bihar,
,,,,,917301042183,917301042183,2409:40e4:1103:59d5:e0ce:3cff:fee1:f5f7,47634,,,2405:200:1630:ba3::d,443,Dynamic,18:57:58,19:27:58,2026/06/11,2026/06/11,866726066636401,405856151004844,2405:0200:5213:2A:3903:220:2:6,Jionet,4058560c3458002,4058560c3458002,2026/06/11 19:03:54,115.805,20786,37305,HOME,Bihar,
,,,,,917301042183,917301042183,2409:40e4:1103:59d5:e0ce:3cff:fee1:f5f7,46718,,,2404:6800:4009:818::200e,443,Dynamic,18:57:58,19:27:58,2026/06/11,2026/06/11,866726066636401,405856151004844,2405:0200:5213:2A:3903:220:2:6,Jionet,4058560c3458002,4058560c3458002,2026/06/11 19:05:15,21.351,24301555,100711249,HOME,Bihar,
,,,,,917301042183,917301042183,2409:40e4:1103:59d5:e0ce:3cff:fee1:f5f7,46718,,,2404:6800:4009:818::200e,443,Dynamic,18:57:58,19:27:58,2026/06/11,2026/06/11,866726066636401,405856151004844,2405:0200:5213:2A:3903:220:2:6,Jionet,4058560c3458002,4058560c3458002,2026/06/11 19:05:15,21.351,20786,37305,HOME,Bihar,
,,,,,917301042183,917301042183,2409:40e4:1103:59d5:e0ce:3cff:fee1:f5f7,45298,,,2405:200:1630:ba3::11,443,Dynamic,18:57:58,19:27:58,2026/06/11,2026/06/11,866726066636401,405856151004844,2405:0200:5213:2A:3903:220:2:6,Jionet,4058560c3458002,4058560c3458002,2026/06/11 19:04:29,88.132,24301555,100711249,HOME,Bihar,
,,,,,917301042183,917301042183,2409:40e4:1103:59d5:e0ce:3cff:fee1:f5f7,45298,,,2405:200:1630:ba3::11,443,Dynamic,18:57:58,19:27:58,2026/06/11,2026/06/11,866726066636401,405856151004844,2405:0200:5213:2A:3903:220:2:6,Jionet,4058560c3458002,4058560c3458002,2026/06/11 19:04:29,88.132,20786,37305,HOME,Bihar,
,,,,,917301042183,917301042183,2409:40e4:1103:59d5:e0ce:3cff:fee1:f5f7,38637,,,2404:6800:4000:100c::5d,443,Dynamic,18:57:58,19:27:58,2026/06/11,2026/06/11,866726066636401,405856151004844,2405:0200:5213:2A:3903:220:2:6,Jionet,4058560c3458002,4058560c3458002,2026/06/11 19:04:30,64.96,24301555,100711249,HOME,Bihar,
,,,,,917301042183,917301042183,2409:40e4:1103:59d5:e0ce:3cff:fee1:f5f7,38637,,,2404:6800:4000:100c::5d,443,Dynamic,18:57:58,19:27:58,2026/06/11,2026/06/11,866726066636401,405856151004844,2405:0200:5213:2A:3903:220:2:6,Jionet,4058560c3458002,4058560c3458002,2026/06/11 19:04:30,64.96,20786,37305,HOME,Bihar,
,,,,,917301042183,917301042183,2409:40e4:1103:59d5:e0ce:3cff:fee1:f5f7,38908,,,2404:6800:4003:c11::84,443,Dynamic,18:57:58,19:27:58,2026/06/11,2026/06/11,866726066636401,405856151004844,2405:0200:5213:2A:3903:220:2:6,Jionet,4058560c3458002,4058560c3458002,2026/06/11 19:04:32,85.004,24301555,100711249,HOME,Bihar,
,,,,,917301042183,917301042183,2409:40e4:1103:59d5:e0ce:3cff:fee1:f5f7,38908,,,2404:6800:4003:c11::84,443,Dynamic,18:57:58,19:27:58,2026/06/11,2026/06/11,866726066636401,405856151004844,2405:0200:5213:2A:3903:220:2:6,Jionet,4058560c3458002,4058560c3458002,2026/06/11 19:04:32,85.004,20786,37305,HOME,Bihar,
,,,,,917301042183,917301042183,2409:40e4:1103:59d5:e0ce:3cff:fee1:f5f7,38906,,,2404:6800:4003:c11::84,443,Dynamic,18:57:58,19:27:58,2026/06/11,2026/06/11,866726066636401,405856151004844,2405:0200:5213:2A:3903:220:2:6,Jionet,4058560c3458002,4058560c3458002,2026/06/11 19:04:33,9.547,24301555,100711249,HOME,Bihar,
,,,,,917301042183,917301042183,2409:40e4:1103:59d5:e0ce:3cff:fee1:f5f7,38906,,,2404:6800:4003:c11::84,443,Dynamic,18:57:58,19:27:58,2026/06/11,2026/06/11,866726066636401,405856151004844,2405:0200:5213:2A:3903:220:2:6,Jionet,4058560c3458002,4058560c3458002,2026/06/11 19:04:33,9.547,20786,37305,HOME,Bihar,
,,,,,917301042183,917301042183,2409:40e4:1103:59d5:e0ce:3cff:fee1:f5f7,45650,,,2405:200:1630:ba3::d,443,Dynamic,18:57:58,19:27:58,2026/06/11,2026/06/11,866726066636401,405856151004844,2405:0200:5213:2A:3903:220:2:6,Jionet,4058560c3458002,4058560c3458002,2026/06/11 19:03:54,89.384,24301555,100711249,HOME,Bihar,
,,,,,917301042183,917301042183,2409:40e4:1103:59d5:e0ce:3cff:fee1:f5f7,45650,,,2405:200:1630:ba3::d,443,Dynamic,18:57:58,19:27:58,2026/06/11,2026/06/11,866726066636401,405856151004844,2405:0200:5213:2A:3903:220:2:6,Jionet,4058560c3458002,4058560c3458002,2026/06/11 19:03:54,89.384,20786,37305,HOME,Bihar,
,,,,,917301042183,917301042183,2409:40e4:1103:59d5:e0ce:3cff:fee1:f5f7,45292,,,2001:4860:4802:36::223,443,Dynamic,18:57:58,19:27:58,2026/06/11,2026/06/11,866726066636401,405856151004844,2405:0200:5213:2A:3903:220:2:6,Jionet,4058560c3458002,4058560c3458002,2026/06/11 19:03:50,80.859,24301555,100711249,HOME,Bihar,
,,,,,917301042183,917301042183,2409:40e4:1103:59d5:e0ce:3cff:fee1:f5f7,45292,,,2001:4860:4802:36::223,443,Dynamic,18:57:58,19:27:58,2026/06/11,2026/06/11,866726066636401,405856151004844,2405:0200:5213:2A:3903:220:2:6,Jionet,4058560c3458002,4058560c3458002,2026/06/11 19:03:50,80.859,20786,37305,HOME,Bihar,
,,,,,917301042183,917301042183,2409:40e4:1103:59d5:e0ce:3cff:fee1:f5f7,47458,,,2404:6800:4003:c20::bc,5228,Dynamic,18:57:58,19:27:58,2026/06/11,2026/06/11,866726066636401,405856151004844,2405:0200:5213:2A:3903:220:2:6,Jionet,4058560c3458002,4058560c3458002,2026/06/11 19:03:47,88.124,24301555,100711249,HOME,Bihar,
,,,,,917301042183,917301042183,2409:40e4:1103:59d5:e0ce:3cff:fee1:f5f7,47458,,,2404:6800:4003:c20::bc,5228,Dynamic,18:57:58,19:27:58,2026/06/11,2026/06/11,866726066636401,405856151004844,2405:0200:5213:2A:3903:220:2:6,Jionet,4058560c3458002,4058560c3458002,2026/06/11 19:03:47,88.124,20786,37305,HOME,Bihar,
,,,,,917301042183,917301042183,2409:40e4:1103:59d5:e0ce:3cff:fee1:f5f7,43945,,,2404:6800:4000:1006::66,443,Dynamic,18:57:58,19:27:58,2026/06/11,2026/06/11,866726066636401,405856151004844,2405:0200:5213:2A:3903:220:2:6,Jionet,4058560c3458002,4058560c3458002,2026/06/11 19:04:00,63.611,24301555,100711249,HOME,Bihar,
,,,,,917301042183,917301042183,2409:40e4:1103:59d5:e0ce:3cff:fee1:f5f7,43945,,,2404:6800:4000:1006::66,443,Dynamic,18:57:58,19:27:58,2026/06/11,2026/06/11,866726066636401,405856151004844,2405:0200:5213:2A:3903:220:2:6,Jionet,4058560c3458002,4058560c3458002,2026/06/11 19:04:00,63.611,20786,37305,HOME,Bihar,
,,,,,917301042183,917301042183,2409:40e4:1103:59d5:e0ce:3cff:fee1:f5f7,47070,,,2a03:2880:f311:120:face:b00c:0:167,443,Dynamic,18:57:58,19:27:58,2026/06/11,2026/06/11,866726066636401,405856151004844,2405:0200:5213:2A:3903:220:2:6,Jionet,4058560c3458002,4058560c3458002,2026/06/11 19:03:54,81.124,24301555,100711249,HOME,Bihar,
,,,,,917301042183,917301042183,2409:40e4:1103:59d5:e0ce:3cff:fee1:f5f7,47070,,,2a03:2880:f311:120:face:b00c:0:167,443,Dynamic,18:57:58,19:27:58,2026/06/11,2026/06/11,866726066636401,405856151004844,2405:0200:5213:2A:3903:220:2:6,Jionet,4058560c3458002,4058560c3458002,2026/06/11 19:03:54,81.124,20786,37305,HOME,Bihar,
,,,,,917301042183,917301042183,2409:40e4:1103:59d5:e0ce:3cff:fee1:f5f7,45332,,,2001:4860:4802:36::223,443,Dynamic,18:57:58,19:27:58,2026/06/11,2026/06/11,866726066636401,405856151004844,2405:0200:5213:2A:3903:220:2:6,Jionet,4058560c3458002,4058560c3458002,2026/06/11 19:03:55,88.6,24301555,100711249,HOME,Bihar,
,,,,,917301042183,917301042183,2409:40e4:1103:59d5:e0ce:3cff:fee1:f5f7,45332,,,2001:4860:4802:36::223,443,Dynamic,18:57:58,19:27:58,2026/06/11,2026/06/11,866726066636401,405856151004844,2405:0200:5213:2A:3903:220:2:6,Jionet,4058560c3458002,4058560c3458002,2026/06/11 19:03:55,88.6,20786,37305,HOME,Bihar,
,,,,,917301042183,917301042183,2409:40e4:1103:59d5:e0ce:3cff:fee1:f5f7,45312,,,2001:4860:4802:36::223,443,Dynamic,18:57:58,19:27:58,2026/06/11,2026/06/11,866726066636401,405856151004844,2405:0200:5213:2A:3903:220:2:6,Jionet,4058560c3458002,4058560c3458002,2026/06/11 19:03:54,89.208,24301555,100711249,HOME,Bihar,
,,,,,917301042183,917301042183,2409:40e4:1103:59d5:e0ce:3cff:fee1:f5f7,45312,,,2001:4860:4802:36::223,443,Dynamic,18:57:58,19:27:58,2026/06/11,2026/06/11,866726066636401,405856151004844,2405:0200:5213:2A:3903:220:2:6,Jionet,4058560c3458002,4058560c3458002,2026/06/11 19:03:54,89.208,20786,37305,HOME,Bihar,
,,,,,917301042183,917301042183,2409:40e4:1103:59d5:e0ce:3cff:fee1:f5f7,37300,,,2a03:2880:f311:121:face:b00c:0:7260,5222,Dynamic,18:57:58,19:27:58,2026/06/11,2026/06/11,866726066636401,405856151004844,2405:0200:5213:2A:3903:220:2:6,Jionet,4058560c3458002,4058560c3458002,2026/06/11 19:03:54,85.008,24301555,100711249,HOME,Bihar,
,,,,,917301042183,917301042183,2409:40e4:1103:59d5:e0ce:3cff:fee1:f5f7,37300,,,2a03:2880:f311:121:face:b00c:0:7260,5222,Dynamic,18:57:58,19:27:58,2026/06/11,2026/06/11,866726066636401,405856151004844,2405:0200:5213:2A:3903:220:2:6,Jionet,4058560c3458002,4058560c3458002,2026/06/11 19:03:54,85.008,20786,37305,HOME,Bihar,
,,,,,917301042183,917301042183,2409:40e4:1103:59d5:e0ce:3cff:fee1:f5f7,42354,,,2404:6800:4000:100c::71,443,Dynamic,18:57:58,19:27:58,2026/06/11,2026/06/11,866726066636401,405856151004844,2405:0200:5213:2A:3903:220:2:6,Jionet,4058560c3458002,4058560c3458002,2026/06/11 19:03:58,85.307,24301555,100711249,HOME,Bihar,
,,,,,917301042183,917301042183,2409:40e4:1103:59d5:e0ce:3cff:fee1:f5f7,42354,,,2404:6800:4000:100c::71,443,Dynamic,18:57:58,19:27:58,2026/06/11,2026/06/11,866726066636401,405856151004844,2405:0200:5213:2A:3903:220:2:6,Jionet,4058560c3458002,4058560c3458002,2026/06/11 19:03:58,85.307,20786,37305,HOME,Bihar,
,,,,,917301042183,917301042183,2409:40e4:1103:59d5:e0ce:3cff:fee1:f5f7,45322,,,2001:4860:4802:36::223,443,Dynamic,18:57:58,19:27:58,2026/06/11,2026/06/11,866726066636401,405856151004844,2405:0200:5213:2A:3903:220:2:6,Jionet,4058560c3458002,4058560c3458002,2026/06/11 19:03:55,88.696,24301555,100711249,HOME,Bihar,
,,,,,917301042183,917301042183,2409:40e4:1103:59d5:e0ce:3cff:fee1:f5f7,45322,,,2001:4860:4802:36::223,443,Dynamic,18:57:58,19:27:58,2026/06/11,2026/06/11,866726066636401,405856151004844,2405:0200:5213:2A:3903:220:2:6,Jionet,4058560c3458002,4058560c3458002,2026/06/11 19:03:55,88.696,20786,37305,HOME,Bihar,
,,,,,917301042183,917301042183,2409:40e4:1103:59d5:e0ce:3cff:fee1:f5f7,48664,,,2404:6800:4000:100c::5d,443,Dynamic,18:57:58,19:27:58,2026/06/11,2026/06/11,866726066636401,405856151004844,2405:0200:5213:2A:3903:220:2:6,Jionet,4058560c3458002,4058560c3458002,2026/06/11 19:03:59,84.624,24301555,100711249,HOME,Bihar,
,,,,,917301042183,917301042183,2409:40e4:1103:59d5:e0ce:3cff:fee1:f5f7,48664,,,2404:6800:4000:100c::5d,443,Dynamic,18:57:58,19:27:58,2026/06/11,2026/06/11,866726066636401,405856151004844,2405:0200:5213:2A:3903:220:2:6,Jionet,4058560c3458002,4058560c3458002,2026/06/11 19:03:59,84.624,20786,37305,HOME,Bihar,
,,,,,917301042183,917301042183,2409:40e4:1103:59d5:e0ce:3cff:fee1:f5f7,47646,,,2405:200:1630:ba3::d,443,Dynamic,18:57:58,19:27:58,2026/06/11,2026/06/11,866726066636401,405856151004844,2405:0200:5213:2A:3903:220:2:6,Jionet,4058560c3458002,4058560c3458002,2026/06/11 19:03:54,89.568,24301555,100711249,HOME,Bihar,
,,,,,917301042183,917301042183,2409:40e4:1103:59d5:e0ce:3cff:fee1:f5f7,47646,,,2405:200:1630:ba3::d,443,Dynamic,18:57:58,19:27:58,2026/06/11,2026/06/11,866726066636401,405856151004844,2405:0200:5213:2A:3903:220:2:6,Jionet,4058560c3458002,4058560c3458002,2026/06/11 19:03:54,89.568,20786,37305,HOME,Bihar,
,,,,,917301042183,917301042183,2409:40e4:1103:59d5:e0ce:3cff:fee1:f5f7,45296,,,2001:4860:4802:36::223,443,Dynamic,18:57:58,19:27:58,2026/06/11,2026/06/11,866726066636401,405856151004844,2405:0200:5213:2A:3903:220:2:6,Jionet,4058560c3458002,4058560c3458002,2026/06/11 19:03:51,92.968,24301555,100711249,HOME,Bihar,
,,,,,917301042183,917301042183,2409:40e4:1103:59d5:e0ce:3cff:fee1:f5f7,45296,,,2001:4860:4802:36::223,443,Dynamic,18:57:58,19:27:58,2026/06/11,2026/06/11,866726066636401,405856151004844,2405:0200:5213:2A:3903:220:2:6,Jionet,4058560c3458002,4058560c3458002,2026/06/11 19:03:51,92.968,20786,37305,HOME,Bihar,
,,,,,917301042183,917301042183,2409:40e4:1103:59d5:e0ce:3cff:fee1:f5f7,46732,,,2404:6800:4009:818::200e,443,Dynamic,18:57:58,19:27:58,2026/06/11,2026/06/11,866726066636401,405856151004844,2405:0200:5213:2A:3903:220:2:6,Jionet,4058560c3458002,4058560c3458002,2026/06/11 19:05:15,9.345,24301555,100711249,HOME,Bihar,
,,,,,917301042183,917301042183,2409:40e4:1103:59d5:e0ce:3cff:fee1:f5f7,46732,,,2404:6800:4009:818::200e,443,Dynamic,18:57:58,19:27:58,2026/06/11,2026/06/11,866726066636401,405856151004844,2405:0200:5213:2A:3903:220:2:6,Jionet,4058560c3458002,4058560c3458002,2026/06/11 19:05:15,9.345,20786,37305,HOME,Bihar,
,,,,,917301042183,917301042183,2409:40e4:1103:59d5:e0ce:3cff:fee1:f5f7,45286,,,2001:4860:4802:36::223,443,Dynamic,18:57:58,19:27:58,2026/06/11,2026/06/11,866726066636401,405856151004844,2405:0200:5213:2A:3903:220:2:6,Jionet,4058560c3458002,4058560c3458002,2026/06/11 19:03:50,94.048,24301555,100711249,HOME,Bihar,
,,,,,917301042183,917301042183,2409:40e4:1103:59d5:e0ce:3cff:fee1:f5f7,45286,,,2001:4860:4802:36::223,443,Dynamic,18:57:58,19:27:58,2026/06/11,2026/06/11,866726066636401,405856151004844,2405:0200:5213:2A:3903:220:2:6,Jionet,4058560c3458002,4058560c3458002,2026/06/11 19:03:50,94.048,20786,37305,HOME,Bihar,
,,,,,917301042183,917301042183,2409:40e4:1103:59d5:e0ce:3cff:fee1:f5f7,38628,,,2404:6800:4009:80b::200e,443,Dynamic,18:57:58,19:27:58,2026/06/11,2026/06/11,866726066636401,405856151004844,2405:0200:5213:2A:3903:220:2:6,Jionet,4058560c3458002,4058560c3458002,2026/06/11 19:03:59,82.098,24301555,100711249,HOME,Bihar,
,,,,,917301042183,917301042183,2409:40e4:1103:59d5:e0ce:3cff:fee1:f5f7,38628,,,2404:6800:4009:80b::200e,443,Dynamic,18:57:58,19:27:58,2026/06/11,2026/06/11,866726066636401,405856151004844,2405:0200:5213:2A:3903:220:2:6,Jionet,4058560c3458002,4058560c3458002,2026/06/11 19:03:59,82.098,20786,37305,HOME,Bihar,
,,,,,917301042183,917301042183,2409:40e4:1103:59d5:e0ce:3cff:fee1:f5f7,44862,,,2404:6800:4003:c02::77,443,Dynamic,18:57:58,19:27:58,2026/06/11,2026/06/11,866726066636401,405856151004844,2405:0200:5213:2A:3903:220:2:6,Jionet,4058560c3458002,4058560c3458002,2026/06/11 19:03:55,88.299,24301555,100711249,HOME,Bihar,
,,,,,917301042183,917301042183,2409:40e4:1103:59d5:e0ce:3cff:fee1:f5f7,44862,,,2404:6800:4003:c02::77,443,Dynamic,18:57:58,19:27:58,2026/06/11,2026/06/11,866726066636401,405856151004844,2405:0200:5213:2A:3903:220:2:6,Jionet,4058560c3458002,4058560c3458002,2026/06/11 19:03:55,88.299,20786,37305,HOME,Bihar,
,,,,,917301042183,917301042183,2409:40e4:1103:59d5:e0ce:3cff:fee1:f5f7,38628,,,2404:6800:4009:80b::200e,443,Dynamic,18:57:58,19:27:58,2026/06/11,2026/06/11,866726066636401,405856151004844,2405:0200:5213:2A:3903:220:2:6,Jionet,4058560c3458002,4058560c3458002,2026/06/11 19:06:59,11.017,24301555,100711249,HOME,Bihar,
,,,,,917301042183,917301042183,2409:40e4:1103:59d5:e0ce:3cff:fee1:f5f7,38628,,,2404:6800:4009:80b::200e,443,Dynamic,18:57:58,19:27:58,2026/06/11,2026/06/11,866726066636401,405856151004844,2405:0200:5213:2A:3903:220:2:6,Jionet,4058560c3458002,4058560c3458002,2026/06/11 19:06:59,11.017,20786,37305,HOME,Bihar,
,,,,,917301042183,917301042183,2409:40e4:1103:59d5:e0ce:3cff:fee1:f5f7,39915,,,2404:6800:4000:100c::5d,443,Dynamic,18:57:58,19:27:58,2026/06/11,2026/06/11,866726066636401,405856151004844,2405:0200:5213:2A:3903:220:2:6,Jionet,4058560c3458002,4058560c3458002,2026/06/11 19:05:20,89.352,24301555,100711249,HOME,Bihar,
,,,,,917301042183,917301042183,2409:40e4:1103:59d5:e0ce:3cff:fee1:f5f7,39915,,,2404:6800:4000:100c::5d,443,Dynamic,18:57:58,19:27:58,2026/06/11,2026/06/11,866726066636401,405856151004844,2405:0200:5213:2A:3903:220:2:6,Jionet,4058560c3458002,4058560c3458002,2026/06/11 19:05:20,89.352,20786,37305,HOME,Bihar,
,,,,,917301042183,917301042183,2409:40e4:1103:59d5:e0ce:3cff:fee1:f5f7,37352,,,2a03:2880:f346:3:face:b00c:0:4c63,443,Dynamic,18:57:58,19:27:58,2026/06/11,2026/06/11,866726066636401,405856151004844,2405:0200:5213:2A:3903:220:2:6,Jionet,4058560c3458002,4058560c3458002,2026/06/11 19:02:31,223.829,24301555,100711249,HOME,Bihar,
,,,,,917301042183,917301042183,2409:40e4:1103:59d5:e0ce:3cff:fee1:f5f7,37352,,,2a03:2880:f346:3:face:b00c:0:4c63,443,Dynamic,18:57:58,19:27:58,2026/06/11,2026/06/11,866726066636401,405856151004844,2405:0200:5213:2A:3903:220:2:6,Jionet,4058560c3458002,4058560c3458002,2026/06/11 19:02:31,223.829,20786,37305,HOME,Bihar,
,,,,,917301042183,917301042183,2409:40e4:1103:59d5:e0ce:3cff:fee1:f5f7,44830,,,2001:4860:4802:32::223,443,Dynamic,18:57:58,19:27:58,2026/06/11,2026/06/11,866726066636401,405856151004844,2405:0200:5213:2A:3903:220:2:6,Jionet,4058560c3458002,4058560c3458002,2026/06/11 19:06:34,21.211,24301555,100711249,HOME,Bihar,
,,,,,917301042183,917301042183,2409:40e4:1103:59d5:e0ce:3cff:fee1:f5f7,44830,,,2001:4860:4802:32::223,443,Dynamic,18:57:58,19:27:58,2026/06/11,2026/06/11,866726066636401,405856151004844,2405:0200:5213:2A:3903:220:2:6,Jionet,4058560c3458002,4058560c3458002,2026/06/11 19:06:34,21.211,20786,37305,HOME,Bihar,
,,,,,917301042183,917301042183,2409:40e4:1103:59d5:e0ce:3cff:fee1:f5f7,40477,,,2404:6800:4003:c1a::84,443,Dynamic,18:57:58,19:27:58,2026/06/11,2026/06/11,866726066636401,405856151004844,2405:0200:5213:2A:3903:220:2:6,Jionet,4058560c3458002,4058560c3458002,2026/06/11 19:04:29,115.475,24301555,100711249,HOME,Bihar,
,,,,,917301042183,917301042183,2409:40e4:1103:59d5:e0ce:3cff:fee1:f5f7,40477,,,2404:6800:4003:c1a::84,443,Dynamic,18:57:58,19:27:58,2026/06/11,2026/06/11,866726066636401,405856151004844,2405:0200:5213:2A:3903:220:2:6,Jionet,4058560c3458002,4058560c3458002,2026/06/11 19:04:29,115.475,20786,37305,HOME,Bihar,
,,,,,917301042183,917301042183,2409:40e4:1103:59d5:e0ce:3cff:fee1:f5f7,38356,,,2405:200:1630:ba3::11,443,Dynamic,18:57:58,19:27:58,2026/06/11,2026/06/11,866726066636401,405856151004844,2405:0200:5213:2A:3903:220:2:6,Jionet,4058560c3458002,4058560c3458002,2026/06/11 19:05:20,91.789,24301555,100711249,HOME,Bihar,
,,,,,917301042183,917301042183,2409:40e4:1103:59d5:e0ce:3cff:fee1:f5f7,38356,,,2405:200:1630:ba3::11,443,Dynamic,18:57:58,19:27:58,2026/06/11,2026/06/11,866726066636401,405856151004844,2405:0200:5213:2A:3903:220:2:6,Jionet,4058560c3458002,4058560c3458002,2026/06/11 19:05:20,91.789,20786,37305,HOME,Bihar,
,,,,,917301042183,917301042183,2409:40e4:1103:59d5:e0ce:3cff:fee1:f5f7,49126,,,2405:200:1630:bf6::e,443,Dynamic,18:57:58,19:27:58,2026/06/11,2026/06/11,866726066636401,405856151004844,2405:0200:5213:2A:3903:220:2:6,Jionet,4058560c3458002,4058560c3458002,2026/06/11 19:05:15,82.801,24301555,100711249,HOME,Bihar,
,,,,,917301042183,917301042183,2409:40e4:1103:59d5:e0ce:3cff:fee1:f5f7,49126,,,2405:200:1630:bf6::e,443,Dynamic,18:57:58,19:27:58,2026/06/11,2026/06/11,866726066636401,405856151004844,2405:0200:5213:2A:3903:220:2:6,Jionet,4058560c3458002,4058560c3458002,2026/06/11 19:05:15,82.801,20786,37305,HOME,Bihar,
,,,,,917301042183,917301042183,2409:40e4:1103:59d5:e0ce:3cff:fee1:f5f7,46486,,,2404:6800:4009:818::200e,443,Dynamic,18:57:58,19:27:58,2026/06/11,2026/06/11,866726066636401,405856151004844,2405:0200:5213:2A:3903:220:2:6,Jionet,4058560c3458002,4058560c3458002,2026/06/11 19:05:25,72.261,24301555,100711249,HOME,Bihar,
,,,,,917301042183,917301042183,2409:40e4:1103:59d5:e0ce:3cff:fee1:f5f7,46486,,,2404:6800:4009:818::200e,443,Dynamic,18:57:58,19:27:58,2026/06/11,2026/06/11,866726066636401,405856151004844,2405:0200:5213:2A:3903:220:2:6,Jionet,4058560c3458002,4058560c3458002,2026/06/11 19:05:25,72.261,20786,37305,HOME,Bihar,
,,,,,917301042183,917301042183,2409:40e4:1103:59d5:e0ce:3cff:fee1:f5f7,49130,,,2405:200:1630:bf6::e,443,Dynamic,18:57:58,19:27:58,2026/06/11,2026/06/11,866726066636401,405856151004844,2405:0200:5213:2A:3903:220:2:6,Jionet,4058560c3458002,4058560c3458002,2026/06/11 19:05:14,83.224,24301555,100711249,HOME,Bihar,
,,,,,917301042183,917301042183,2409:40e4:1103:59d5:e0ce:3cff:fee1:f5f7,49130,,,2405:200:1630:bf6::e,443,Dynamic,18:57:58,19:27:58,2026/06/11,2026/06/11,866726066636401,405856151004844,2405:0200:5213:2A:3903:220:2:6,Jionet,4058560c3458002,4058560c3458002,2026/06/11 19:05:14,83.224,20786,37305,HOME,Bihar,
,,,,,917301042183,917301042183,2409:40e4:1103:59d5:e0ce:3cff:fee1:f5f7,42644,,,2405:200:1630:bf6::11,443,Dynamic,18:57:58,19:27:58,2026/06/11,2026/06/11,866726066636401,405856151004844,2405:0200:5213:2A:3903:220:2:6,Jionet,4058560c3458002,4058560c3458002,2026/06/11 19:04:01,135.361,24301555,100711249,HOME,Bihar,
,,,,,917301042183,917301042183,2409:40e4:1103:59d5:e0ce:3cff:fee1:f5f7,42644,,,2405:200:1630:bf6::11,443,Dynamic,18:57:58,19:27:58,2026/06/11,2026/06/11,866726066636401,405856151004844,2405:0200:5213:2A:3903:220:2:6,Jionet,4058560c3458002,4058560c3458002,2026/06/11 19:04:01,135.361,20786,37305,HOME,Bihar,
,,,,,917301042183,917301042183,2409:40e4:1103:59d5:e0ce:3cff:fee1:f5f7,47634,,,2405:200:1630:ba3::d,443,Dynamic,18:57:58,19:27:58,2026/06/11,2026/06/11,866726066636401,405856151004844,2405:0200:5213:2A:3903:220:2:6,Jionet,4058560c3458002,4058560c3458002,2026/06/11 19:05:58,39.672,24301555,100711249,HOME,Bihar,
,,,,,917301042183,917301042183,2409:40e4:1103:59d5:e0ce:3cff:fee1:f5f7,47634,,,2405:200:1630:ba3::d,443,Dynamic,18:57:58,19:27:58,2026/06/11,2026/06/11,866726066636401,405856151004844,2405:0200:5213:2A:3903:220:2:6,Jionet,4058560c3458002,4058560c3458002,2026/06/11 19:05:58,39.672,20786,37305,HOME,Bihar,
,,,,,917301042183,917301042183,2409:40e4:1103:59d5:e0ce:3cff:fee1:f5f7,47654,,,2405:200:1630:ba3::d,443,Dynamic,18:57:58,19:27:58,2026/06/11,2026/06/11,866726066636401,405856151004844,2405:0200:5213:2A:3903:220:2:6,Jionet,4058560c3458002,4058560c3458002,2026/06/11 19:06:00,37.788,24301555,100711249,HOME,Bihar,
,,,,,917301042183,917301042183,2409:40e4:1103:59d5:e0ce:3cff:fee1:f5f7,47654,,,2405:200:1630:ba3::d,443,Dynamic,18:57:58,19:27:58,2026/06/11,2026/06/11,866726066636401,405856151004844,2405:0200:5213:2A:3903:220:2:6,Jionet,4058560c3458002,4058560c3458002,2026/06/11 19:06:00,37.788,20786,37305,HOME,Bihar,
,,,,,917301042183,917301042183,2409:40e4:1103:59d5:e0ce:3cff:fee1:f5f7,45318,,,2a03:2880:f346:8d:face:b00c:0:2,443,Dynamic,18:57:58,19:27:58,2026/06/11,2026/06/11,866726066636401,405856151004844,2405:0200:5213:2A:3903:220:2:6,Jionet,4058560c3458002,4058560c3458002,2026/06/11 19:06:11,12.62,24301555,100711249,HOME,Bihar,
,,,,,917301042183,917301042183,2409:40e4:1103:59d5:e0ce:3cff:fee1:f5f7,45318,,,2a03:2880:f346:8d:face:b00c:0:2,443,Dynamic,18:57:58,19:27:58,2026/06/11,2026/06/11,866726066636401,405856151004844,2405:0200:5213:2A:3903:220:2:6,Jionet,4058560c3458002,4058560c3458002,2026/06/11 19:06:11,12.62,20786,37305,HOME,Bihar,
,,,,,917301042183,917301042183,2409:40e4:1103:59d5:e0ce:3cff:fee1:f5f7,44836,,,2a03:2880:f346:3:face:b00c:0:4c63,443,Dynamic,18:57:58,19:27:58,2026/06/11,2026/06/11,866726066636401,405856151004844,2405:0200:5213:2A:3903:220:2:6,Jionet,4058560c3458002,4058560c3458002,2026/06/11 19:04:37,105.697,24301555,100711249,HOME,Bihar,
,,,,,917301042183,917301042183,2409:40e4:1103:59d5:e0ce:3cff:fee1:f5f7,44836,,,2a03:2880:f346:3:face:b00c:0:4c63,443,Dynamic,18:57:58,19:27:58,2026/06/11,2026/06/11,866726066636401,405856151004844,2405:0200:5213:2A:3903:220:2:6,Jionet,4058560c3458002,4058560c3458002,2026/06/11 19:04:37,105.697,20786,37305,HOME,Bihar,
,,,,,917301042183,917301042183,2409:40e4:1103:59d5:e0ce:3cff:fee1:f5f7,37010,,,2404:6800:4000:101f::8b,443,Dynamic,18:57:58,19:27:58,2026/06/11,2026/06/11,866726066636401,405856151004844,2405:0200:5213:2A:3903:220:2:6,Jionet,4058560c3458002,4058560c3458002,2026/06/11 19:05:39,97.82,24301555,100711249,HOME,Bihar,
,,,,,917301042183,917301042183,2409:40e4:1103:59d5:e0ce:3cff:fee1:f5f7,37010,,,2404:6800:4000:101f::8b,443,Dynamic,18:57:58,19:27:58,2026/06/11,2026/06/11,866726066636401,405856151004844,2405:0200:5213:2A:3903:220:2:6,Jionet,4058560c3458002,4058560c3458002,2026/06/11 19:05:39,97.82,20786,37305,HOME,Bihar,
,,,,,917301042183,917301042183,2409:40e4:1103:59d5:e0ce:3cff:fee1:f5f7,45770,,,2001:4860:4802:32::223,443,Dynamic,18:57:58,19:27:58,2026/06/11,2026/06/11,866726066636401,405856151004844,2405:0200:5213:2A:3903:220:2:6,Jionet,4058560c3458002,4058560c3458002,2026/06/11 19:07:29,5.357,24301555,100711249,HOME,Bihar,
,,,,,917301042183,917301042183,2409:40e4:1103:59d5:e0ce:3cff:fee1:f5f7,45770,,,2001:4860:4802:32::223,443,Dynamic,18:57:58,19:27:58,2026/06/11,2026/06/11,866726066636401,405856151004844,2405:0200:5213:2A:3903:220:2:6,Jionet,4058560c3458002,4058560c3458002,2026/06/11 19:07:29,5.357,20786,37305,HOME,Bihar,
,,,,,917301042183,917301042183,2409:40e4:1103:59d5:e0ce:3cff:fee1:f5f7,38696,,,2405:200:1630:ba3::f,443,Dynamic,18:57:58,19:27:58,2026/06/11,2026/06/11,866726066636401,405856151004844,2405:0200:5213:2A:3903:220:2:6,Jionet,4058560c3458002,4058560c3458002,2026/06/11 19:05:46,128.824,24301555,100711249,HOME,Bihar,
,,,,,917301042183,917301042183,2409:40e4:1103:59d5:e0ce:3cff:fee1:f5f7,38696,,,2405:200:1630:ba3::f,443,Dynamic,18:57:58,19:27:58,2026/06/11,2026/06/11,866726066636401,405856151004844,2405:0200:5213:2A:3903:220:2:6,Jionet,4058560c3458002,4058560c3458002,2026/06/11 19:05:46,128.824,20786,37305,HOME,Bihar,
,,,,,917301042183,917301042183,2409:40e4:1103:59d5:e0ce:3cff:fee1:f5f7,44834,,,2001:4860:4802:32::223,443,Dynamic,18:57:58,19:27:58,2026/06/11,2026/06/11,866726066636401,405856151004844,2405:0200:5213:2A:3903:220:2:6,Jionet,4058560c3458002,4058560c3458002,2026/06/11 19:06:34,78.989,24301555,100711249,HOME,Bihar,
,,,,,917301042183,917301042183,2409:40e4:1103:59d5:e0ce:3cff:fee1:f5f7,44834,,,2001:4860:4802:32::223,443,Dynamic,18:57:58,19:27:58,2026/06/11,2026/06/11,866726066636401,405856151004844,2405:0200:5213:2A:3903:220:2:6,Jionet,4058560c3458002,4058560c3458002,2026/06/11 19:06:34,78.989,20786,37305,HOME,Bihar,
,,,,,917301042183,917301042183,2409:40e4:1103:59d5:e0ce:3cff:fee1:f5f7,37139,,,2405:200:1630:ba3::10,443,Dynamic,18:57:58,19:27:58,2026/06/11,2026/06/11,866726066636401,405856151004844,2405:0200:5213:2A:3903:220:2:6,Jionet,4058560c3458002,4058560c3458002,2026/06/11 19:06:40,79.811,24301555,100711249,HOME,Bihar,
,,,,,917301042183,917301042183,2409:40e4:1103:59d5:e0ce:3cff:fee1:f5f7,37139,,,2405:200:1630:ba3::10,443,Dynamic,18:57:58,19:27:58,2026/06/11,2026/06/11,866726066636401,405856151004844,2405:0200:5213:2A:3903:220:2:6,Jionet,4058560c3458002,4058560c3458002,2026/06/11 19:06:40,79.811,20786,37305,HOME,Bihar,
,,,,,917301042183,917301042183,2409:40e4:1103:59d5:e0ce:3cff:fee1:f5f7,39727,,,2405:200:1630:ba3::f,443,Dynamic,18:57:58,19:27:58,2026/06/11,2026/06/11,866726066636401,405856151004844,2405:0200:5213:2A:3903:220:2:6,Jionet,4058560c3458002,4058560c3458002,2026/06/11 19:05:46,120.02,24301555,100711249,HOME,Bihar,
,,,,,917301042183,917301042183,2409:40e4:1103:59d5:e0ce:3cff:fee1:f5f7,39727,,,2405:200:1630:ba3::f,443,Dynamic,18:57:58,19:27:58,2026/06/11,2026/06/11,866726066636401,405856151004844,2405:0200:5213:2A:3903:220:2:6,Jionet,4058560c3458002,4058560c3458002,2026/06/11 19:05:46,120.02,20786,37305,HOME,Bihar,
,,,,,917301042183,917301042183,2409:40e4:1103:59d5:e0ce:3cff:fee1:f5f7,44718,,,2a03:2880:f311:121:face:b00c:0:7260,5222,Dynamic,19:32:11,20:02:11,2026/06/11,2026/06/11,866726066636401,405856151004844,2405:0200:5213:2A:3903:220:2:6,Jionet,405856044a323,405856044a323,2026/06/11 19:55:17,790.924,123355877,133715544,HOME,Bihar,
,,,,,917301042183,917301042183,2409:40e4:1103:59d5:e0ce:3cff:fee1:f5f7,44718,,,2a03:2880:f311:121:face:b00c:0:7260,5222,Dynamic,19:32:11,20:02:11,2026/06/11,2026/06/11,866726066636401,405856151004844,2405:0200:5213:2A:3903:220:2:6,Jionet,405856044a323,405856044a323,2026/06/11 19:55:17,790.924,24520,41344,HOME,Bihar,
,,,,,917301042183,917301042183,2409:40e4:1103:59d5:e0ce:3cff:fee1:f5f7,39108,,,2606:4700:99e2:98e3:bdd9:c1c:895:a7f2,443,Dynamic,19:32:11,20:02:11,2026/06/11,2026/06/11,866726066636401,405856151004844,2405:0200:5213:2A:3903:220:2:6,Jionet,405856044a323,405856044a323,2026/06/11 19:33:51,11.14,123355877,133715544,HOME,Bihar,
,,,,,917301042183,917301042183,2409:40e4:1103:59d5:e0ce:3cff:fee1:f5f7,39108,,,2606:4700:99e2:98e3:bdd9:c1c:895:a7f2,443,Dynamic,19:32:11,20:02:11,2026/06/11,2026/06/11,866726066636401,405856151004844,2405:0200:5213:2A:3903:220:2:6,Jionet,405856044a323,405856044a323,2026/06/11 19:33:51,11.14,24520,41344,HOME,Bihar,
,,,,,917301042183,917301042183,2409:40e4:1103:59d5:e0ce:3cff:fee1:f5f7,47916,,,2405:200:1607:2820:41::36,443,Dynamic,19:32:11,20:02:11,2026/06/11,2026/06/11,866726066636401,405856151004844,2405:0200:5213:2A:3903:220:2:6,Jionet,405856044a323,405856044a323,2026/06/11 19:33:02,80.379,123355877,133715544,HOME,Bihar,
,,,,,917301042183,917301042183,2409:40e4:1103:59d5:e0ce:3cff:fee1:f5f7,47916,,,2405:200:1607:2820:41::36,443,Dynamic,19:32:11,20:02:11,2026/06/11,2026/06/11,866726066636401,405856151004844,2405:0200:5213:2A:3903:220:2:6,Jionet,405856044a323,405856044a323,2026/06/11 19:33:02,80.379,24520,41344,HOME,Bihar,
,,,,,917301042183,917301042183,2409:40e4:1103:59d5:e0ce:3cff:fee1:f5f7,48836,,,2404:6800:4009:804::2002,443,Dynamic,19:32:11,20:02:11,2026/06/11,2026/06/11,866726066636401,405856151004844,2405:0200:5213:2A:3903:220:2:6,Jionet,405856044a323,405856044a323,2026/06/11 19:33:51,11.399,123355877,133715544,HOME,Bihar,
,,,,,917301042183,917301042183,2409:40e4:1103:59d5:e0ce:3cff:fee1:f5f7,48836,,,2404:6800:4009:804::2002,443,Dynamic,19:32:11,20:02:11,2026/06/11,2026/06/11,866726066636401,405856151004844,2405:0200:5213:2A:3903:220:2:6,Jionet,405856044a323,405856044a323,2026/06/11 19:33:51,11.399,24520,41344,HOME,Bihar,
,,,,,917301042183,917301042183,2409:40e4:1103:59d5:e0ce:3cff:fee1:f5f7,37352,,,2a03:2880:f346:3:face:b00c:0:4c63,443,Dynamic,19:32:11,20:02:11,2026/06/11,2026/06/11,866726066636401,405856151004844,2405:0200:5213:2A:3903:220:2:6,Jionet,405856044a323,405856044a323,2026/06/11 19:32:39,96.155,123355877,133715544,HOME,Bihar,
,,,,,917301042183,917301042183,2409:40e4:1103:59d5:e0ce:3cff:fee1:f5f7,37352,,,2a03:2880:f346:3:face:b00c:0:4c63,443,Dynamic,19:32:11,20:02:11,2026/06/11,2026/06/11,866726066636401,405856151004844,2405:0200:5213:2A:3903:220:2:6,Jionet,405856044a323,405856044a323,2026/06/11 19:32:39,96.155,24520,41344,HOME,Bihar,
,,,,,917301042183,917301042183,2409:40e4:1103:59d5:e0ce:3cff:fee1:f5f7,49566,,,2a03:2880:f311:8d:face:b00c:0:2,443,Dynamic,19:32:11,20:02:11,2026/06/11,2026/06/11,866726066636401,405856151004844,2405:0200:5213:2A:3903:220:2:6,Jionet,405856044a323,405856044a323,2026/06/11 19:32:39,107.52,123355877,133715544,HOME,Bihar,
,,,,,917301042183,917301042183,2409:40e4:1103:59d5:e0ce:3cff:fee1:f5f7,49566,,,2a03:2880:f311:8d:face:b00c:0:2,443,Dynamic,19:32:11,20:02:11,2026/06/11,2026/06/11,866726066636401,405856151004844,2405:0200:5213:2A:3903:220:2:6,Jionet,405856044a323,405856044a323,2026/06/11 19:32:39,107.52,24520,41344,HOME,Bihar,
,,,,,917301042183,917301042183,2409:40e4:1103:59d5:e0ce:3cff:fee1:f5f7,49130,,,2600:1901:0:8956::,443,Dynamic,19:32:11,20:02:11,2026/06/11,2026/06/11,866726066636401,405856151004844,2405:0200:5213:2A:3903:220:2:6,Jionet,405856044a323,405856044a323,2026/06/11 19:33:34,36.677,123355877,133715544,HOME,Bihar,
,,,,,917301042183,917301042183,2409:40e4:1103:59d5:e0ce:3cff:fee1:f5f7,49130,,,2600:1901:0:8956::,443,Dynamic,19:32:11,20:02:11,2026/06/11,2026/06/11,866726066636401,405856151004844,2405:0200:5213:2A:3903:220:2:6,Jionet,405856044a323,405856044a323,2026/06/11 19:33:34,36.677,24520,41344,HOME,Bihar,
,,,,,917301042183,917301042183,2409:40e4:1103:59d5:e0ce:3cff:fee1:f5f7,39228,,,2a03:2880:f311:8d:face:b00c:0:2,443,Dynamic,19:32:11,20:02:11,2026/06/11,2026/06/11,866726066636401,405856151004844,2405:0200:5213:2A:3903:220:2:6,Jionet,405856044a323,405856044a323,2026/06/11 19:34:13,11.577,123355877,133715544,HOME,Bihar,
,,,,,917301042183,917301042183,2409:40e4:1103:59d5:e0ce:3cff:fee1:f5f7,39228,,,2a03:2880:f311:8d:face:b00c:0:2,443,Dynamic,19:32:11,20:02:11,2026/06/11,2026/06/11,866726066636401,405856151004844,2405:0200:5213:2A:3903:220:2:6,Jionet,405856044a323,405856044a323,2026/06/11 19:34:13,11.577,24520,41344,HOME,Bihar,
,,,,,917301042183,917301042183,2409:40e4:1103:59d5:e0ce:3cff:fee1:f5f7,43406,,,2405:200:1607:2820:41::36,443,Dynamic,19:32:11,20:02:11,2026/06/11,2026/06/11,866726066636401,405856151004844,2405:0200:5213:2A:3903:220:2:6,Jionet,405856044a323,405856044a323,2026/06/11 19:32:44,95.072,123355877,133715544,HOME,Bihar,
,,,,,917301042183,917301042183,2409:40e4:1103:59d5:e0ce:3cff:fee1:f5f7,43406,,,2405:200:1607:2820:41::36,443,Dynamic,19:32:11,20:02:11,2026/06/11,2026/06/11,866726066636401,405856151004844,2405:0200:5213:2A:3903:220:2:6,Jionet,405856044a323,405856044a323,2026/06/11 19:32:44,95.072,24520,41344,HOME,Bihar,
,,,,,917301042183,917301042183,2409:40e4:1103:59d5:e0ce:3cff:fee1:f5f7,48640,,,2404:6800:4009:804::2002,443,Dynamic,19:32:11,20:02:11,2026/06/11,2026/06/11,866726066636401,405856151004844,2405:0200:5213:2A:3903:220:2:6,Jionet,405856044a323,405856044a323,2026/06/11 19:34:13,11.417,123355877,133715544,HOME,Bihar,
,,,,,917301042183,917301042183,2409:40e4:1103:59d5:e0ce:3cff:fee1:f5f7,48640,,,2404:6800:4009:804::2002,443,Dynamic,19:32:11,20:02:11,2026/06/11,2026/06/11,866726066636401,405856151004844,2405:0200:5213:2A:3903:220:2:6,Jionet,405856044a323,405856044a323,2026/06/11 19:34:13,11.417,24520,41344,HOME,Bihar,
,,,,,917301042183,917301042183,2409:40e4:1103:59d5:e0ce:3cff:fee1:f5f7,49910,,,2404:6800:4009:804::2002,443,Dynamic,19:32:11,20:02:11,2026/06/11,2026/06/11,866726066636401,405856151004844,2405:0200:5213:2A:3903:220:2:6,Jionet,405856044a323,405856044a323,2026/06/11 19:33:55,11.439,123355877,133715544,HOME,Bihar,
,,,,,917301042183,917301042183,2409:40e4:1103:59d5:e0ce:3cff:fee1:f5f7,49910,,,2404:6800:4009:804::2002,443,Dynamic,19:32:11,20:02:11,2026/06/11,2026/06/11,866726066636401,405856151004844,2405:0200:5213:2A:3903:220:2:6,Jionet,405856044a323,405856044a323,2026/06/11 19:33:55,11.439,24520,41344,HOME,Bihar,
,,,,,917301042183,917301042183,2409:40e4:1103:59d5:e0ce:3cff:fee1:f5f7,49114,,,2600:1901:0:8956::,443,Dynamic,19:32:11,20:02:11,2026/06/11,2026/06/11,866726066636401,405856151004844,2405:0200:5213:2A:3903:220:2:6,Jionet,405856044a323,405856044a323,2026/06/11 19:33:32,37.173,123355877,133715544,HOME,Bihar,
,,,,,917301042183,917301042183,2409:40e4:1103:59d5:e0ce:3cff:fee1:f5f7,49114,,,2600:1901:0:8956::,443,Dynamic,19:32:11,20:02:11,2026/06/11,2026/06/11,866726066636401,405856151004844,2405:0200:5213:2A:3903:220:2:6,Jionet,405856044a323,405856044a323,2026/06/11 19:33:32,37.173,24520,41344,HOME,Bihar,
,,,,,917301042183,917301042183,2409:40e4:1103:59d5:e0ce:3cff:fee1:f5f7,47382,,,2404:6800:4000:1006::9c,443,Dynamic,19:32:11,20:02:11,2026/06/11,2026/06/11,866726066636401,405856151004844,2405:0200:5213:2A:3903:220:2:6,Jionet,405856044a323,405856044a323,2026/06/11 19:37:35,11.168,123355877,133715544,HOME,Bihar,
,,,,,917301042183,917301042183,2409:40e4:1103:59d5:e0ce:3cff:fee1:f5f7,47382,,,2404:6800:4000:1006::9c,443,Dynamic,19:32:11,20:02:11,2026/06/11,2026/06/11,866726066636401,405856151004844,2405:0200:5213:2A:3903:220:2:6,Jionet,405856044a323,405856044a323,2026/06/11 19:37:35,11.168,24520,41344,HOME,Bihar,
,,,,,917301042183,917301042183,2409:40e4:1103:59d5:e0ce:3cff:fee1:f5f7,49276,,,2405:200:1630:b79:face:b00c:3333:a3f,443,Dynamic,19:27:58,19:32:11,2026/06/11,2026/06/11,866726066636401,405856151004844,2405:0200:5213:2A:3903:220:2:6,Jionet,4058560c3458002,405856044a323,2026/06/11 19:30:11,11.05,1316939,7380964,HOME,Bihar,
,,,,,917301042183,917301042183,2409:40e4:1103:59d5:e0ce:3cff:fee1:f5f7,47534,,,2a03:2880:f31f:136:face:b00c:0:b1,3478,Dynamic,19:27:58,19:32:11,2026/06/11,2026/06/11,866726066636401,405856151004844,2405:0200:5213:2A:3903:220:2:6,Jionet,4058560c3458002,405856044a323,2026/06/11 19:30:04,86.255,1316939,7380964,HOME,Bihar,
,,,,,917301042183,917301042183,2409:40e4:1103:59d5:e0ce:3cff:fee1:f5f7,40730,,,2405:200:1630:a0a::312c:c353,443,Dynamic,19:27:58,19:32:11,2026/06/11,2026/06/11,866726066636401,405856151004844,2405:0200:5213:2A:3903:220:2:6,Jionet,4058560c3458002,405856044a323,2026/06/11 19:30:11,10.97,1316939,7380964,HOME,Bihar,
,,,,,917301042183,917301042183,2409:40e4:1103:59d5:e0ce:3cff:fee1:f5f7,47300,,,2001:4860:4802:34::223,443,Dynamic,19:27:58,19:32:11,2026/06/11,2026/06/11,866726066636401,405856151004844,2405:0200:5213:2A:3903:220:2:6,Jionet,4058560c3458002,405856044a323,2026/06/11 19:31:19,11.637,1316939,7380964,HOME,Bihar,
,,,,,917301042183,917301042183,2409:40e4:1103:59d5:e0ce:3cff:fee1:f5f7,41350,,,2405:200:1630:ff95:face:b00c:3333:a3f,443,Dynamic,19:27:58,19:32:11,2026/06/11,2026/06/11,866726066636401,405856151004844,2405:0200:5213:2A:3903:220:2:6,Jionet,4058560c3458002,405856044a323,2026/06/11 19:30:11,11.027,1316939,7380964,HOME,Bihar,
,,,,,917301042183,917301042183,2409:40e4:1103:59d5:e0ce:3cff:fee1:f5f7,47316,,,2001:4860:4802:34::223,443,Dynamic,19:27:58,19:32:11,2026/06/11,2026/06/11,866726066636401,405856151004844,2405:0200:5213:2A:3903:220:2:6,Jionet,4058560c3458002,405856044a323,2026/06/11 19:29:02,66.393,1316939,7380964,HOME,Bihar,
,,,,,917301042183,917301042183,2409:40e4:1103:59d5:e0ce:3cff:fee1:f5f7,48654,,,2a03:2880:f346:90:face:b00c:0:8e,443,Dynamic,19:27:58,19:32:11,2026/06/11,2026/06/11,866726066636401,405856151004844,2405:0200:5213:2A:3903:220:2:6,Jionet,4058560c3458002,405856044a323,2026/06/11 19:30:11,10.524,1316939,7380964,HOME,Bihar,
,,,,,917301042183,917301042183,2409:40e4:1103:59d5:e0ce:3cff:fee1:f5f7,37896,,,2a03:2880:f346:8d:face:b00c:0:2,443,Dynamic,19:27:58,19:32:11,2026/06/11,2026/06/11,866726066636401,405856151004844,2405:0200:5213:2A:3903:220:2:6,Jionet,4058560c3458002,405856044a323,2026/06/11 19:29:12,117.52,1316939,7380964,HOME,Bihar,
,,,,,917301042183,917301042183,2409:40e4:1103:59d5:e0ce:3cff:fee1:f5f7,49658,,,2001:4860:4802:36::223,443,Dynamic,19:27:58,19:32:11,2026/06/11,2026/06/11,866726066636401,405856151004844,2405:0200:5213:2A:3903:220:2:6,Jionet,4058560c3458002,405856044a323,2026/06/11 19:29:01,116.657,1316939,7380964,HOME,Bihar,
,,,,,917301042183,917301042183,2409:40e4:1103:59d5:e0ce:3cff:fee1:f5f7,47534,,,2a03:2880:f26b:1c5:face:b00c:0:177,3478,Dynamic,19:27:58,19:32:11,2026/06/11,2026/06/11,866726066636401,405856151004844,2405:0200:5213:2A:3903:220:2:6,Jionet,4058560c3458002,405856044a323,2026/06/11 19:30:04,64.036,1316939,7380964,HOME,Bihar,
,,,,,917301042183,917301042183,2409:40e4:1103:59d5:e0ce:3cff:fee1:f5f7,37892,,,2a03:2880:f346:8d:face:b00c:0:2,443,Dynamic,19:27:58,19:32:11,2026/06/11,2026/06/11,866726066636401,405856151004844,2405:0200:5213:2A:3903:220:2:6,Jionet,4058560c3458002,405856044a323,2026/06/11 19:29:09,97.328,1316939,7380964,HOME,Bihar,
,,,,,917301042183,917301042183,2409:40e4:1103:59d5:e0ce:3cff:fee1:f5f7,47300,,,2001:4860:4802:34::223,443,Dynamic,19:27:58,19:32:11,2026/06/11,2026/06/11,866726066636401,405856151004844,2405:0200:5213:2A:3903:220:2:6,Jionet,4058560c3458002,405856044a323,2026/06/11 19:29:01,122.561,1316939,7380964,HOME,Bihar,
,,,,,917301042183,917301042183,2409:40e4:1103:59d5:e0ce:3cff:fee1:f5f7,43799,,,2a03:2880:f311:c0:face:b00c:0:43fe,443,Dynamic,19:27:58,19:32:11,2026/06/11,2026/06/11,866726066636401,405856151004844,2405:0200:5213:2A:3903:220:2:6,Jionet,4058560c3458002,405856044a323,2026/06/11 19:30:11,103.884,1316939,7380964,HOME,Bihar,
,,,,,917301042183,917301042183,2409:40e4:1103:59d5:e0ce:3cff:fee1:f5f7,46552,,,2404:6800:4000:101d::66,443,Dynamic,19:27:58,19:32:11,2026/06/11,2026/06/11,866726066636401,405856151004844,2405:0200:5213:2A:3903:220:2:6,Jionet,4058560c3458002,405856044a323,2026/06/11 19:31:41,11.017,1316939,7380964,HOME,Bihar,
,,,,,917301042183,917301042183,2409:40e4:1103:59d5:e0ce:3cff:fee1:f5f7,43855,,,2a03:2880:f311:8d:face:b00c:0:2,443,Dynamic,19:27:58,19:32:11,2026/06/11,2026/06/11,866726066636401,405856151004844,2405:0200:5213:2A:3903:220:2:6,Jionet,4058560c3458002,405856044a323,2026/06/11 19:30:11,105.513,1316939,7380964,HOME,Bihar,
,,,,,917301042183,917301042183,2409:40e4:1103:59d5:e0ce:3cff:fee1:f5f7,39455,,,2a03:2880:f346:c4:face:b00c:0:21ba,443,Dynamic,19:27:58,19:32:11,2026/06/11,2026/06/11,866726066636401,405856151004844,2405:0200:5213:2A:3903:220:2:6,Jionet,4058560c3458002,405856044a323,2026/06/11 19:30:11,88.428,1316939,7380964,HOME,Bihar,
,,,,,917301042183,917301042183,2409:40e4:1103:59d5:e0ce:3cff:fee1:f5f7,49658,,,2001:4860:4802:36::223,443,Dynamic,19:27:58,19:32:11,2026/06/11,2026/06/11,866726066636401,405856151004844,2405:0200:5213:2A:3903:220:2:6,Jionet,4058560c3458002,405856044a323,2026/06/11 19:31:33,11.001,1316939,7380964,HOME,Bihar,
,,,,,917301042183,917301042183,2409:40e4:1103:59d5:e0ce:3cff:fee1:f5f7,41562,,,2404:6800:4000:1017::5e,443,Dynamic,19:32:11,20:02:11,2026/06/11,2026/06/11,866726066636401,405856151004844,2405:0200:5213:2A:3903:220:2:6,Jionet,405856044a323,405856044a323,2026/06/11 19:43:05,117.529,123355877,133715544,HOME,Bihar,
,,,,,917301042183,917301042183,2409:40e4:1103:59d5:e0ce:3cff:fee1:f5f7,41562,,,2404:6800:4000:1017::5e,443,Dynamic,19:32:11,20:02:11,2026/06/11,2026/06/11,866726066636401,405856151004844,2405:0200:5213:2A:3903:220:2:6,Jionet,405856044a323,405856044a323,2026/06/11 19:43:05,117.529,24520,41344,HOME,Bihar,
,,,,,917301042183,917301042183,2409:40e4:1103:59d5:e0ce:3cff:fee1:f5f7,44836,,,2a03:2880:f346:3:face:b00c:0:4c63,443,Dynamic,19:32:11,20:02:11,2026/06/11,2026/06/11,866726066636401,405856151004844,2405:0200:5213:2A:3903:220:2:6,Jionet,405856044a323,405856044a323,2026/06/11 19:42:30,112.755,123355877,133715544,HOME,Bihar,
,,,,,917301042183,917301042183,2409:40e4:1103:59d5:e0ce:3cff:fee1:f5f7,44836,,,2a03:2880:f346:3:face:b00c:0:4c63,443,Dynamic,19:32:11,20:02:11,2026/06/11,2026/06/11,866726066636401,405856151004844,2405:0200:5213:2A:3903:220:2:6,Jionet,405856044a323,405856044a323,2026/06/11 19:42:30,112.755,24520,41344,HOME,Bihar,
,,,,,917301042183,917301042183,2409:40e4:1103:59d5:e0ce:3cff:fee1:f5f7,45202,,,2a04:4e42:600::411,443,Dynamic,19:32:11,20:02:11,2026/06/11,2026/06/11,866726066636401,405856151004844,2405:0200:5213:2A:3903:220:2:6,Jionet,405856044a323,405856044a323,2026/06/11 19:44:01,11.241,123355877,133715544,HOME,Bihar,
,,,,,917301042183,917301042183,2409:40e4:1103:59d5:e0ce:3cff:fee1:f5f7,45202,,,2a04:4e42:600::411,443,Dynamic,19:32:11,20:02:11,2026/06/11,2026/06/11,866726066636401,405856151004844,2405:0200:5213:2A:3903:220:2:6,Jionet,405856044a323,405856044a323,2026/06/11 19:44:01,11.241,24520,41344,HOME,Bihar,
,,,,,917301042183,917301042183,2409:40e4:1103:59d5:e0ce:3cff:fee1:f5f7,39337,,,2404:6800:4009:818::2002,443,Dynamic,19:32:11,20:02:11,2026/06/11,2026/06/11,866726066636401,405856151004844,2405:0200:5213:2A:3903:220:2:6,Jionet,405856044a323,405856044a323,2026/06/11 19:43:19,69.303,123355877,133715544,HOME,Bihar,
,,,,,917301042183,917301042183,2409:40e4:1103:59d5:e0ce:3cff:fee1:f5f7,39337,,,2404:6800:4009:818::2002,443,Dynamic,19:32:11,20:02:11,2026/06/11,2026/06/11,866726066636401,405856151004844,2405:0200:5213:2A:3903:220:2:6,Jionet,405856044a323,405856044a323,2026/06/11 19:43:19,69.303,24520,41344,HOME,Bihar,
,,,,,917301042183,917301042183,2409:40e4:1103:59d5:e0ce:3cff:fee1:f5f7,45604,,,2a03:2880:f311:8d:face:b00c:0:2,443,Dynamic,19:32:11,20:02:11,2026/06/11,2026/06/11,866726066636401,405856151004844,2405:0200:5213:2A:3903:220:2:6,Jionet,405856044a323,405856044a323,2026/06/11 19:45:08,11.503,123355877,133715544,HOME,Bihar,
,,,,,917301042183,917301042183,2409:40e4:1103:59d5:e0ce:3cff:fee1:f5f7,45604,,,2a03:2880:f311:8d:face:b00c:0:2,443,Dynamic,19:32:11,20:02:11,2026/06/11,2026/06/11,866726066636401,405856151004844,2405:0200:5213:2A:3903:220:2:6,Jionet,405856044a323,405856044a323,2026/06/11 19:45:08,11.503,24520,41344,HOME,Bihar,
,,,,,917301042183,917301042183,2409:40e4:1103:59d5:e0ce:3cff:fee1:f5f7,47508,,,2404:6800:4009:818::2002,443,Dynamic,19:32:11,20:02:11,2026/06/11,2026/06/11,866726066636401,405856151004844,2405:0200:5213:2A:3903:220:2:6,Jionet,405856044a323,405856044a323,2026/06/11 19:43:19,84.019,123355877,133715544,HOME,Bihar,
,,,,,917301042183,917301042183,2409:40e4:1103:59d5:e0ce:3cff:fee1:f5f7,47508,,,2404:6800:4009:818::2002,443,Dynamic,19:32:11,20:02:11,2026/06/11,2026/06/11,866726066636401,405856151004844,2405:0200:5213:2A:3903:220:2:6,Jionet,405856044a323,405856044a323,2026/06/11 19:43:19,84.019,24520,41344,HOME,Bihar,
,,,,,917301042183,917301042183,2409:40e4:1103:59d5:e0ce:3cff:fee1:f5f7,47706,,,2404:6800:4009:804::2002,443,Dynamic,19:32:11,20:02:11,2026/06/11,2026/06/11,866726066636401,405856151004844,2405:0200:5213:2A:3903:220:2:6,Jionet,405856044a323,405856044a323,2026/06/11 19:32:30,11.501,123355877,133715544,HOME,Bihar,
,,,,,917301042183,917301042183,2409:40e4:1103:59d5:e0ce:3cff:fee1:f5f7,47706,,,2404:6800:4009:804::2002,443,Dynamic,19:32:11,20:02:11,2026/06/11,2026/06/11,866726066636401,405856151004844,2405:0200:5213:2A:3903:220:2:6,Jionet,405856044a323,405856044a323,2026/06/11 19:32:30,11.501,24520,41344,HOME,Bihar,
,,,,,917301042183,917301042183,2409:40e4:1103:59d5:e0ce:3cff:fee1:f5f7,47034,,,2404:6800:4009:804::2002,443,Dynamic,19:32:11,20:02:11,2026/06/11,2026/06/11,866726066636401,405856151004844,2405:0200:5213:2A:3903:220:2:6,Jionet,405856044a323,405856044a323,2026/06/11 19:33:18,11.384,123355877,133715544,HOME,Bihar,
,,,,,917301042183,917301042183,2409:40e4:1103:59d5:e0ce:3cff:fee1:f5f7,47034,,,2404:6800:4009:804::2002,443,Dynamic,19:32:11,20:02:11,2026/06/11,2026/06/11,866726066636401,405856151004844,2405:0200:5213:2A:3903:220:2:6,Jionet,405856044a323,405856044a323,2026/06/11 19:33:18,11.384,24520,41344,HOME,Bihar,
,,,,,917301042183,917301042183,2409:40e4:1103:59d5:e0ce:3cff:fee1:f5f7,38810,,,2600:1901:0:8956::,443,Dynamic,19:32:11,20:02:11,2026/06/11,2026/06/11,866726066636401,405856151004844,2405:0200:5213:2A:3903:220:2:6,Jionet,405856044a323,405856044a323,2026/06/11 19:32:12,36.373,123355877,133715544,HOME,Bihar,
,,,,,917301042183,917301042183,2409:40e4:1103:59d5:e0ce:3cff:fee1:f5f7,38810,,,2600:1901:0:8956::,443,Dynamic,19:32:11,20:02:11,2026/06/11,2026/06/11,866726066636401,405856151004844,2405:0200:5213:2A:3903:220:2:6,Jionet,405856044a323,405856044a323,2026/06/11 19:32:12,36.373,24520,41344,HOME,Bihar,
,,,,,917301042183,917301042183,2409:40e4:1103:59d5:e0ce:3cff:fee1:f5f7,49054,,,2a03:2880:f311:c0:face:b00c:0:43fe,443,Dynamic,19:27:58,19:32:11,2026/06/11,2026/06/11,866726066636401,405856151004844,2405:0200:5213:2A:3903:220:2:6,Jionet,4058560c3458002,405856044a323,2026/06/11 19:30:11,115.781,1316939,7380964,HOME,Bihar,
,,,,,917301042183,917301042183,2409:40e4:1103:59d5:e0ce:3cff:fee1:f5f7,38380,,,2a03:2880:f311:8d:face:b00c:0:2,443,Dynamic,19:32:11,20:02:11,2026/06/11,2026/06/11,866726066636401,405856151004844,2405:0200:5213:2A:3903:220:2:6,Jionet,405856044a323,405856044a323,2026/06/11 19:32:32,11.552,123355877,133715544,HOME,Bihar,
,,,,,917301042183,917301042183,2409:40e4:1103:59d5:e0ce:3cff:fee1:f5f7,38380,,,2a03:2880:f311:8d:face:b00c:0:2,443,Dynamic,19:32:11,20:02:11,2026/06/11,2026/06/11,866726066636401,405856151004844,2405:0200:5213:2A:3903:220:2:6,Jionet,405856044a323,405856044a323,2026/06/11 19:32:32,11.552,24520,41344,HOME,Bihar,
,,,,,917301042183,917301042183,2409:40e4:1103:59d5:e0ce:3cff:fee1:f5f7,47534,,,2a03:2880:f369:136:face:b00c:0:b1,3478,Dynamic,19:27:58,19:32:11,2026/06/11,2026/06/11,866726066636401,405856151004844,2405:0200:5213:2A:3903:220:2:6,Jionet,4058560c3458002,405856044a323,2026/06/11 19:30:04,118.763,1316939,7380964,HOME,Bihar,
,,,,,917301042183,917301042183,2409:40e4:1103:59d5:e0ce:3cff:fee1:f5f7,45420,,,2404:6800:4009:804::2002,443,Dynamic,19:32:11,20:02:11,2026/06/11,2026/06/11,866726066636401,405856151004844,2405:0200:5213:2A:3903:220:2:6,Jionet,405856044a323,405856044a323,2026/06/11 19:32:44,11.4,123355877,133715544,HOME,Bihar,
,,,,,917301042183,917301042183,2409:40e4:1103:59d5:e0ce:3cff:fee1:f5f7,45420,,,2404:6800:4009:804::2002,443,Dynamic,19:32:11,20:02:11,2026/06/11,2026/06/11,866726066636401,405856151004844,2405:0200:5213:2A:3903:220:2:6,Jionet,405856044a323,405856044a323,2026/06/11 19:32:44,11.4,24520,41344,HOME,Bihar,
,,,,,917301042183,917301042183,2409:40e4:1103:59d5:e0ce:3cff:fee1:f5f7,39648,,,2405:200:1630:ff95:face:b00c:3333:a3f,443,Dynamic,19:27:58,19:32:11,2026/06/11,2026/06/11,866726066636401,405856151004844,2405:0200:5213:2A:3903:220:2:6,Jionet,4058560c3458002,405856044a323,2026/06/11 19:30:11,115.84,1316939,7380964,HOME,Bihar,
,,,,,917301042183,917301042183,2409:40e4:1103:59d5:e0ce:3cff:fee1:f5f7,38368,,,2a03:2880:f311:8d:face:b00c:0:2,443,Dynamic,19:32:11,20:02:11,2026/06/11,2026/06/11,866726066636401,405856151004844,2405:0200:5213:2A:3903:220:2:6,Jionet,405856044a323,405856044a323,2026/06/11 19:32:31,11.568,123355877,133715544,HOME,Bihar,
,,,,,917301042183,917301042183,2409:40e4:1103:59d5:e0ce:3cff:fee1:f5f7,38368,,,2a03:2880:f311:8d:face:b00c:0:2,443,Dynamic,19:32:11,20:02:11,2026/06/11,2026/06/11,866726066636401,405856151004844,2405:0200:5213:2A:3903:220:2:6,Jionet,405856044a323,405856044a323,2026/06/11 19:32:31,11.568,24520,41344,HOME,Bihar,
,,,,,917301042183,917301042183,2409:40e4:1103:59d5:e0ce:3cff:fee1:f5f7,37352,,,2a03:2880:f346:3:face:b00c:0:4c63,443,Dynamic,19:27:58,19:32:11,2026/06/11,2026/06/11,866726066636401,405856151004844,2405:0200:5213:2A:3903:220:2:6,Jionet,4058560c3458002,405856044a323,2026/06/11 19:28:38,216.455,1316939,7380964,HOME,Bihar,
,,,,,917301042183,917301042183,2409:40e4:1103:59d5:e0ce:3cff:fee1:f5f7,44836,,,2a03:2880:f346:3:face:b00c:0:4c63,443,Dynamic,19:27:58,19:32:11,2026/06/11,2026/06/11,866726066636401,405856151004844,2405:0200:5213:2A:3903:220:2:6,Jionet,4058560c3458002,405856044a323,2026/06/11 19:31:12,70.635,1316939,7380964,HOME,Bihar,
,,,,,917301042183,917301042183,2409:40e4:1103:59d5:e0ce:3cff:fee1:f5f7,49365,,,2405:200:1630:b79:face:b00c:3333:a3f,443,Dynamic,19:27:58,19:32:11,2026/06/11,2026/06/11,866726066636401,405856151004844,2405:0200:5213:2A:3903:220:2:6,Jionet,4058560c3458002,405856044a323,2026/06/11 19:30:11,109.13,1316939,7380964,HOME,Bihar,
,,,,,917301042183,917301042183,2409:40e4:1103:59d5:e0ce:3cff:fee1:f5f7,44344,,,2404:6800:4009:804::2002,443,Dynamic,19:32:11,20:02:11,2026/06/11,2026/06/11,866726066636401,405856151004844,2405:0200:5213:2A:3903:220:2:6,Jionet,405856044a323,405856044a323,2026/06/11 19:33:01,11.499,123355877,133715544,HOME,Bihar,
,,,,,917301042183,917301042183,2409:40e4:1103:59d5:e0ce:3cff:fee1:f5f7,44344,,,2404:6800:4009:804::2002,443,Dynamic,19:32:11,20:02:11,2026/06/11,2026/06/11,866726066636401,405856151004844,2405:0200:5213:2A:3903:220:2:6,Jionet,405856044a323,405856044a323,2026/06/11 19:33:01,11.499,24520,41344,HOME,Bihar,
,,,,,917301042183,917301042183,2409:40e4:1103:59d5:e0ce:3cff:fee1:f5f7,47316,,,2001:4860:4802:34::223,443,Dynamic,19:27:58,19:32:11,2026/06/11,2026/06/11,866726066636401,405856151004844,2405:0200:5213:2A:3903:220:2:6,Jionet,4058560c3458002,405856044a323,2026/06/11 19:31:11,117.413,1316939,7380964,HOME,Bihar,
,,,,,917301042183,917301042183,2409:40e4:1103:59d5:e0ce:3cff:fee1:f5f7,47534,,,2401:4900:b57b:ff6:e4e5:abff:fe8d:2879,55340,Dynamic,19:27:58,19:32:11,2026/06/11,2026/06/11,866726066636401,405856151004844,2405:0200:5213:2A:3903:220:2:6,Jionet,4058560c3458002,405856044a323,2026/06/11 19:30:10,173.577,1316939,7380964,HOME,Bihar,
,,,,,917301042183,917301042183,2409:40e4:1103:59d5:e0ce:3cff:fee1:f5f7,45364,,,2404:6800:4009:804::2002,443,Dynamic,19:32:11,20:02:11,2026/06/11,2026/06/11,866726066636401,405856151004844,2405:0200:5213:2A:3903:220:2:6,Jionet,405856044a323,405856044a323,2026/06/11 19:33:42,11.475,123355877,133715544,HOME,Bihar,
,,,,,917301042183,917301042183,2409:40e4:1103:59d5:e0ce:3cff:fee1:f5f7,45364,,,2404:6800:4009:804::2002,443,Dynamic,19:32:11,20:02:11,2026/06/11,2026/06/11,866726066636401,405856151004844,2405:0200:5213:2A:3903:220:2:6,Jionet,405856044a323,405856044a323,2026/06/11 19:33:42,11.475,24520,41344,HOME,Bihar,
,,,,,917301042183,917301042183,2409:40e4:1103:59d5:e0ce:3cff:fee1:f5f7,47752,,,2405:200:1607:2820:41::36,443,Dynamic,19:32:11,20:02:11,2026/06/11,2026/06/11,866726066636401,405856151004844,2405:0200:5213:2A:3903:220:2:6,Jionet,405856044a323,405856044a323,2026/06/11 19:32:14,92.651,123355877,133715544,HOME,Bihar,
,,,,,917301042183,917301042183,2409:40e4:1103:59d5:e0ce:3cff:fee1:f5f7,47752,,,2405:200:1607:2820:41::36,443,Dynamic,19:32:11,20:02:11,2026/06/11,2026/06/11,866726066636401,405856151004844,2405:0200:5213:2A:3903:220:2:6,Jionet,405856044a323,405856044a323,2026/06/11 19:32:14,92.651,24520,41344,HOME,Bihar,
,,,,,917301042183,917301042183,2409:40e4:1103:59d5:e0ce:3cff:fee1:f5f7,37568,,,2001:4860:4802:38::223,443,Dynamic,19:32:11,20:02:11,2026/06/11,2026/06/11,866726066636401,405856151004844,2405:0200:5213:2A:3903:220:2:6,Jionet,405856044a323,405856044a323,2026/06/11 19:32:13,82.015,123355877,133715544,HOME,Bihar,
,,,,,917301042183,917301042183,2409:40e4:1103:59d5:e0ce:3cff:fee1:f5f7,37568,,,2001:4860:4802:38::223,443,Dynamic,19:32:11,20:02:11,2026/06/11,2026/06/11,866726066636401,405856151004844,2405:0200:5213:2A:3903:220:2:6,Jionet,405856044a323,405856044a323,2026/06/11 19:32:13,82.015,24520,41344,HOME,Bihar,
,,,,,917301042183,917301042183,2409:40e4:1103:59d5:e0ce:3cff:fee1:f5f7,48796,,,2600:1901:0:8956::,443,Dynamic,19:32:11,20:02:11,2026/06/11,2026/06/11,866726066636401,405856151004844,2405:0200:5213:2A:3903:220:2:6,Jionet,405856044a323,405856044a323,2026/06/11 19:32:42,56.267,123355877,133715544,HOME,Bihar,
,,,,,917301042183,917301042183,2409:40e4:1103:59d5:e0ce:3cff:fee1:f5f7,48796,,,2600:1901:0:8956::,443,Dynamic,19:32:11,20:02:11,2026/06/11,2026/06/11,866726066636401,405856151004844,2405:0200:5213:2A:3903:220:2:6,Jionet,405856044a323,405856044a323,2026/06/11 19:32:42,56.267,24520,41344,HOME,Bihar,
,,,,,917301042183,917301042183,2409:40e4:1103:59d5:e0ce:3cff:fee1:f5f7,48714,,,2001:4860:4802:38::223,443,Dynamic,19:32:11,20:02:11,2026/06/11,2026/06/11,866726066636401,405856151004844,2405:0200:5213:2A:3903:220:2:6,Jionet,405856044a323,405856044a323,2026/06/11 19:33:03,49.992,123355877,133715544,HOME,Bihar,
,,,,,917301042183,917301042183,2409:40e4:1103:59d5:e0ce:3cff:fee1:f5f7,48714,,,2001:4860:4802:38::223,443,Dynamic,19:32:11,20:02:11,2026/06/11,2026/06/11,866726066636401,405856151004844,2405:0200:5213:2A:3903:220:2:6,Jionet,405856044a323,405856044a323,2026/06/11 19:33:03,49.992,24520,41344,HOME,Bihar,
,,,,,917301042183,917301042183,2409:40e4:1103:59d5:e0ce:3cff:fee1:f5f7,45348,,,2404:6800:4009:804::2002,443,Dynamic,19:32:11,20:02:11,2026/06/11,2026/06/11,866726066636401,405856151004844,2405:0200:5213:2A:3903:220:2:6,Jionet,405856044a323,405856044a323,2026/06/11 19:33:36,11.488,123355877,133715544,HOME,Bihar,
,,,,,917301042183,917301042183,2409:40e4:1103:59d5:e0ce:3cff:fee1:f5f7,45348,,,2404:6800:4009:804::2002,443,Dynamic,19:32:11,20:02:11,2026/06/11,2026/06/11,866726066636401,405856151004844,2405:0200:5213:2A:3903:220:2:6,Jionet,405856044a323,405856044a323,2026/06/11 19:33:36,11.488,24520,41344,HOME,Bihar,
,,,,,917301042183,917301042183,2409:40e4:1103:59d5:e0ce:3cff:fee1:f5f7,39846,,,2a03:2880:f346:8d:face:b00c:0:2,443,Dynamic,19:32:11,20:02:11,2026/06/11,2026/06/11,866726066636401,405856151004844,2405:0200:5213:2A:3903:220:2:6,Jionet,405856044a323,405856044a323,2026/06/11 19:57:19,11.449,123355877,133715544,HOME,Bihar,
,,,,,917301042183,917301042183,2409:40e4:1103:59d5:e0ce:3cff:fee1:f5f7,39846,,,2a03:2880:f346:8d:face:b00c:0:2,443,Dynamic,19:32:11,20:02:11,2026/06/11,2026/06/11,866726066636401,405856151004844,2405:0200:5213:2A:3903:220:2:6,Jionet,405856044a323,405856044a323,2026/06/11 19:57:19,11.449,24520,41344,HOME,Bihar,
,,,,,917301042183,917301042183,2409:40e4:1103:59d5:e0ce:3cff:fee1:f5f7,42182,,,2600:1901:0:8956::,443,Dynamic,19:32:11,20:02:11,2026/06/11,2026/06/11,866726066636401,405856151004844,2405:0200:5213:2A:3903:220:2:6,Jionet,405856044a323,405856044a323,2026/06/11 19:56:55,36.571,123355877,133715544,HOME,Bihar,
,,,,,917301042183,917301042183,2409:40e4:1103:59d5:e0ce:3cff:fee1:f5f7,42182,,,2600:1901:0:8956::,443,Dynamic,19:32:11,20:02:11,2026/06/11,2026/06/11,866726066636401,405856151004844,2405:0200:5213:2A:3903:220:2:6,Jionet,405856044a323,405856044a323,2026/06/11 19:56:55,36.571,24520,41344,HOME,Bihar,
,,,,,917301042183,917301042183,2409:40e4:1103:59d5:e0ce:3cff:fee1:f5f7,42752,,,2a03:2880:f322:136:face:b00c:0:b1,3478,Dynamic,19:32:11,20:02:11,2026/06/11,2026/06/11,866726066636401,405856151004844,2405:0200:5213:2A:3903:220:2:6,Jionet,405856044a323,405856044a323,2026/06/11 19:55:42,63.416,123355877,133715544,HOME,Bihar,
,,,,,917301042183,917301042183,2409:40e4:1103:59d5:e0ce:3cff:fee1:f5f7,42752,,,2a03:2880:f322:136:face:b00c:0:b1,3478,Dynamic,19:32:11,20:02:11,2026/06/11,2026/06/11,866726066636401,405856151004844,2405:0200:5213:2A:3903:220:2:6,Jionet,405856044a323,405856044a323,2026/06/11 19:55:42,63.416,24520,41344,HOME,Bihar,
,,,,,917301042183,917301042183,2409:40e4:1103:59d5:e0ce:3cff:fee1:f5f7,38260,,,2001:67c:4e8:f002::a,443,Dynamic,19:32:11,20:02:11,2026/06/11,2026/06/11,866726066636401,405856151004844,2405:0200:5213:2A:3903:220:2:6,Jionet,405856044a323,405856044a323,2026/06/11 19:56:49,12.78,123355877,133715544,HOME,Bihar,
,,,,,917301042183,917301042183,2409:40e4:1103:59d5:e0ce:3cff:fee1:f5f7,38260,,,2001:67c:4e8:f002::a,443,Dynamic,19:32:11,20:02:11,2026/06/11,2026/06/11,866726066636401,405856151004844,2405:0200:5213:2A:3903:220:2:6,Jionet,405856044a323,405856044a323,2026/06/11 19:56:49,12.78,24520,41344,HOME,Bihar,
,,,,,917301042183,917301042183,2409:40e4:1103:59d5:e0ce:3cff:fee1:f5f7,45204,,,2a03:2880:f379:c0:face:b00c:0:43fe,443,Dynamic,19:32:11,20:02:11,2026/06/11,2026/06/11,866726066636401,405856151004844,2405:0200:5213:2A:3903:220:2:6,Jionet,405856044a323,405856044a323,2026/06/11 19:57:10,11.083,123355877,133715544,HOME,Bihar,
,,,,,917301042183,917301042183,2409:40e4:1103:59d5:e0ce:3cff:fee1:f5f7,45204,,,2a03:2880:f379:c0:face:b00c:0:43fe,443,Dynamic,19:32:11,20:02:11,2026/06/11,2026/06/11,866726066636401,405856151004844,2405:0200:5213:2A:3903:220:2:6,Jionet,405856044a323,405856044a323,2026/06/11 19:57:10,11.083,24520,41344,HOME,Bihar,
,,,,,917301042183,917301042183,2409:40e4:1103:59d5:e0ce:3cff:fee1:f5f7,38264,,,2001:67c:4e8:f002::a,443,Dynamic,19:32:11,20:02:11,2026/06/11,2026/06/11,866726066636401,405856151004844,2405:0200:5213:2A:3903:220:2:6,Jionet,405856044a323,405856044a323,2026/06/11 19:56:51,12.948,123355877,133715544,HOME,Bihar,
,,,,,917301042183,917301042183,2409:40e4:1103:59d5:e0ce:3cff:fee1:f5f7,38264,,,2001:67c:4e8:f002::a,443,Dynamic,19:32:11,20:02:11,2026/06/11,2026/06/11,866726066636401,405856151004844,2405:0200:5213:2A:3903:220:2:6,Jionet,405856044a323,405856044a323,2026/06/11 19:56:51,12.948,24520,41344,HOME,Bihar,
,,,,,917301042183,917301042183,2409:40e4:1103:59d5:e0ce:3cff:fee1:f5f7,45967,,,2401:4900:b4d7:6ae2:6057:22e2:39f5:ee15,52279,Dynamic,19:32:11,20:02:11,2026/06/11,2026/06/11,866726066636401,405856151004844,2405:0200:5213:2A:3903:220:2:6,Jionet,405856044a323,405856044a323,2026/06/11 19:52:46,271.989,123355877,133715544,HOME,Bihar,
,,,,,917301042183,917301042183,2409:40e4:1103:59d5:e0ce:3cff:fee1:f5f7,45967,,,2401:4900:b4d7:6ae2:6057:22e2:39f5:ee15,52279,Dynamic,19:32:11,20:02:11,2026/06/11,2026/06/11,866726066636401,405856151004844,2405:0200:5213:2A:3903:220:2:6,Jionet,405856044a323,405856044a323,2026/06/11 19:52:46,271.989,24520,41344,HOME,Bihar,
,,,,,917301042183,917301042183,2409:40e4:1103:59d5:e0ce:3cff:fee1:f5f7,42752,,,2a03:2880:f312:136:face:b00c:0:b1,3478,Dynamic,19:32:11,20:02:11,2026/06/11,2026/06/11,866726066636401,405856151004844,2405:0200:5213:2A:3903:220:2:6,Jionet,405856044a323,405856044a323,2026/06/11 19:55:42,85.389,123355877,133715544,HOME,Bihar,
,,,,,917301042183,917301042183,2409:40e4:1103:59d5:e0ce:3cff:fee1:f5f7,42752,,,2a03:2880:f312:136:face:b00c:0:b1,3478,Dynamic,19:32:11,20:02:11,2026/06/11,2026/06/11,866726066636401,405856151004844,2405:0200:5213:2A:3903:220:2:6,Jionet,405856044a323,405856044a323,2026/06/11 19:55:42,85.389,24520,41344,HOME,Bihar,
,,,,,917301042183,917301042183,2409:40e4:1103:59d5:e0ce:3cff:fee1:f5f7,42752,,,2a03:2880:f335:136:face:b00c:0:b1,3478,Dynamic,19:32:11,20:02:11,2026/06/11,2026/06/11,866726066636401,405856151004844,2405:0200:5213:2A:3903:220:2:6,Jionet,405856044a323,405856044a323,2026/06/11 19:55:42,101.413,123355877,133715544,HOME,Bihar,
,,,,,917301042183,917301042183,2409:40e4:1103:59d5:e0ce:3cff:fee1:f5f7,42752,,,2a03:2880:f335:136:face:b00c:0:b1,3478,Dynamic,19:32:11,20:02:11,2026/06/11,2026/06/11,866726066636401,405856151004844,2405:0200:5213:2A:3903:220:2:6,Jionet,405856044a323,405856044a323,2026/06/11 19:55:42,101.413,24520,41344,HOME,Bihar,
,,,,,917301042183,917301042183,2409:40e4:1103:59d5:e0ce:3cff:fee1:f5f7,38246,,,2001:67c:4e8:f002::a,443,Dynamic,19:32:11,20:02:11,2026/06/11,2026/06/11,866726066636401,405856151004844,2405:0200:5213:2A:3903:220:2:6,Jionet,405856044a323,405856044a323,2026/06/11 19:56:46,27.372,123355877,133715544,HOME,Bihar,
,,,,,917301042183,917301042183,2409:40e4:1103:59d5:e0ce:3cff:fee1:f5f7,38246,,,2001:67c:4e8:f002::a,443,Dynamic,19:32:11,20:02:11,2026/06/11,2026/06/11,866726066636401,405856151004844,2405:0200:5213:2A:3903:220:2:6,Jionet,405856044a323,405856044a323,2026/06/11 19:56:46,27.372,24520,41344,HOME,Bihar,
,,,,,917301042183,917301042183,2409:40e4:1103:59d5:e0ce:3cff:fee1:f5f7,39700,,,2a03:2880:f311:90:face:b00c:0:8e,443,Dynamic,19:32:11,20:02:11,2026/06/11,2026/06/11,866726066636401,405856151004844,2405:0200:5213:2A:3903:220:2:6,Jionet,405856044a323,405856044a323,2026/06/11 19:57:10,13.02,123355877,133715544,HOME,Bihar,
,,,,,917301042183,917301042183,2409:40e4:1103:59d5:e0ce:3cff:fee1:f5f7,39700,,,2a03:2880:f311:90:face:b00c:0:8e,443,Dynamic,19:32:11,20:02:11,2026/06/11,2026/06/11,866726066636401,405856151004844,2405:0200:5213:2A:3903:220:2:6,Jionet,405856044a323,405856044a323,2026/06/11 19:57:10,13.02,24520,41344,HOME,Bihar,
,,,,,917301042183,917301042183,2409:40e4:1103:59d5:e0ce:3cff:fee1:f5f7,49286,,,2001:b28:f23f:f005::a,443,Dynamic,19:32:11,20:02:11,2026/06/11,2026/06/11,866726066636401,405856151004844,2405:0200:5213:2A:3903:220:2:6,Jionet,405856044a323,405856044a323,2026/06/11 19:56:35,38.037,123355877,133715544,HOME,Bihar,
,,,,,917301042183,917301042183,2409:40e4:1103:59d5:e0ce:3cff:fee1:f5f7,49286,,,2001:b28:f23f:f005::a,443,Dynamic,19:32:11,20:02:11,2026/06/11,2026/06/11,866726066636401,405856151004844,2405:0200:5213:2A:3903:220:2:6,Jionet,405856044a323,405856044a323,2026/06/11 19:56:35,38.037,24520,41344,HOME,Bihar,
,,,,,917301042183,917301042183,2409:40e4:1103:59d5:e0ce:3cff:fee1:f5f7,48246,,,2a03:2880:f288:1c6:face:b00c:0:177,3478,Dynamic,19:32:11,20:02:11,2026/06/11,2026/06/11,866726066636401,405856151004844,2405:0200:5213:2A:3903:220:2:6,Jionet,405856044a323,405856044a323,2026/06/11 19:55:19,119.424,123355877,133715544,HOME,Bihar,
,,,,,917301042183,917301042183,2409:40e4:1103:59d5:e0ce:3cff:fee1:f5f7,48246,,,2a03:2880:f288:1c6:face:b00c:0:177,3478,Dynamic,19:32:11,20:02:11,2026/06/11,2026/06/11,866726066636401,405856151004844,2405:0200:5213:2A:3903:220:2:6,Jionet,405856044a323,405856044a323,2026/06/11 19:55:19,119.424,24520,41344,HOME,Bihar,
,,,,,917301042183,917301042183,2409:40e4:1103:59d5:e0ce:3cff:fee1:f5f7,49302,,,2001:b28:f23f:f005::a,443,Dynamic,19:32:11,20:02:11,2026/06/11,2026/06/11,866726066636401,405856151004844,2405:0200:5213:2A:3903:220:2:6,Jionet,405856044a323,405856044a323,2026/06/11 19:56:39,34.0,123355877,133715544,HOME,Bihar,
,,,,,917301042183,917301042183,2409:40e4:1103:59d5:e0ce:3cff:fee1:f5f7,49302,,,2001:b28:f23f:f005::a,443,Dynamic,19:32:11,20:02:11,2026/06/11,2026/06/11,866726066636401,405856151004844,2405:0200:5213:2A:3903:220:2:6,Jionet,405856044a323,405856044a323,2026/06/11 19:56:39,34.0,24520,41344,HOME,Bihar,
,,,,,917301042183,917301042183,2409:40e4:1103:59d5:e0ce:3cff:fee1:f5f7,48246,,,2a03:2880:f347:136:face:b00c:0:b1,3478,Dynamic,19:32:11,20:02:11,2026/06/11,2026/06/11,866726066636401,405856151004844,2405:0200:5213:2A:3903:220:2:6,Jionet,405856044a323,405856044a323,2026/06/11 19:55:19,119.103,123355877,133715544,HOME,Bihar,
,,,,,917301042183,917301042183,2409:40e4:1103:59d5:e0ce:3cff:fee1:f5f7,48246,,,2a03:2880:f347:136:face:b00c:0:b1,3478,Dynamic,19:32:11,20:02:11,2026/06/11,2026/06/11,866726066636401,405856151004844,2405:0200:5213:2A:3903:220:2:6,Jionet,405856044a323,405856044a323,2026/06/11 19:55:19,119.103,24520,41344,HOME,Bihar,
,,,,,917301042183,917301042183,2409:40e4:1103:59d5:e0ce:3cff:fee1:f5f7,38266,,,2001:67c:4e8:f002::a,443,Dynamic,19:32:11,20:02:11,2026/06/11,2026/06/11,866726066636401,405856151004844,2405:0200:5213:2A:3903:220:2:6,Jionet,405856044a323,405856044a323,2026/06/11 19:56:53,12.984,123355877,133715544,HOME,Bihar,
,,,,,917301042183,917301042183,2409:40e4:1103:59d5:e0ce:3cff:fee1:f5f7,38266,,,2001:67c:4e8:f002::a,443,Dynamic,19:32:11,20:02:11,2026/06/11,2026/06/11,866726066636401,405856151004844,2405:0200:5213:2A:3903:220:2:6,Jionet,405856044a323,405856044a323,2026/06/11 19:56:53,12.984,24520,41344,HOME,Bihar,
,,,,,917301042183,917301042183,2409:40e4:1103:59d5:e0ce:3cff:fee1:f5f7,37352,,,2a03:2880:f346:3:face:b00c:0:4c63,443,Dynamic,19:32:11,20:02:11,2026/06/11,2026/06/11,866726066636401,405856151004844,2405:0200:5213:2A:3903:220:2:6,Jionet,405856044a323,405856044a323,2026/06/11 19:54:39,95.195,123355877,133715544,HOME,Bihar,
,,,,,917301042183,917301042183,2409:40e4:1103:59d5:e0ce:3cff:fee1:f5f7,37352,,,2a03:2880:f346:3:face:b00c:0:4c63,443,Dynamic,19:32:11,20:02:11,2026/06/11,2026/06/11,866726066636401,405856151004844,2405:0200:5213:2A:3903:220:2:6,Jionet,405856044a323,405856044a323,2026/06/11 19:54:39,95.195,24520,41344,HOME,Bihar,
,,,,,917301042183,917301042183,2409:40e4:1103:59d5:e0ce:3cff:fee1:f5f7,48246,,,2a03:2880:f335:136:face:b00c:0:b1,3478,Dynamic,19:32:11,20:02:11,2026/06/11,2026/06/11,866726066636401,405856151004844,2405:0200:5213:2A:3903:220:2:6,Jionet,405856044a323,405856044a323,2026/06/11 19:55:19,101.479,123355877,133715544,HOME,Bihar,
,,,,,917301042183,917301042183,2409:40e4:1103:59d5:e0ce:3cff:fee1:f5f7,48246,,,2a03:2880:f335:136:face:b00c:0:b1,3478,Dynamic,19:32:11,20:02:11,2026/06/11,2026/06/11,866726066636401,405856151004844,2405:0200:5213:2A:3903:220:2:6,Jionet,405856044a323,405856044a323,2026/06/11 19:55:19,101.479,24520,41344,HOME,Bihar,
,,,,,917301042183,917301042183,2409:40e4:1103:59d5:e0ce:3cff:fee1:f5f7,45332,,,2600:1901:0:8956::,443,Dynamic,19:32:11,20:02:11,2026/06/11,2026/06/11,866726066636401,405856151004844,2405:0200:5213:2A:3903:220:2:6,Jionet,405856044a323,405856044a323,2026/06/11 19:56:22,36.379,123355877,133715544,HOME,Bihar,
,,,,,917301042183,917301042183,2409:40e4:1103:59d5:e0ce:3cff:fee1:f5f7,45332,,,2600:1901:0:8956::,443,Dynamic,19:32:11,20:02:11,2026/06/11,2026/06/11,866726066636401,405856151004844,2405:0200:5213:2A:3903:220:2:6,Jionet,405856044a323,405856044a323,2026/06/11 19:56:22,36.379,24520,41344,HOME,Bihar,
,,,,,917301042183,917301042183,2409:40e4:1103:59d5:e0ce:3cff:fee1:f5f7,49206,,,2001:67c:4e8:f002::a,443,Dynamic,19:32:11,20:02:11,2026/06/11,2026/06/11,866726066636401,405856151004844,2405:0200:5213:2A:3903:220:2:6,Jionet,405856044a323,405856044a323,2026/06/11 19:56:57,14.053,123355877,133715544,HOME,Bihar,
,,,,,917301042183,917301042183,2409:40e4:1103:59d5:e0ce:3cff:fee1:f5f7,49206,,,2001:67c:4e8:f002::a,443,Dynamic,19:32:11,20:02:11,2026/06/11,2026/06/11,866726066636401,405856151004844,2405:0200:5213:2A:3903:220:2:6,Jionet,405856044a323,405856044a323,2026/06/11 19:56:57,14.053,24520,41344,HOME,Bihar,
,,,,,917301042183,917301042183,2409:40e4:1103:59d5:e0ce:3cff:fee1:f5f7,49202,,,2001:67c:4e8:f002::a,443,Dynamic,19:32:11,20:02:11,2026/06/11,2026/06/11,866726066636401,405856151004844,2405:0200:5213:2A:3903:220:2:6,Jionet,405856044a323,405856044a323,2026/06/11 19:56:55,12.883,123355877,133715544,HOME,Bihar,
,,,,,917301042183,917301042183,2409:40e4:1103:59d5:e0ce:3cff:fee1:f5f7,49202,,,2001:67c:4e8:f002::a,443,Dynamic,19:32:11,20:02:11,2026/06/11,2026/06/11,866726066636401,405856151004844,2405:0200:5213:2A:3903:220:2:6,Jionet,405856044a323,405856044a323,2026/06/11 19:56:55,12.883,24520,41344,HOME,Bihar,
,,,,,917301042183,917301042183,2409:40e4:1103:59d5:e0ce:3cff:fee1:f5f7,38248,,,2001:67c:4e8:f002::a,443,Dynamic,19:32:11,20:02:11,2026/06/11,2026/06/11,866726066636401,405856151004844,2405:0200:5213:2A:3903:220:2:6,Jionet,405856044a323,405856044a323,2026/06/11 19:56:47,12.727,123355877,133715544,HOME,Bihar,
,,,,,917301042183,917301042183,2409:40e4:1103:59d5:e0ce:3cff:fee1:f5f7,38248,,,2001:67c:4e8:f002::a,443,Dynamic,19:32:11,20:02:11,2026/06/11,2026/06/11,866726066636401,405856151004844,2405:0200:5213:2A:3903:220:2:6,Jionet,405856044a323,405856044a323,2026/06/11 19:56:47,12.727,24520,41344,HOME,Bihar,
,,,,,917301042183,917301042183,2409:40e4:1103:59d5:e0ce:3cff:fee1:f5f7,41656,,,2a03:2880:f311:c0:face:b00c:0:43fe,443,Dynamic,19:32:11,20:02:11,2026/06/11,2026/06/11,866726066636401,405856151004844,2405:0200:5213:2A:3903:220:2:6,Jionet,405856044a323,405856044a323,2026/06/11 19:57:10,2.124,123355877,133715544,HOME,Bihar,
,,,,,917301042183,917301042183,2409:40e4:1103:59d5:e0ce:3cff:fee1:f5f7,41656,,,2a03:2880:f311:c0:face:b00c:0:43fe,443,Dynamic,19:32:11,20:02:11,2026/06/11,2026/06/11,866726066636401,405856151004844,2405:0200:5213:2A:3903:220:2:6,Jionet,405856044a323,405856044a323,2026/06/11 19:57:10,2.124,24520,41344,HOME,Bihar,
,,,,,917301042183,917301042183,2409:40e4:1103:59d5:e0ce:3cff:fee1:f5f7,49210,,,2001:67c:4e8:f002::a,443,Dynamic,19:32:11,20:02:11,2026/06/11,2026/06/11,866726066636401,405856151004844,2405:0200:5213:2A:3903:220:2:6,Jionet,405856044a323,405856044a323,2026/06/11 19:57:00,13.533,123355877,133715544,HOME,Bihar,
,,,,,917301042183,917301042183,2409:40e4:1103:59d5:e0ce:3cff:fee1:f5f7,49210,,,2001:67c:4e8:f002::a,443,Dynamic,19:32:11,20:02:11,2026/06/11,2026/06/11,866726066636401,405856151004844,2405:0200:5213:2A:3903:220:2:6,Jionet,405856044a323,405856044a323,2026/06/11 19:57:00,13.533,24520,41344,HOME,Bihar,
,,,,,917301042183,917301042183,2409:40e4:1103:59d5:e0ce:3cff:fee1:f5f7,48140,,,2001:4860:4802:34::223,443,Dynamic,19:32:11,20:02:11,2026/06/11,2026/06/11,866726066636401,405856151004844,2405:0200:5213:2A:3903:220:2:6,Jionet,405856044a323,405856044a323,2026/06/11 19:35:48,11.34,123355877,133715544,HOME,Bihar,
,,,,,917301042183,917301042183,2409:40e4:1103:59d5:e0ce:3cff:fee1:f5f7,48140,,,2001:4860:4802:34::223,443,Dynamic,19:32:11,20:02:11,2026/06/11,2026/06/11,866726066636401,405856151004844,2405:0200:5213:2A:3903:220:2:6,Jionet,405856044a323,405856044a323,2026/06/11 19:35:48,11.34,24520,41344,HOME,Bihar,
,,,,,917301042183,917301042183,2409:40e4:1103:59d5:e0ce:3cff:fee1:f5f7,42312,,,2606:4700:99e2:e632:f4d9:c1c:6811:180e,443,Dynamic,19:32:11,20:02:11,2026/06/11,2026/06/11,866726066636401,405856151004844,2405:0200:5213:2A:3903:220:2:6,Jionet,405856044a323,405856044a323,2026/06/11 19:33:51,77.308,123355877,133715544,HOME,Bihar,
,,,,,917301042183,917301042183,2409:40e4:1103:59d5:e0ce:3cff:fee1:f5f7,42312,,,2606:4700:99e2:e632:f4d9:c1c:6811:180e,443,Dynamic,19:32:11,20:02:11,2026/06/11,2026/06/11,866726066636401,405856151004844,2405:0200:5213:2A:3903:220:2:6,Jionet,405856044a323,405856044a323,2026/06/11 19:33:51,77.308,24520,41344,HOME,Bihar,
,,,,,917301042183,917301042183,2409:40e4:1103:59d5:e0ce:3cff:fee1:f5f7,39938,,,2606:4700:99e6:e698:15fd:c1c:cd03:93d7,443,Dynamic,19:32:11,20:02:11,2026/06/11,2026/06/11,866726066636401,405856151004844,2405:0200:5213:2A:3903:220:2:6,Jionet,405856044a323,405856044a323,2026/06/11 19:35:14,41.949,123355877,133715544,HOME,Bihar,
,,,,,917301042183,917301042183,2409:40e4:1103:59d5:e0ce:3cff:fee1:f5f7,39938,,,2606:4700:99e6:e698:15fd:c1c:cd03:93d7,443,Dynamic,19:32:11,20:02:11,2026/06/11,2026/06/11,866726066636401,405856151004844,2405:0200:5213:2A:3903:220:2:6,Jionet,405856044a323,405856044a323,2026/06/11 19:35:14,41.949,24520,41344,HOME,Bihar,
,,,,,917301042183,917301042183,2409:40e4:1103:59d5:e0ce:3cff:fee1:f5f7,47316,,,2001:4860:4802:34::223,443,Dynamic,19:32:11,20:02:11,2026/06/11,2026/06/11,866726066636401,405856151004844,2405:0200:5213:2A:3903:220:2:6,Jionet,405856044a323,405856044a323,2026/06/11 19:34:05,63.88,123355877,133715544,HOME,Bihar,
,,,,,917301042183,917301042183,2409:40e4:1103:59d5:e0ce:3cff:fee1:f5f7,47316,,,2001:4860:4802:34::223,443,Dynamic,19:32:11,20:02:11,2026/06/11,2026/06/11,866726066636401,405856151004844,2405:0200:5213:2A:3903:220:2:6,Jionet,405856044a323,405856044a323,2026/06/11 19:34:05,63.88,24520,41344,HOME,Bihar,
,,,,,917301042183,917301042183,2409:40e4:1103:59d5:e0ce:3cff:fee1:f5f7,46498,,,2606:4700:99e6:e698:15fe:c1c:cd03:93d7,443,Dynamic,19:32:11,20:02:11,2026/06/11,2026/06/11,866726066636401,405856151004844,2405:0200:5213:2A:3903:220:2:6,Jionet,405856044a323,405856044a323,2026/06/11 19:35:13,42.112,123355877,133715544,HOME,Bihar,
,,,,,917301042183,917301042183,2409:40e4:1103:59d5:e0ce:3cff:fee1:f5f7,46498,,,2606:4700:99e6:e698:15fe:c1c:cd03:93d7,443,Dynamic,19:32:11,20:02:11,2026/06/11,2026/06/11,866726066636401,405856151004844,2405:0200:5213:2A:3903:220:2:6,Jionet,405856044a323,405856044a323,2026/06/11 19:35:13,42.112,24520,41344,HOME,Bihar,
,,,,,917301042183,917301042183,2409:40e4:1103:59d5:e0ce:3cff:fee1:f5f7,49332,,,2a03:2880:f288:1c6:face:b00c:0:177,3478,Dynamic,19:32:11,20:02:11,2026/06/11,2026/06/11,866726066636401,405856151004844,2405:0200:5213:2A:3903:220:2:6,Jionet,405856044a323,405856044a323,2026/06/11 19:33:17,96.304,123355877,133715544,HOME,Bihar,
,,,,,917301042183,917301042183,2409:40e4:1103:59d5:e0ce:3cff:fee1:f5f7,49332,,,2a03:2880:f288:1c6:face:b00c:0:177,3478,Dynamic,19:32:11,20:02:11,2026/06/11,2026/06/11,866726066636401,405856151004844,2405:0200:5213:2A:3903:220:2:6,Jionet,405856044a323,405856044a323,2026/06/11 19:33:17,96.304,24520,41344,HOME,Bihar,
,,,,,917301042183,917301042183,2409:40e4:1103:59d5:e0ce:3cff:fee1:f5f7,43298,,,2405:200:1607:2820:41::36,443,Dynamic,19:32:11,20:02:11,2026/06/11,2026/06/11,866726066636401,405856151004844,2405:0200:5213:2A:3903:220:2:6,Jionet,405856044a323,405856044a323,2026/06/11 19:33:58,113.405,123355877,133715544,HOME,Bihar,
,,,,,917301042183,917301042183,2409:40e4:1103:59d5:e0ce:3cff:fee1:f5f7,43298,,,2405:200:1607:2820:41::36,443,Dynamic,19:32:11,20:02:11,2026/06/11,2026/06/11,866726066636401,405856151004844,2405:0200:5213:2A:3903:220:2:6,Jionet,405856044a323,405856044a323,2026/06/11 19:33:58,113.405,24520,41344,HOME,Bihar,
,,,,,917301042183,917301042183,2409:40e4:1103:59d5:e0ce:3cff:fee1:f5f7,37832,,,2a03:2880:f312:136:face:b00c:0:b1,3478,Dynamic,19:32:11,20:02:11,2026/06/11,2026/06/11,866726066636401,405856151004844,2405:0200:5213:2A:3903:220:2:6,Jionet,405856044a323,405856044a323,2026/06/11 19:33:47,72.637,123355877,133715544,HOME,Bihar,
,,,,,917301042183,917301042183,2409:40e4:1103:59d5:e0ce:3cff:fee1:f5f7,37832,,,2a03:2880:f312:136:face:b00c:0:b1,3478,Dynamic,19:32:11,20:02:11,2026/06/11,2026/06/11,866726066636401,405856151004844,2405:0200:5213:2A:3903:220:2:6,Jionet,405856044a323,405856044a323,2026/06/11 19:33:47,72.637,24520,41344,HOME,Bihar,
,,,,,917301042183,917301042183,2409:40e4:1103:59d5:e0ce:3cff:fee1:f5f7,47125,,,2a03:2880:f322:136:face:b00c:0:b1,3478,Dynamic,19:32:11,20:02:11,2026/06/11,2026/06/11,866726066636401,405856151004844,2405:0200:5213:2A:3903:220:2:6,Jionet,405856044a323,405856044a323,2026/06/11 19:34:03,116.88,123355877,133715544,HOME,Bihar,
,,,,,917301042183,917301042183,2409:40e4:1103:59d5:e0ce:3cff:fee1:f5f7,47125,,,2a03:2880:f322:136:face:b00c:0:b1,3478,Dynamic,19:32:11,20:02:11,2026/06/11,2026/06/11,866726066636401,405856151004844,2405:0200:5213:2A:3903:220:2:6,Jionet,405856044a323,405856044a323,2026/06/11 19:34:03,116.88,24520,41344,HOME,Bihar,
,,,,,917301042183,917301042183,2409:40e4:1103:59d5:e0ce:3cff:fee1:f5f7,47382,,,2404:6800:4000:1006::9c,443,Dynamic,19:32:11,20:02:11,2026/06/11,2026/06/11,866726066636401,405856151004844,2405:0200:5213:2A:3903:220:2:6,Jionet,405856044a323,405856044a323,2026/06/11 19:33:33,91.564,123355877,133715544,HOME,Bihar,
,,,,,917301042183,917301042183,2409:40e4:1103:59d5:e0ce:3cff:fee1:f5f7,47382,,,2404:6800:4000:1006::9c,443,Dynamic,19:32:11,20:02:11,2026/06/11,2026/06/11,866726066636401,405856151004844,2405:0200:5213:2A:3903:220:2:6,Jionet,405856044a323,405856044a323,2026/06/11 19:33:33,91.564,24520,41344,HOME,Bihar,
,,,,,917301042183,917301042183,2409:40e4:1103:59d5:e0ce:3cff:fee1:f5f7,47670,,,2001:4860:4802:36::223,443,Dynamic,19:32:11,20:02:11,2026/06/11,2026/06/11,866726066636401,405856151004844,2405:0200:5213:2A:3903:220:2:6,Jionet,405856044a323,405856044a323,2026/06/11 19:35:13,11.439,123355877,133715544,HOME,Bihar,
,,,,,917301042183,917301042183,2409:40e4:1103:59d5:e0ce:3cff:fee1:f5f7,47670,,,2001:4860:4802:36::223,443,Dynamic,19:32:11,20:02:11,2026/06/11,2026/06/11,866726066636401,405856151004844,2405:0200:5213:2A:3903:220:2:6,Jionet,405856044a323,405856044a323,2026/06/11 19:35:13,11.439,24520,41344,HOME,Bihar,
,,,,,917301042183,917301042183,2409:40e4:1103:59d5:e0ce:3cff:fee1:f5f7,40276,,,2404:6800:4000:1006::9b,443,Dynamic,19:32:11,20:02:11,2026/06/11,2026/06/11,866726066636401,405856151004844,2405:0200:5213:2A:3903:220:2:6,Jionet,405856044a323,405856044a323,2026/06/11 19:32:43,139.552,123355877,133715544,HOME,Bihar,
,,,,,917301042183,917301042183,2409:40e4:1103:59d5:e0ce:3cff:fee1:f5f7,40276,,,2404:6800:4000:1006::9b,443,Dynamic,19:32:11,20:02:11,2026/06/11,2026/06/11,866726066636401,405856151004844,2405:0200:5213:2A:3903:220:2:6,Jionet,405856044a323,405856044a323,2026/06/11 19:32:43,139.552,24520,41344,HOME,Bihar,
,,,,,917301042183,917301042183,2409:40e4:1103:59d5:e0ce:3cff:fee1:f5f7,39118,,,2606:4700:99e2:98e3:bdd9:c1c:895:a7f2,443,Dynamic,19:32:11,20:02:11,2026/06/11,2026/06/11,866726066636401,405856151004844,2405:0200:5213:2A:3903:220:2:6,Jionet,405856044a323,405856044a323,2026/06/11 19:33:51,81.068,123355877,133715544,HOME,Bihar,
,,,,,917301042183,917301042183,2409:40e4:1103:59d5:e0ce:3cff:fee1:f5f7,39118,,,2606:4700:99e2:98e3:bdd9:c1c:895:a7f2,443,Dynamic,19:32:11,20:02:11,2026/06/11,2026/06/11,866726066636401,405856151004844,2405:0200:5213:2A:3903:220:2:6,Jionet,405856044a323,405856044a323,2026/06/11 19:33:51,81.068,24520,41344,HOME,Bihar,
,,,,,917301042183,917301042183,2409:40e4:1103:59d5:e0ce:3cff:fee1:f5f7,49558,,,2404:6800:4009:804::2002,443,Dynamic,19:32:11,20:02:11,2026/06/11,2026/06/11,866726066636401,405856151004844,2405:0200:5213:2A:3903:220:2:6,Jionet,405856044a323,405856044a323,2026/06/11 19:34:48,11.421,123355877,133715544,HOME,Bihar,
,,,,,917301042183,917301042183,2409:40e4:1103:59d5:e0ce:3cff:fee1:f5f7,49558,,,2404:6800:4009:804::2002,443,Dynamic,19:32:11,20:02:11,2026/06/11,2026/06/11,866726066636401,405856151004844,2405:0200:5213:2A:3903:220:2:6,Jionet,405856044a323,405856044a323,2026/06/11 19:34:48,11.421,24520,41344,HOME,Bihar,
,,,,,917301042183,917301042183,2409:40e4:1103:59d5:e0ce:3cff:fee1:f5f7,45202,,,2a04:4e42:600::411,443,Dynamic,19:32:11,20:02:11,2026/06/11,2026/06/11,866726066636401,405856151004844,2405:0200:5213:2A:3903:220:2:6,Jionet,405856044a323,405856044a323,2026/06/11 19:33:51,79.191,123355877,133715544,HOME,Bihar,
,,,,,917301042183,917301042183,2409:40e4:1103:59d5:e0ce:3cff:fee1:f5f7,45202,,,2a04:4e42:600::411,443,Dynamic,19:32:11,20:02:11,2026/06/11,2026/06/11,866726066636401,405856151004844,2405:0200:5213:2A:3903:220:2:6,Jionet,405856044a323,405856044a323,2026/06/11 19:33:51,79.191,24520,41344,HOME,Bihar,
,,,,,917301042183,917301042183,2409:40e4:1103:59d5:e0ce:3cff:fee1:f5f7,38808,,,2600:1901:0:8956::,443,Dynamic,19:32:11,20:02:11,2026/06/11,2026/06/11,866726066636401,405856151004844,2405:0200:5213:2A:3903:220:2:6,Jionet,405856044a323,405856044a323,2026/06/11 19:32:12,172.463,123355877,133715544,HOME,Bihar,
,,,,,917301042183,917301042183,2409:40e4:1103:59d5:e0ce:3cff:fee1:f5f7,38808,,,2600:1901:0:8956::,443,Dynamic,19:32:11,20:02:11,2026/06/11,2026/06/11,866726066636401,405856151004844,2405:0200:5213:2A:3903:220:2:6,Jionet,405856044a323,405856044a323,2026/06/11 19:32:12,172.463,24520,41344,HOME,Bihar,
,,,,,917301042183,917301042183,2409:40e4:1103:59d5:e0ce:3cff:fee1:f5f7,49332,,,2a03:2880:f26b:1c5:face:b00c:0:177,3478,Dynamic,19:32:11,20:02:11,2026/06/11,2026/06/11,866726066636401,405856151004844,2405:0200:5213:2A:3903:220:2:6,Jionet,405856044a323,405856044a323,2026/06/11 19:33:17,114.321,123355877,133715544,HOME,Bihar,
,,,,,917301042183,917301042183,2409:40e4:1103:59d5:e0ce:3cff:fee1:f5f7,49332,,,2a03:2880:f26b:1c5:face:b00c:0:177,3478,Dynamic,19:32:11,20:02:11,2026/06/11,2026/06/11,866726066636401,405856151004844,2405:0200:5213:2A:3903:220:2:6,Jionet,405856044a323,405856044a323,2026/06/11 19:33:17,114.321,24520,41344,HOME,Bihar,
,,,,,917301042183,917301042183,2409:40e4:1103:59d5:e0ce:3cff:fee1:f5f7,37832,,,2a03:2880:f346:136:face:b00c:0:b1,3478,Dynamic,19:32:11,20:02:11,2026/06/11,2026/06/11,866726066636401,405856151004844,2405:0200:5213:2A:3903:220:2:6,Jionet,405856044a323,405856044a323,2026/06/11 19:33:47,73.238,123355877,133715544,HOME,Bihar,
,,,,,917301042183,917301042183,2409:40e4:1103:59d5:e0ce:3cff:fee1:f5f7,37832,,,2a03:2880:f346:136:face:b00c:0:b1,3478,Dynamic,19:32:11,20:02:11,2026/06/11,2026/06/11,866726066636401,405856151004844,2405:0200:5213:2A:3903:220:2:6,Jionet,405856044a323,405856044a323,2026/06/11 19:33:47,73.238,24520,41344,HOME,Bihar,
,,,,,917301042183,917301042183,2409:40e4:1103:59d5:e0ce:3cff:fee1:f5f7,47125,,,2a03:2880:f33e:136:face:b00c:0:b1,3478,Dynamic,19:32:11,20:02:11,2026/06/11,2026/06/11,866726066636401,405856151004844,2405:0200:5213:2A:3903:220:2:6,Jionet,405856044a323,405856044a323,2026/06/11 19:34:03,75.38,123355877,133715544,HOME,Bihar,
,,,,,917301042183,917301042183,2409:40e4:1103:59d5:e0ce:3cff:fee1:f5f7,47125,,,2a03:2880:f33e:136:face:b00c:0:b1,3478,Dynamic,19:32:11,20:02:11,2026/06/11,2026/06/11,866726066636401,405856151004844,2405:0200:5213:2A:3903:220:2:6,Jionet,405856044a323,405856044a323,2026/06/11 19:34:03,75.38,24520,41344,HOME,Bihar,
,,,,,917301042183,917301042183,2409:40e4:1103:59d5:e0ce:3cff:fee1:f5f7,39733,,,2404:6800:4009:801::200e,443,Dynamic,19:32:11,20:02:11,2026/06/11,2026/06/11,866726066636401,405856151004844,2405:0200:5213:2A:3903:220:2:6,Jionet,405856044a323,405856044a323,2026/06/11 19:33:37,73.989,123355877,133715544,HOME,Bihar,
,,,,,917301042183,917301042183,2409:40e4:1103:59d5:e0ce:3cff:fee1:f5f7,39733,,,2404:6800:4009:801::200e,443,Dynamic,19:32:11,20:02:11,2026/06/11,2026/06/11,866726066636401,405856151004844,2405:0200:5213:2A:3903:220:2:6,Jionet,405856044a323,405856044a323,2026/06/11 19:33:37,73.989,24520,41344,HOME,Bihar,
,,,,,917301042183,917301042183,2409:40e4:1103:59d5:e0ce:3cff:fee1:f5f7,41170,,,2404:6800:4009:819::200a,443,Dynamic,19:32:11,20:02:11,2026/06/11,2026/06/11,866726066636401,405856151004844,2405:0200:5213:2A:3903:220:2:6,Jionet,405856044a323,405856044a323,2026/06/11 19:33:19,111.885,123355877,133715544,HOME,Bihar,
,,,,,917301042183,917301042183,2409:40e4:1103:59d5:e0ce:3cff:fee1:f5f7,41170,,,2404:6800:4009:819::200a,443,Dynamic,19:32:11,20:02:11,2026/06/11,2026/06/11,866726066636401,405856151004844,2405:0200:5213:2A:3903:220:2:6,Jionet,405856044a323,405856044a323,2026/06/11 19:33:19,111.885,24520,41344,HOME,Bihar,
,,,,,917301042183,917301042183,2409:40e4:1103:59d5:e0ce:3cff:fee1:f5f7,49332,,,2a03:2880:f334:136:face:b00c:0:b1,3478,Dynamic,19:32:11,20:02:11,2026/06/11,2026/06/11,866726066636401,405856151004844,2405:0200:5213:2A:3903:220:2:6,Jionet,405856044a323,405856044a323,2026/06/11 19:33:17,79.477,123355877,133715544,HOME,Bihar,
,,,,,917301042183,917301042183,2409:40e4:1103:59d5:e0ce:3cff:fee1:f5f7,49332,,,2a03:2880:f334:136:face:b00c:0:b1,3478,Dynamic,19:32:11,20:02:11,2026/06/11,2026/06/11,866726066636401,405856151004844,2405:0200:5213:2A:3903:220:2:6,Jionet,405856044a323,405856044a323,2026/06/11 19:33:17,79.477,24520,41344,HOME,Bihar,
,,,,,917301042183,917301042183,2409:40e4:1103:59d5:e0ce:3cff:fee1:f5f7,47390,,,2404:6800:4000:1006::9c,443,Dynamic,19:32:11,20:02:11,2026/06/11,2026/06/11,866726066636401,405856151004844,2405:0200:5213:2A:3903:220:2:6,Jionet,405856044a323,405856044a323,2026/06/11 19:33:34,98.928,123355877,133715544,HOME,Bihar,
,,,,,917301042183,917301042183,2409:40e4:1103:59d5:e0ce:3cff:fee1:f5f7,47390,,,2404:6800:4000:1006::9c,443,Dynamic,19:32:11,20:02:11,2026/06/11,2026/06/11,866726066636401,405856151004844,2405:0200:5213:2A:3903:220:2:6,Jionet,405856044a323,405856044a323,2026/06/11 19:33:34,98.928,24520,41344,HOME,Bihar,
,,,,,917301042183,917301042183,2409:40e4:1103:59d5:e0ce:3cff:fee1:f5f7,49501,,,2001:4860:4802:38::223,443,Dynamic,19:32:11,20:02:11,2026/06/11,2026/06/11,866726066636401,405856151004844,2405:0200:5213:2A:3903:220:2:6,Jionet,405856044a323,405856044a323,2026/06/11 19:32:48,105.168,123355877,133715544,HOME,Bihar,
,,,,,917301042183,917301042183,2409:40e4:1103:59d5:e0ce:3cff:fee1:f5f7,49501,,,2001:4860:4802:38::223,443,Dynamic,19:32:11,20:02:11,2026/06/11,2026/06/11,866726066636401,405856151004844,2405:0200:5213:2A:3903:220:2:6,Jionet,405856044a323,405856044a323,2026/06/11 19:32:48,105.168,24520,41344,HOME,Bihar,
,,,,,917301042183,917301042183,2409:40e4:1103:59d5:e0ce:3cff:fee1:f5f7,47125,,,2a03:2880:f36a:136:face:b00c:0:b1,3478,Dynamic,19:32:11,20:02:11,2026/06/11,2026/06/11,866726066636401,405856151004844,2405:0200:5213:2A:3903:220:2:6,Jionet,405856044a323,405856044a323,2026/06/11 19:34:03,80.12,123355877,133715544,HOME,Bihar,
,,,,,917301042183,917301042183,2409:40e4:1103:59d5:e0ce:3cff:fee1:f5f7,47125,,,2a03:2880:f36a:136:face:b00c:0:b1,3478,Dynamic,19:32:11,20:02:11,2026/06/11,2026/06/11,866726066636401,405856151004844,2405:0200:5213:2A:3903:220:2:6,Jionet,405856044a323,405856044a323,2026/06/11 19:34:03,80.12,24520,41344,HOME,Bihar,
,,,,,917301042183,917301042183,2409:40e4:1103:59d5:e0ce:3cff:fee1:f5f7,48844,,,2404:6800:4009:804::2002,443,Dynamic,19:32:11,20:02:11,2026/06/11,2026/06/11,866726066636401,405856151004844,2405:0200:5213:2A:3903:220:2:6,Jionet,405856044a323,405856044a323,2026/06/11 19:34:31,11.439,123355877,133715544,HOME,Bihar,
,,,,,917301042183,917301042183,2409:40e4:1103:59d5:e0ce:3cff:fee1:f5f7,48844,,,2404:6800:4009:804::2002,443,Dynamic,19:32:11,20:02:11,2026/06/11,2026/06/11,866726066636401,405856151004844,2405:0200:5213:2A:3903:220:2:6,Jionet,405856044a323,405856044a323,2026/06/11 19:34:31,11.439,24520,41344,HOME,Bihar,
,,,,,917301042183,917301042183,2409:40e4:1103:59d5:e0ce:3cff:fee1:f5f7,41753,,,2404:6800:4009:801::200e,443,Dynamic,19:32:11,20:02:11,2026/06/11,2026/06/11,866726066636401,405856151004844,2405:0200:5213:2A:3903:220:2:6,Jionet,405856044a323,405856044a323,2026/06/11 19:33:37,109.496,123355877,133715544,HOME,Bihar,
,,,,,917301042183,917301042183,2409:40e4:1103:59d5:e0ce:3cff:fee1:f5f7,41753,,,2404:6800:4009:801::200e,443,Dynamic,19:32:11,20:02:11,2026/06/11,2026/06/11,866726066636401,405856151004844,2405:0200:5213:2A:3903:220:2:6,Jionet,405856044a323,405856044a323,2026/06/11 19:33:37,109.496,24520,41344,HOME,Bihar,
,,,,,917301042183,917301042183,2409:40e4:1103:59d5:e0ce:3cff:fee1:f5f7,47999,,,2a03:2880:f312:136:face:b00c:0:b1,3478,Dynamic,19:32:11,20:02:11,2026/06/11,2026/06/11,866726066636401,405856151004844,2405:0200:5213:2A:3903:220:2:6,Jionet,405856044a323,405856044a323,2026/06/11 19:34:21,78.294,123355877,133715544,HOME,Bihar,
,,,,,917301042183,917301042183,2409:40e4:1103:59d5:e0ce:3cff:fee1:f5f7,47999,,,2a03:2880:f312:136:face:b00c:0:b1,3478,Dynamic,19:32:11,20:02:11,2026/06/11,2026/06/11,866726066636401,405856151004844,2405:0200:5213:2A:3903:220:2:6,Jionet,405856044a323,405856044a323,2026/06/11 19:34:21,78.294,24520,41344,HOME,Bihar,
,,,,,917301042183,917301042183,2409:40e4:1103:59d5:e0ce:3cff:fee1:f5f7,37508,,,2404:6800:4000:1006::9b,443,Dynamic,19:32:11,20:02:11,2026/06/11,2026/06/11,866726066636401,405856151004844,2405:0200:5213:2A:3903:220:2:6,Jionet,405856044a323,405856044a323,2026/06/11 19:33:33,97.44,123355877,133715544,HOME,Bihar,
,,,,,917301042183,917301042183,2409:40e4:1103:59d5:e0ce:3cff:fee1:f5f7,37508,,,2404:6800:4000:1006::9b,443,Dynamic,19:32:11,20:02:11,2026/06/11,2026/06/11,866726066636401,405856151004844,2405:0200:5213:2A:3903:220:2:6,Jionet,405856044a323,405856044a323,2026/06/11 19:33:33,97.44,24520,41344,HOME,Bihar,
,,,,,917301042183,917301042183,2409:40e4:1103:59d5:e0ce:3cff:fee1:f5f7,49332,,,2401:4900:b57b:ff6:e4e5:abff:fe8d:2879,36547,Dynamic,19:32:11,20:02:11,2026/06/11,2026/06/11,866726066636401,405856151004844,2405:0200:5213:2A:3903:220:2:6,Jionet,405856044a323,405856044a323,2026/06/11 19:33:20,144.148,123355877,133715544,HOME,Bihar,
,,,,,917301042183,917301042183,2409:40e4:1103:59d5:e0ce:3cff:fee1:f5f7,49332,,,2401:4900:b57b:ff6:e4e5:abff:fe8d:2879,36547,Dynamic,19:32:11,20:02:11,2026/06/11,2026/06/11,866726066636401,405856151004844,2405:0200:5213:2A:3903:220:2:6,Jionet,405856044a323,405856044a323,2026/06/11 19:33:20,144.148,24520,41344,HOME,Bihar,
,,,,,917301042183,917301042183,2409:40e4:1103:59d5:e0ce:3cff:fee1:f5f7,44899,,,2404:6800:4009:824::2016,443,Dynamic,19:32:11,20:02:11,2026/06/11,2026/06/11,866726066636401,405856151004844,2405:0200:5213:2A:3903:220:2:6,Jionet,405856044a323,405856044a323,2026/06/11 19:33:38,98.519,123355877,133715544,HOME,Bihar,
,,,,,917301042183,917301042183,2409:40e4:1103:59d5:e0ce:3cff:fee1:f5f7,44899,,,2404:6800:4009:824::2016,443,Dynamic,19:32:11,20:02:11,2026/06/11,2026/06/11,866726066636401,405856151004844,2405:0200:5213:2A:3903:220:2:6,Jionet,405856044a323,405856044a323,2026/06/11 19:33:38,98.519,24520,41344,HOME,Bihar,
,,,,,917301042183,917301042183,2409:40e4:1103:59d5:e0ce:3cff:fee1:f5f7,38086,,,2a03:2880:f311:136:face:b00c:0:b1,3478,Dynamic,19:32:11,20:02:11,2026/06/11,2026/06/11,866726066636401,405856151004844,2405:0200:5213:2A:3903:220:2:6,Jionet,405856044a323,405856044a323,2026/06/11 19:34:32,76.81,123355877,133715544,HOME,Bihar,
,,,,,917301042183,917301042183,2409:40e4:1103:59d5:e0ce:3cff:fee1:f5f7,38086,,,2a03:2880:f311:136:face:b00c:0:b1,3478,Dynamic,19:32:11,20:02:11,2026/06/11,2026/06/11,866726066636401,405856151004844,2405:0200:5213:2A:3903:220:2:6,Jionet,405856044a323,405856044a323,2026/06/11 19:34:32,76.81,24520,41344,HOME,Bihar,
,,,,,917301042183,917301042183,2409:40e4:1103:59d5:e0ce:3cff:fee1:f5f7,39094,,,2a03:2880:f335:136:face:b00c:0:b1,3478,Dynamic,19:32:11,20:02:11,2026/06/11,2026/06/11,866726066636401,405856151004844,2405:0200:5213:2A:3903:220:2:6,Jionet,405856044a323,405856044a323,2026/06/11 19:34:13,68.859,123355877,133715544,HOME,Bihar,
,,,,,917301042183,917301042183,2409:40e4:1103:59d5:e0ce:3cff:fee1:f5f7,39094,,,2a03:2880:f335:136:face:b00c:0:b1,3478,Dynamic,19:32:11,20:02:11,2026/06/11,2026/06/11,866726066636401,405856151004844,2405:0200:5213:2A:3903:220:2:6,Jionet,405856044a323,405856044a323,2026/06/11 19:34:13,68.859,24520,41344,HOME,Bihar,
,,,,,917301042183,917301042183,2409:40e4:1103:59d5:e0ce:3cff:fee1:f5f7,37832,,,2a03:2880:f36a:136:face:b00c:0:b1,3478,Dynamic,19:32:11,20:02:11,2026/06/11,2026/06/11,866726066636401,405856151004844,2405:0200:5213:2A:3903:220:2:6,Jionet,405856044a323,405856044a323,2026/06/11 19:33:47,111.865,123355877,133715544,HOME,Bihar,
,,,,,917301042183,917301042183,2409:40e4:1103:59d5:e0ce:3cff:fee1:f5f7,37832,,,2a03:2880:f36a:136:face:b00c:0:b1,3478,Dynamic,19:32:11,20:02:11,2026/06/11,2026/06/11,866726066636401,405856151004844,2405:0200:5213:2A:3903:220:2:6,Jionet,405856044a323,405856044a323,2026/06/11 19:33:47,111.865,24520,41344,HOME,Bihar,
,,,,,917301042183,917301042183,2409:40e4:1103:59d5:e0ce:3cff:fee1:f5f7,40679,,,2404:6800:4009:804::2002,443,Dynamic,19:32:11,20:02:11,2026/06/11,2026/06/11,866726066636401,405856151004844,2405:0200:5213:2A:3903:220:2:6,Jionet,405856044a323,405856044a323,2026/06/11 19:33:18,129.84,123355877,133715544,HOME,Bihar,
,,,,,917301042183,917301042183,2409:40e4:1103:59d5:e0ce:3cff:fee1:f5f7,40679,,,2404:6800:4009:804::2002,443,Dynamic,19:32:11,20:02:11,2026/06/11,2026/06/11,866726066636401,405856151004844,2405:0200:5213:2A:3903:220:2:6,Jionet,405856044a323,405856044a323,2026/06/11 19:33:18,129.84,24520,41344,HOME,Bihar,
,,,,,917301042183,917301042183,2409:40e4:1103:59d5:e0ce:3cff:fee1:f5f7,48212,,,2001:4860:4802:38::223,443,Dynamic,19:32:11,20:02:11,2026/06/11,2026/06/11,866726066636401,405856151004844,2405:0200:5213:2A:3903:220:2:6,Jionet,405856044a323,405856044a323,2026/06/11 19:33:45,107.872,123355877,133715544,HOME,Bihar,
,,,,,917301042183,917301042183,2409:40e4:1103:59d5:e0ce:3cff:fee1:f5f7,48212,,,2001:4860:4802:38::223,443,Dynamic,19:32:11,20:02:11,2026/06/11,2026/06/11,866726066636401,405856151004844,2405:0200:5213:2A:3903:220:2:6,Jionet,405856044a323,405856044a323,2026/06/11 19:33:45,107.872,24520,41344,HOME,Bihar,
,,,,,917301042183,917301042183,2409:40e4:1103:59d5:e0ce:3cff:fee1:f5f7,37524,,,2404:6800:4000:1017::5e,443,Dynamic,19:32:11,20:02:11,2026/06/11,2026/06/11,866726066636401,405856151004844,2405:0200:5213:2A:3903:220:2:6,Jionet,405856044a323,405856044a323,2026/06/11 19:33:49,106.051,123355877,133715544,HOME,Bihar,
,,,,,917301042183,917301042183,2409:40e4:1103:59d5:e0ce:3cff:fee1:f5f7,37524,,,2404:6800:4000:1017::5e,443,Dynamic,19:32:11,20:02:11,2026/06/11,2026/06/11,866726066636401,405856151004844,2405:0200:5213:2A:3903:220:2:6,Jionet,405856044a323,405856044a323,2026/06/11 19:33:49,106.051,24520,41344,HOME,Bihar,
,,,,,917301042183,917301042183,2409:40e4:1103:59d5:e0ce:3cff:fee1:f5f7,48140,,,2001:4860:4802:34::223,443,Dynamic,19:32:11,20:02:11,2026/06/11,2026/06/11,866726066636401,405856151004844,2405:0200:5213:2A:3903:220:2:6,Jionet,405856044a323,405856044a323,2026/06/11 19:33:41,113.355,123355877,133715544,HOME,Bihar,
,,,,,917301042183,917301042183,2409:40e4:1103:59d5:e0ce:3cff:fee1:f5f7,48140,,,2001:4860:4802:34::223,443,Dynamic,19:32:11,20:02:11,2026/06/11,2026/06/11,866726066636401,405856151004844,2405:0200:5213:2A:3903:220:2:6,Jionet,405856044a323,405856044a323,2026/06/11 19:33:41,113.355,24520,41344,HOME,Bihar,
,,,,,917301042183,917301042183,2409:40e4:1103:59d5:e0ce:3cff:fee1:f5f7,39094,,,2a03:2880:f33e:136:face:b00c:0:b1,3478,Dynamic,19:32:11,20:02:11,2026/06/11,2026/06/11,866726066636401,405856151004844,2405:0200:5213:2A:3903:220:2:6,Jionet,405856044a323,405856044a323,2026/06/11 19:34:13,85.48,123355877,133715544,HOME,Bihar,
,,,,,917301042183,917301042183,2409:40e4:1103:59d5:e0ce:3cff:fee1:f5f7,39094,,,2a03:2880:f33e:136:face:b00c:0:b1,3478,Dynamic,19:32:11,20:02:11,2026/06/11,2026/06/11,866726066636401,405856151004844,2405:0200:5213:2A:3903:220:2:6,Jionet,405856044a323,405856044a323,2026/06/11 19:34:13,85.48,24520,41344,HOME,Bihar,
,,,,,917301042183,917301042183,2409:40e4:1103:59d5:e0ce:3cff:fee1:f5f7,37482,,,2405:200:1607:2820:41::36,443,Dynamic,19:32:11,20:02:11,2026/06/11,2026/06/11,866726066636401,405856151004844,2405:0200:5213:2A:3903:220:2:6,Jionet,405856044a323,405856044a323,2026/06/11 19:33:36,124.844,123355877,133715544,HOME,Bihar,
,,,,,917301042183,917301042183,2409:40e4:1103:59d5:e0ce:3cff:fee1:f5f7,37482,,,2405:200:1607:2820:41::36,443,Dynamic,19:32:11,20:02:11,2026/06/11,2026/06/11,866726066636401,405856151004844,2405:0200:5213:2A:3903:220:2:6,Jionet,405856044a323,405856044a323,2026/06/11 19:33:36,124.844,24520,41344,HOME,Bihar,
,,,,,917301042183,917301042183,2409:40e4:1103:59d5:e0ce:3cff:fee1:f5f7,44935,,,2a03:2880:f26b:1c5:face:b00c:0:177,3478,Dynamic,19:32:11,20:02:11,2026/06/11,2026/06/11,866726066636401,405856151004844,2405:0200:5213:2A:3903:220:2:6,Jionet,405856044a323,405856044a323,2026/06/11 19:59:56,111.303,123355877,133715544,HOME,Bihar,
,,,,,917301042183,917301042183,2409:40e4:1103:59d5:e0ce:3cff:fee1:f5f7,44935,,,2a03:2880:f26b:1c5:face:b00c:0:177,3478,Dynamic,19:32:11,20:02:11,2026/06/11,2026/06/11,866726066636401,405856151004844,2405:0200:5213:2A:3903:220:2:6,Jionet,405856044a323,405856044a323,2026/06/11 19:59:56,111.303,24520,41344,HOME,Bihar,
,,,,,917301042183,917301042183,2409:40e4:1103:59d5:e0ce:3cff:fee1:f5f7,47458,,,2404:6800:4003:c20::bc,5228,Dynamic,19:32:11,20:02:11,2026/06/11,2026/06/11,866726066636401,405856151004844,2405:0200:5213:2A:3903:220:2:6,Jionet,405856044a323,405856044a323,2026/06/11 19:59:56,79.788,123355877,133715544,HOME,Bihar,
,,,,,917301042183,917301042183,2409:40e4:1103:59d5:e0ce:3cff:fee1:f5f7,47458,,,2404:6800:4003:c20::bc,5228,Dynamic,19:32:11,20:02:11,2026/06/11,2026/06/11,866726066636401,405856151004844,2405:0200:5213:2A:3903:220:2:6,Jionet,405856044a323,405856044a323,2026/06/11 19:59:56,79.788,24520,41344,HOME,Bihar,
,,,,,917301042183,917301042183,2409:40e4:1103:59d5:e0ce:3cff:fee1:f5f7,46064,,,2001:4860:4802:38::87,443,Dynamic,19:32:11,20:02:11,2026/06/11,2026/06/11,866726066636401,405856151004844,2405:0200:5213:2A:3903:220:2:6,Jionet,405856044a323,405856044a323,2026/06/11 19:59:45,118.551,123355877,133715544,HOME,Bihar,
,,,,,917301042183,917301042183,2409:40e4:1103:59d5:e0ce:3cff:fee1:f5f7,46064,,,2001:4860:4802:38::87,443,Dynamic,19:32:11,20:02:11,2026/06/11,2026/06/11,866726066636401,405856151004844,2405:0200:5213:2A:3903:220:2:6,Jionet,405856044a323,405856044a323,2026/06/11 19:59:45,118.551,24520,41344,HOME,Bihar,
,,,,,917301042183,917301042183,2409:40e4:1103:59d5:e0ce:3cff:fee1:f5f7,44552,,,2401:4900:b57b:ff6:e4e5:abff:fe8d:2879,45481,Dynamic,19:32:11,20:02:11,2026/06/11,2026/06/11,866726066636401,405856151004844,2405:0200:5213:2A:3903:220:2:6,Jionet,405856044a323,405856044a323,2026/06/11 19:57:01,237.567,123355877,133715544,HOME,Bihar,
,,,,,917301042183,917301042183,2409:40e4:1103:59d5:e0ce:3cff:fee1:f5f7,44552,,,2401:4900:b57b:ff6:e4e5:abff:fe8d:2879,45481,Dynamic,19:32:11,20:02:11,2026/06/11,2026/06/11,866726066636401,405856151004844,2405:0200:5213:2A:3903:220:2:6,Jionet,405856044a323,405856044a323,2026/06/11 19:57:01,237.567,24520,41344,HOME,Bihar,
,,,,,917301042183,917301042183,2409:40e4:1103:59d5:e0ce:3cff:fee1:f5f7,44935,,,2a03:2880:f312:136:face:b00c:0:b1,3478,Dynamic,19:32:11,20:02:11,2026/06/11,2026/06/11,866726066636401,405856151004844,2405:0200:5213:2A:3903:220:2:6,Jionet,405856044a323,405856044a323,2026/06/11 19:59:56,121.74,123355877,133715544,HOME,Bihar,
,,,,,917301042183,917301042183,2409:40e4:1103:59d5:e0ce:3cff:fee1:f5f7,44935,,,2a03:2880:f312:136:face:b00c:0:b1,3478,Dynamic,19:32:11,20:02:11,2026/06/11,2026/06/11,866726066636401,405856151004844,2405:0200:5213:2A:3903:220:2:6,Jionet,405856044a323,405856044a323,2026/06/11 19:59:56,121.74,24520,41344,HOME,Bihar,
,,,,,917301042183,917301042183,2409:40e4:1103:59d5:e0ce:3cff:fee1:f5f7,37352,,,2a03:2880:f346:3:face:b00c:0:4c63,443,Dynamic,19:32:11,20:02:11,2026/06/11,2026/06/11,866726066636401,405856151004844,2405:0200:5213:2A:3903:220:2:6,Jionet,405856044a323,405856044a323,2026/06/11 19:58:40,155.12,123355877,133715544,HOME,Bihar,
,,,,,917301042183,917301042183,2409:40e4:1103:59d5:e0ce:3cff:fee1:f5f7,37352,,,2a03:2880:f346:3:face:b00c:0:4c63,443,Dynamic,19:32:11,20:02:11,2026/06/11,2026/06/11,866726066636401,405856151004844,2405:0200:5213:2A:3903:220:2:6,Jionet,405856044a323,405856044a323,2026/06/11 19:58:40,155.12,24520,41344,HOME,Bihar,
,,,,,917301042183,917301042183,2409:40e4:1103:59d5:e0ce:3cff:fee1:f5f7,40520,,,2001:4860:4802:38::87,443,Dynamic,19:32:11,20:02:11,2026/06/11,2026/06/11,866726066636401,405856151004844,2405:0200:5213:2A:3903:220:2:6,Jionet,405856044a323,405856044a323,2026/06/11 19:59:45,70.344,123355877,133715544,HOME,Bihar,
,,,,,917301042183,917301042183,2409:40e4:1103:59d5:e0ce:3cff:fee1:f5f7,40520,,,2001:4860:4802:38::87,443,Dynamic,19:32:11,20:02:11,2026/06/11,2026/06/11,866726066636401,405856151004844,2405:0200:5213:2A:3903:220:2:6,Jionet,405856044a323,405856044a323,2026/06/11 19:59:45,70.344,24520,41344,HOME,Bihar,
,,,,,917301042183,917301042183,2409:40e4:1103:59d5:e0ce:3cff:fee1:f5f7,42900,,,2600:1901:0:7018::,443,Dynamic,19:32:11,20:02:11,2026/06/11,2026/06/11,866726066636401,405856151004844,2405:0200:5213:2A:3903:220:2:6,Jionet,405856044a323,405856044a323,2026/06/11 19:59:41,86.076,123355877,133715544,HOME,Bihar,
,,,,,917301042183,917301042183,2409:40e4:1103:59d5:e0ce:3cff:fee1:f5f7,42900,,,2600:1901:0:7018::,443,Dynamic,19:32:11,20:02:11,2026/06/11,2026/06/11,866726066636401,405856151004844,2405:0200:5213:2A:3903:220:2:6,Jionet,405856044a323,405856044a323,2026/06/11 19:59:41,86.076,24520,41344,HOME,Bihar,
,,,,,917301042183,917301042183,2409:40e4:1103:59d5:e0ce:3cff:fee1:f5f7,47864,,,2001:4860:4802:38::223,443,Dynamic,19:32:11,20:02:11,2026/06/11,2026/06/11,866726066636401,405856151004844,2405:0200:5213:2A:3903:220:2:6,Jionet,405856044a323,405856044a323,2026/06/11 19:59:27,70.308,123355877,133715544,HOME,Bihar,
,,,,,917301042183,917301042183,2409:40e4:1103:59d5:e0ce:3cff:fee1:f5f7,47864,,,2001:4860:4802:38::223,443,Dynamic,19:32:11,20:02:11,2026/06/11,2026/06/11,866726066636401,405856151004844,2405:0200:5213:2A:3903:220:2:6,Jionet,405856044a323,405856044a323,2026/06/11 19:59:27,70.308,24520,41344,HOME,Bihar,
,,,,,917301042183,917301042183,2409:40e4:1103:59d5:e0ce:3cff:fee1:f5f7,45619,,,2001:4860:4802:36::223,443,Dynamic,19:32:11,20:02:11,2026/06/11,2026/06/11,866726066636401,405856151004844,2405:0200:5213:2A:3903:220:2:6,Jionet,405856044a323,405856044a323,2026/06/11 19:59:27,109.169,123355877,133715544,HOME,Bihar,
,,,,,917301042183,917301042183,2409:40e4:1103:59d5:e0ce:3cff:fee1:f5f7,45619,,,2001:4860:4802:36::223,443,Dynamic,19:32:11,20:02:11,2026/06/11,2026/06/11,866726066636401,405856151004844,2405:0200:5213:2A:3903:220:2:6,Jionet,405856044a323,405856044a323,2026/06/11 19:59:27,109.169,24520,41344,HOME,Bihar,
,,,,,917301042183,917301042183,2409:40e4:1103:59d5:e0ce:3cff:fee1:f5f7,47850,,,2001:4860:4802:38::223,443,Dynamic,19:32:11,20:02:11,2026/06/11,2026/06/11,866726066636401,405856151004844,2405:0200:5213:2A:3903:220:2:6,Jionet,405856044a323,405856044a323,2026/06/11 19:59:27,69.221,123355877,133715544,HOME,Bihar,
,,,,,917301042183,917301042183,2409:40e4:1103:59d5:e0ce:3cff:fee1:f5f7,47850,,,2001:4860:4802:38::223,443,Dynamic,19:32:11,20:02:11,2026/06/11,2026/06/11,866726066636401,405856151004844,2405:0200:5213:2A:3903:220:2:6,Jionet,405856044a323,405856044a323,2026/06/11 19:59:27,69.221,24520,41344,HOME,Bihar,
,,,,,917301042183,917301042183,2409:40e4:1103:59d5:e0ce:3cff:fee1:f5f7,40266,,,2001:4860:4802:38::223,443,Dynamic,19:32:11,20:02:11,2026/06/11,2026/06/11,866726066636401,405856151004844,2405:0200:5213:2A:3903:220:2:6,Jionet,405856044a323,405856044a323,2026/06/11 19:59:27,117.113,123355877,133715544,HOME,Bihar,
,,,,,917301042183,917301042183,2409:40e4:1103:59d5:e0ce:3cff:fee1:f5f7,40266,,,2001:4860:4802:38::223,443,Dynamic,19:32:11,20:02:11,2026/06/11,2026/06/11,866726066636401,405856151004844,2405:0200:5213:2A:3903:220:2:6,Jionet,405856044a323,405856044a323,2026/06/11 19:59:27,117.113,24520,41344,HOME,Bihar,
,,,,,917301042183,917301042183,2409:40e4:1103:59d5:e0ce:3cff:fee1:f5f7,44935,,,2a03:2880:f368:136:face:b00c:0:b1,3478,Dynamic,19:32:11,20:02:11,2026/06/11,2026/06/11,866726066636401,405856151004844,2405:0200:5213:2A:3903:220:2:6,Jionet,405856044a323,405856044a323,2026/06/11 19:59:56,73.587,123355877,133715544,HOME,Bihar,
,,,,,917301042183,917301042183,2409:40e4:1103:59d5:e0ce:3cff:fee1:f5f7,44935,,,2a03:2880:f368:136:face:b00c:0:b1,3478,Dynamic,19:32:11,20:02:11,2026/06/11,2026/06/11,866726066636401,405856151004844,2405:0200:5213:2A:3903:220:2:6,Jionet,405856044a323,405856044a323,2026/06/11 19:59:56,73.587,24520,41344,HOME,Bihar,
,,,,,917301042183,917301042183,2409:40e4:1103:59d5:e0ce:3cff:fee1:f5f7,48258,,,2001:4860:4802:32::223,443,Dynamic,19:32:11,20:02:11,2026/06/11,2026/06/11,866726066636401,405856151004844,2405:0200:5213:2A:3903:220:2:6,Jionet,405856044a323,405856044a323,2026/06/11 19:59:29,108.24,123355877,133715544,HOME,Bihar,
,,,,,917301042183,917301042183,2409:40e4:1103:59d5:e0ce:3cff:fee1:f5f7,48258,,,2001:4860:4802:32::223,443,Dynamic,19:32:11,20:02:11,2026/06/11,2026/06/11,866726066636401,405856151004844,2405:0200:5213:2A:3903:220:2:6,Jionet,405856044a323,405856044a323,2026/06/11 19:59:29,108.24,24520,41344,HOME,Bihar,
,,,,,917301042183,917301042183,2409:40e4:1103:59d5:e0ce:3cff:fee1:f5f7,41198,,,2001:4860:4802:36::223,443,Dynamic,19:32:11,20:02:11,2026/06/11,2026/06/11,866726066636401,405856151004844,2405:0200:5213:2A:3903:220:2:6,Jionet,405856044a323,405856044a323,2026/06/11 19:59:27,103.845,123355877,133715544,HOME,Bihar,
,,,,,917301042183,917301042183,2409:40e4:1103:59d5:e0ce:3cff:fee1:f5f7,41198,,,2001:4860:4802:36::223,443,Dynamic,19:32:11,20:02:11,2026/06/11,2026/06/11,866726066636401,405856151004844,2405:0200:5213:2A:3903:220:2:6,Jionet,405856044a323,405856044a323,2026/06/11 19:59:27,103.845,24520,41344,HOME,Bihar,
,,,,,917301042183,917301042183,2409:40e4:1103:59d5:e0ce:3cff:fee1:f5f7,45904,,,2600:1901:0:8956::,443,Dynamic,19:32:11,20:02:11,2026/06/11,2026/06/11,866726066636401,405856151004844,2405:0200:5213:2A:3903:220:2:6,Jionet,405856044a323,405856044a323,2026/06/11 19:51:44,11.393,123355877,133715544,HOME,Bihar,
,,,,,917301042183,917301042183,2409:40e4:1103:59d5:e0ce:3cff:fee1:f5f7,45904,,,2600:1901:0:8956::,443,Dynamic,19:32:11,20:02:11,2026/06/11,2026/06/11,866726066636401,405856151004844,2405:0200:5213:2A:3903:220:2:6,Jionet,405856044a323,405856044a323,2026/06/11 19:51:44,11.393,24520,41344,HOME,Bihar,
,,,,,917301042183,917301042183,2409:40e4:1103:59d5:e0ce:3cff:fee1:f5f7,46758,,,2404:6800:4000:1006::9a,443,Dynamic,19:32:11,20:02:11,2026/06/11,2026/06/11,866726066636401,405856151004844,2405:0200:5213:2A:3903:220:2:6,Jionet,405856044a323,405856044a323,2026/06/11 19:50:47,70.959,123355877,133715544,HOME,Bihar,
,,,,,917301042183,917301042183,2409:40e4:1103:59d5:e0ce:3cff:fee1:f5f7,46758,,,2404:6800:4000:1006::9a,443,Dynamic,19:32:11,20:02:11,2026/06/11,2026/06/11,866726066636401,405856151004844,2405:0200:5213:2A:3903:220:2:6,Jionet,405856044a323,405856044a323,2026/06/11 19:50:47,70.959,24520,41344,HOME,Bihar,
,,,,,917301042183,917301042183,2409:40e4:1103:59d5:e0ce:3cff:fee1:f5f7,39588,,,2404:6800:4000:100e::9b,443,Dynamic,18:57:58,19:27:58,2026/06/11,2026/06/11,866726066636401,405856151004844,2405:0200:5213:2A:3903:220:2:6,Jionet,4058560c3458002,4058560c3458002,2026/06/11 19:01:17,71.048,24301555,100711249,HOME,Bihar,
,,,,,917301042183,917301042183,2409:40e4:1103:59d5:e0ce:3cff:fee1:f5f7,39588,,,2404:6800:4000:100e::9b,443,Dynamic,18:57:58,19:27:58,2026/06/11,2026/06/11,866726066636401,405856151004844,2405:0200:5213:2A:3903:220:2:6,Jionet,4058560c3458002,4058560c3458002,2026/06/11 19:01:17,71.048,20786,37305,HOME,Bihar,
,,,,,917301042183,917301042183,2409:40e4:1103:59d5:e0ce:3cff:fee1:f5f7,39672,,,2404:6800:4009:80b::2002,443,Dynamic,18:57:58,19:27:58,2026/06/11,2026/06/11,866726066636401,405856151004844,2405:0200:5213:2A:3903:220:2:6,Jionet,4058560c3458002,4058560c3458002,2026/06/11 19:00:43,79.258,24301555,100711249,HOME,Bihar,
,,,,,917301042183,917301042183,2409:40e4:1103:59d5:e0ce:3cff:fee1:f5f7,39672,,,2404:6800:4009:80b::2002,443,Dynamic,18:57:58,19:27:58,2026/06/11,2026/06/11,866726066636401,405856151004844,2405:0200:5213:2A:3903:220:2:6,Jionet,4058560c3458002,4058560c3458002,2026/06/11 19:00:43,79.258,20786,37305,HOME,Bihar,
,,,,,917301042183,917301042183,2409:40e4:1103:59d5:e0ce:3cff:fee1:f5f7,48954,,,2404:6800:4000:100e::9b,443,Dynamic,18:57:58,19:27:58,2026/06/11,2026/06/11,866726066636401,405856151004844,2405:0200:5213:2A:3903:220:2:6,Jionet,4058560c3458002,4058560c3458002,2026/06/11 19:01:19,70.989,24301555,100711249,HOME,Bihar,
,,,,,917301042183,917301042183,2409:40e4:1103:59d5:e0ce:3cff:fee1:f5f7,48954,,,2404:6800:4000:100e::9b,443,Dynamic,18:57:58,19:27:58,2026/06/11,2026/06/11,866726066636401,405856151004844,2405:0200:5213:2A:3903:220:2:6,Jionet,4058560c3458002,4058560c3458002,2026/06/11 19:01:19,70.989,20786,37305,HOME,Bihar,
,,,,,917301042183,917301042183,2409:40e4:1103:59d5:e0ce:3cff:fee1:f5f7,47458,,,2404:6800:4003:c20::bc,5228,Dynamic,18:57:58,19:27:58,2026/06/11,2026/06/11,866726066636401,405856151004844,2405:0200:5213:2A:3903:220:2:6,Jionet,4058560c3458002,4058560c3458002,2026/06/11 19:01:56,79.096,24301555,100711249,HOME,Bihar,
,,,,,917301042183,917301042183,2409:40e4:1103:59d5:e0ce:3cff:fee1:f5f7,47458,,,2404:6800:4003:c20::bc,5228,Dynamic,18:57:58,19:27:58,2026/06/11,2026/06/11,866726066636401,405856151004844,2405:0200:5213:2A:3903:220:2:6,Jionet,4058560c3458002,4058560c3458002,2026/06/11 19:01:56,79.096,20786,37305,HOME,Bihar,
,,,,,917301042183,917301042183,2409:40e4:1103:59d5:e0ce:3cff:fee1:f5f7,48635,,,2001:4860:482a:7700::,443,Dynamic,18:57:58,19:27:58,2026/06/11,2026/06/11,866726066636401,405856151004844,2405:0200:5213:2A:3903:220:2:6,Jionet,4058560c3458002,4058560c3458002,2026/06/11 19:01:57,63.319,24301555,100711249,HOME,Bihar,
,,,,,917301042183,917301042183,2409:40e4:1103:59d5:e0ce:3cff:fee1:f5f7,48635,,,2001:4860:482a:7700::,443,Dynamic,18:57:58,19:27:58,2026/06/11,2026/06/11,866726066636401,405856151004844,2405:0200:5213:2A:3903:220:2:6,Jionet,4058560c3458002,4058560c3458002,2026/06/11 19:01:57,63.319,20786,37305,HOME,Bihar,
,,,,,917301042183,917301042183,2409:40e4:1103:59d5:e0ce:3cff:fee1:f5f7,48937,,,2404:6800:4009:802::2003,443,Dynamic,18:57:58,19:27:58,2026/06/11,2026/06/11,866726066636401,405856151004844,2405:0200:5213:2A:3903:220:2:6,Jionet,4058560c3458002,4058560c3458002,2026/06/11 19:01:57,80.42,24301555,100711249,HOME,Bihar,
,,,,,917301042183,917301042183,2409:40e4:1103:59d5:e0ce:3cff:fee1:f5f7,48937,,,2404:6800:4009:802::2003,443,Dynamic,18:57:58,19:27:58,2026/06/11,2026/06/11,866726066636401,405856151004844,2405:0200:5213:2A:3903:220:2:6,Jionet,4058560c3458002,4058560c3458002,2026/06/11 19:01:57,80.42,20786,37305,HOME,Bihar,
,,,,,917301042183,917301042183,2409:40e4:1103:59d5:e0ce:3cff:fee1:f5f7,38286,,,2001:4860:4802:36::223,443,Dynamic,18:57:58,19:27:58,2026/06/11,2026/06/11,866726066636401,405856151004844,2405:0200:5213:2A:3903:220:2:6,Jionet,4058560c3458002,4058560c3458002,2026/06/11 19:02:17,71.199,24301555,100711249,HOME,Bihar,
,,,,,917301042183,917301042183,2409:40e4:1103:59d5:e0ce:3cff:fee1:f5f7,38286,,,2001:4860:4802:36::223,443,Dynamic,18:57:58,19:27:58,2026/06/11,2026/06/11,866726066636401,405856151004844,2405:0200:5213:2A:3903:220:2:6,Jionet,4058560c3458002,4058560c3458002,2026/06/11 19:02:17,71.199,20786,37305,HOME,Bihar,
,,,,,917301042183,917301042183,2409:40e4:1103:59d5:e0ce:3cff:fee1:f5f7,46000,,,2a03:2880:f311:120:face:b00c:0:167,443,Dynamic,18:57:58,19:27:58,2026/06/11,2026/06/11,866726066636401,405856151004844,2405:0200:5213:2A:3903:220:2:6,Jionet,4058560c3458002,4058560c3458002,2026/06/11 19:03:54,4.904,24301555,100711249,HOME,Bihar,
,,,,,917301042183,917301042183,2409:40e4:1103:59d5:e0ce:3cff:fee1:f5f7,46000,,,2a03:2880:f311:120:face:b00c:0:167,443,Dynamic,18:57:58,19:27:58,2026/06/11,2026/06/11,866726066636401,405856151004844,2405:0200:5213:2A:3903:220:2:6,Jionet,4058560c3458002,4058560c3458002,2026/06/11 19:03:54,4.904,20786,37305,HOME,Bihar,
,,,,,917301042183,917301042183,2409:40e4:1103:59d5:e0ce:3cff:fee1:f5f7,43412,,,2a03:2880:f312:136:face:b00c:0:b1,3478,Dynamic,19:27:58,19:32:11,2026/06/11,2026/06/11,866726066636401,405856151004844,2405:0200:5213:2A:3903:220:2:6,Jionet,4058560c3458002,405856044a323,2026/06/11 19:28:00,113.364,1316939,7380964,HOME,Bihar,
,,,,,917301042183,917301042183,2409:40e4:1103:59d5:e0ce:3cff:fee1:f5f7,44568,,,2405:200:1630:b79:face:b00c:3333:a3f,443,Dynamic,19:32:11,20:02:11,2026/06/11,2026/06/11,866726066636401,405856151004844,2405:0200:5213:2A:3903:220:2:6,Jionet,405856044a323,405856044a323,2026/06/11 19:46:17,77.779,123355877,133715544,HOME,Bihar,
,,,,,917301042183,917301042183,2409:40e4:1103:59d5:e0ce:3cff:fee1:f5f7,44568,,,2405:200:1630:b79:face:b00c:3333:a3f,443,Dynamic,19:32:11,20:02:11,2026/06/11,2026/06/11,866726066636401,405856151004844,2405:0200:5213:2A:3903:220:2:6,Jionet,405856044a323,405856044a323,2026/06/11 19:46:17,77.779,24520,41344,HOME,Bihar,
,,,,,917301042183,917301042183,2409:40e4:1103:59d5:e0ce:3cff:fee1:f5f7,49254,,,2a03:2880:f311:8d:face:b00c:0:2,443,Dynamic,19:32:11,20:02:11,2026/06/11,2026/06/11,866726066636401,405856151004844,2405:0200:5213:2A:3903:220:2:6,Jionet,405856044a323,405856044a323,2026/06/11 19:46:17,94.744,123355877,133715544,HOME,Bihar,
,,,,,917301042183,917301042183,2409:40e4:1103:59d5:e0ce:3cff:fee1:f5f7,49254,,,2a03:2880:f311:8d:face:b00c:0:2,443,Dynamic,19:32:11,20:02:11,2026/06/11,2026/06/11,866726066636401,405856151004844,2405:0200:5213:2A:3903:220:2:6,Jionet,405856044a323,405856044a323,2026/06/11 19:46:17,94.744,24520,41344,HOME,Bihar,
,,,,,917301042183,917301042183,2409:40e4:1103:59d5:e0ce:3cff:fee1:f5f7,39057,,,2a03:2880:f346:c0:face:b00c:0:43fe,443,Dynamic,19:32:11,20:02:11,2026/06/11,2026/06/11,866726066636401,405856151004844,2405:0200:5213:2A:3903:220:2:6,Jionet,405856044a323,405856044a323,2026/06/11 19:46:16,87.781,123355877,133715544,HOME,Bihar,
,,,,,917301042183,917301042183,2409:40e4:1103:59d5:e0ce:3cff:fee1:f5f7,39057,,,2a03:2880:f346:c0:face:b00c:0:43fe,443,Dynamic,19:32:11,20:02:11,2026/06/11,2026/06/11,866726066636401,405856151004844,2405:0200:5213:2A:3903:220:2:6,Jionet,405856044a323,405856044a323,2026/06/11 19:46:16,87.781,24520,41344,HOME,Bihar,
,,,,,917301042183,917301042183,2409:40e4:1103:59d5:e0ce:3cff:fee1:f5f7,45912,,,2600:1901:0:8956::,443,Dynamic,19:32:11,20:02:11,2026/06/11,2026/06/11,866726066636401,405856151004844,2405:0200:5213:2A:3903:220:2:6,Jionet,405856044a323,405856044a323,2026/06/11 19:46:44,52.319,123355877,133715544,HOME,Bihar,
,,,,,917301042183,917301042183,2409:40e4:1103:59d5:e0ce:3cff:fee1:f5f7,45912,,,2600:1901:0:8956::,443,Dynamic,19:32:11,20:02:11,2026/06/11,2026/06/11,866726066636401,405856151004844,2405:0200:5213:2A:3903:220:2:6,Jionet,405856044a323,405856044a323,2026/06/11 19:46:44,52.319,24520,41344,HOME,Bihar,
,,,,,917301042183,917301042183,2409:40e4:1103:59d5:e0ce:3cff:fee1:f5f7,44224,,,2404:6800:4000:101d::9d,443,Dynamic,19:32:11,20:02:11,2026/06/11,2026/06/11,866726066636401,405856151004844,2405:0200:5213:2A:3903:220:2:6,Jionet,405856044a323,405856044a323,2026/06/11 19:47:21,11.422,123355877,133715544,HOME,Bihar,
,,,,,917301042183,917301042183,2409:40e4:1103:59d5:e0ce:3cff:fee1:f5f7,44224,,,2404:6800:4000:101d::9d,443,Dynamic,19:32:11,20:02:11,2026/06/11,2026/06/11,866726066636401,405856151004844,2405:0200:5213:2A:3903:220:2:6,Jionet,405856044a323,405856044a323,2026/06/11 19:47:21,11.422,24520,41344,HOME,Bihar,
,,,,,917301042183,917301042183,2409:40e4:1103:59d5:e0ce:3cff:fee1:f5f7,49752,,,2a03:2880:f346:c0:face:b00c:0:43fe,443,Dynamic,19:32:11,20:02:11,2026/06/11,2026/06/11,866726066636401,405856151004844,2405:0200:5213:2A:3903:220:2:6,Jionet,405856044a323,405856044a323,2026/06/11 19:46:16,90.408,123355877,133715544,HOME,Bihar,
,,,,,917301042183,917301042183,2409:40e4:1103:59d5:e0ce:3cff:fee1:f5f7,49752,,,2a03:2880:f346:c0:face:b00c:0:43fe,443,Dynamic,19:32:11,20:02:11,2026/06/11,2026/06/11,866726066636401,405856151004844,2405:0200:5213:2A:3903:220:2:6,Jionet,405856044a323,405856044a323,2026/06/11 19:46:16,90.408,24520,41344,HOME,Bihar,
,,,,,917301042183,917301042183,2409:40e4:1103:59d5:e0ce:3cff:fee1:f5f7,44795,,,2001:4860:4802:32::223,443,Dynamic,19:32:11,20:02:11,2026/06/11,2026/06/11,866726066636401,405856151004844,2405:0200:5213:2A:3903:220:2:6,Jionet,405856044a323,405856044a323,2026/06/11 19:46:17,81.612,123355877,133715544,HOME,Bihar,
,,,,,917301042183,917301042183,2409:40e4:1103:59d5:e0ce:3cff:fee1:f5f7,44795,,,2001:4860:4802:32::223,443,Dynamic,19:32:11,20:02:11,2026/06/11,2026/06/11,866726066636401,405856151004844,2405:0200:5213:2A:3903:220:2:6,Jionet,405856044a323,405856044a323,2026/06/11 19:46:17,81.612,24520,41344,HOME,Bihar,
,,,,,917301042183,917301042183,2409:40e4:1103:59d5:e0ce:3cff:fee1:f5f7,38706,,,2405:200:1630:ba3::f,443,Dynamic,18:57:58,19:27:58,2026/06/11,2026/06/11,866726066636401,405856151004844,2405:0200:5213:2A:3903:220:2:6,Jionet,4058560c3458002,4058560c3458002,2026/06/11 19:05:46,160.997,24301555,100711249,HOME,Bihar,
,,,,,917301042183,917301042183,2409:40e4:1103:59d5:e0ce:3cff:fee1:f5f7,38706,,,2405:200:1630:ba3::f,443,Dynamic,18:57:58,19:27:58,2026/06/11,2026/06/11,866726066636401,405856151004844,2405:0200:5213:2A:3903:220:2:6,Jionet,4058560c3458002,4058560c3458002,2026/06/11 19:05:46,160.997,20786,37305,HOME,Bihar,
,,,,,917301042183,917301042183,2409:40e4:1103:59d5:e0ce:3cff:fee1:f5f7,39911,,,2001:4860:4802:32::223,443,Dynamic,18:57:58,19:27:58,2026/06/11,2026/06/11,866726066636401,405856151004844,2405:0200:5213:2A:3903:220:2:6,Jionet,4058560c3458002,4058560c3458002,2026/06/11 19:07:33,91.524,24301555,100711249,HOME,Bihar,
,,,,,917301042183,917301042183,2409:40e4:1103:59d5:e0ce:3cff:fee1:f5f7,39911,,,2001:4860:4802:32::223,443,Dynamic,18:57:58,19:27:58,2026/06/11,2026/06/11,866726066636401,405856151004844,2405:0200:5213:2A:3903:220:2:6,Jionet,4058560c3458002,4058560c3458002,2026/06/11 19:07:33,91.524,20786,37305,HOME,Bihar,
,,,,,917301042183,917301042183,2409:40e4:1103:59d5:e0ce:3cff:fee1:f5f7,44792,,,2001:4860:4802:32::223,443,Dynamic,18:57:58,19:27:58,2026/06/11,2026/06/11,866726066636401,405856151004844,2405:0200:5213:2A:3903:220:2:6,Jionet,4058560c3458002,4058560c3458002,2026/06/11 19:06:34,118.817,24301555,100711249,HOME,Bihar,
,,,,,917301042183,917301042183,2409:40e4:1103:59d5:e0ce:3cff:fee1:f5f7,44792,,,2001:4860:4802:32::223,443,Dynamic,18:57:58,19:27:58,2026/06/11,2026/06/11,866726066636401,405856151004844,2405:0200:5213:2A:3903:220:2:6,Jionet,4058560c3458002,4058560c3458002,2026/06/11 19:06:34,118.817,20786,37305,HOME,Bihar,
,,,,,917301042183,917301042183,2409:40e4:1103:59d5:e0ce:3cff:fee1:f5f7,48865,,,2001:4860:4802:32::223,443,Dynamic,18:57:58,19:27:58,2026/06/11,2026/06/11,866726066636401,405856151004844,2405:0200:5213:2A:3903:220:2:6,Jionet,4058560c3458002,4058560c3458002,2026/06/11 19:07:34,92.115,24301555,100711249,HOME,Bihar,
,,,,,917301042183,917301042183,2409:40e4:1103:59d5:e0ce:3cff:fee1:f5f7,48865,,,2001:4860:4802:32::223,443,Dynamic,18:57:58,19:27:58,2026/06/11,2026/06/11,866726066636401,405856151004844,2405:0200:5213:2A:3903:220:2:6,Jionet,4058560c3458002,4058560c3458002,2026/06/11 19:07:34,92.115,20786,37305,HOME,Bihar,
,,,,,917301042183,917301042183,2409:40e4:1103:59d5:e0ce:3cff:fee1:f5f7,49154,,,2405:200:1630:ba3::10,443,Dynamic,18:57:58,19:27:58,2026/06/11,2026/06/11,866726066636401,405856151004844,2405:0200:5213:2A:3903:220:2:6,Jionet,4058560c3458002,4058560c3458002,2026/06/11 19:06:43,104.412,24301555,100711249,HOME,Bihar,
,,,,,917301042183,917301042183,2409:40e4:1103:59d5:e0ce:3cff:fee1:f5f7,49154,,,2405:200:1630:ba3::10,443,Dynamic,18:57:58,19:27:58,2026/06/11,2026/06/11,866726066636401,405856151004844,2405:0200:5213:2A:3903:220:2:6,Jionet,4058560c3458002,4058560c3458002,2026/06/11 19:06:43,104.412,20786,37305,HOME,Bihar,
,,,,,917301042183,917301042183,2409:40e4:1103:59d5:e0ce:3cff:fee1:f5f7,42870,,,2001:4860:4802:32::223,443,Dynamic,18:57:58,19:27:58,2026/06/11,2026/06/11,866726066636401,405856151004844,2405:0200:5213:2A:3903:220:2:6,Jionet,4058560c3458002,4058560c3458002,2026/06/11 19:07:30,94.329,24301555,100711249,HOME,Bihar,
,,,,,917301042183,917301042183,2409:40e4:1103:59d5:e0ce:3cff:fee1:f5f7,42870,,,2001:4860:4802:32::223,443,Dynamic,18:57:58,19:27:58,2026/06/11,2026/06/11,866726066636401,405856151004844,2405:0200:5213:2A:3903:220:2:6,Jionet,4058560c3458002,4058560c3458002,2026/06/11 19:07:30,94.329,20786,37305,HOME,Bihar,
,,,,,917301042183,917301042183,2409:40e4:1103:59d5:e0ce:3cff:fee1:f5f7,46865,,,2404:6800:4003:c1a::84,443,Dynamic,18:57:58,19:27:58,2026/06/11,2026/06/11,866726066636401,405856151004844,2405:0200:5213:2A:3903:220:2:6,Jionet,4058560c3458002,4058560c3458002,2026/06/11 19:04:01,252.208,24301555,100711249,HOME,Bihar,
,,,,,917301042183,917301042183,2409:40e4:1103:59d5:e0ce:3cff:fee1:f5f7,46865,,,2404:6800:4003:c1a::84,443,Dynamic,18:57:58,19:27:58,2026/06/11,2026/06/11,866726066636401,405856151004844,2405:0200:5213:2A:3903:220:2:6,Jionet,4058560c3458002,4058560c3458002,2026/06/11 19:04:01,252.208,20786,37305,HOME,Bihar,
,,,,,917301042183,917301042183,2409:40e4:1103:59d5:e0ce:3cff:fee1:f5f7,46543,,,2001:4860:4802:32::223,443,Dynamic,18:57:58,19:27:58,2026/06/11,2026/06/11,866726066636401,405856151004844,2405:0200:5213:2A:3903:220:2:6,Jionet,4058560c3458002,4058560c3458002,2026/06/11 19:07:33,92.822,24301555,100711249,HOME,Bihar,
,,,,,917301042183,917301042183,2409:40e4:1103:59d5:e0ce:3cff:fee1:f5f7,46543,,,2001:4860:4802:32::223,443,Dynamic,18:57:58,19:27:58,2026/06/11,2026/06/11,866726066636401,405856151004844,2405:0200:5213:2A:3903:220:2:6,Jionet,4058560c3458002,4058560c3458002,2026/06/11 19:07:33,92.822,20786,37305,HOME,Bihar,
,,,,,917301042183,917301042183,2409:40e4:1103:59d5:e0ce:3cff:fee1:f5f7,37082,,,2405:200:1630:bf6::10,443,Dynamic,18:57:58,19:27:58,2026/06/11,2026/06/11,866726066636401,405856151004844,2405:0200:5213:2A:3903:220:2:6,Jionet,4058560c3458002,4058560c3458002,2026/06/11 19:06:28,119.213,24301555,100711249,HOME,Bihar,
,,,,,917301042183,917301042183,2409:40e4:1103:59d5:e0ce:3cff:fee1:f5f7,37082,,,2405:200:1630:bf6::10,443,Dynamic,18:57:58,19:27:58,2026/06/11,2026/06/11,866726066636401,405856151004844,2405:0200:5213:2A:3903:220:2:6,Jionet,4058560c3458002,4058560c3458002,2026/06/11 19:06:28,119.213,20786,37305,HOME,Bihar,
,,,,,917301042183,917301042183,2409:40e4:1103:59d5:e0ce:3cff:fee1:f5f7,42182,,,2405:200:1630:ba3::d,443,Dynamic,18:57:58,19:27:58,2026/06/11,2026/06/11,866726066636401,405856151004844,2405:0200:5213:2A:3903:220:2:6,Jionet,4058560c3458002,4058560c3458002,2026/06/11 19:07:51,68.909,24301555,100711249,HOME,Bihar,
,,,,,917301042183,917301042183,2409:40e4:1103:59d5:e0ce:3cff:fee1:f5f7,42182,,,2405:200:1630:ba3::d,443,Dynamic,18:57:58,19:27:58,2026/06/11,2026/06/11,866726066636401,405856151004844,2405:0200:5213:2A:3903:220:2:6,Jionet,4058560c3458002,4058560c3458002,2026/06/11 19:07:51,68.909,20786,37305,HOME,Bihar,
,,,,,917301042183,917301042183,2409:40e4:1103:59d5:e0ce:3cff:fee1:f5f7,49168,,,2405:200:1630:ba3::10,443,Dynamic,18:57:58,19:27:58,2026/06/11,2026/06/11,866726066636401,405856151004844,2405:0200:5213:2A:3903:220:2:6,Jionet,4058560c3458002,4058560c3458002,2026/06/11 19:06:43,104.384,24301555,100711249,HOME,Bihar,
,,,,,917301042183,917301042183,2409:40e4:1103:59d5:e0ce:3cff:fee1:f5f7,49168,,,2405:200:1630:ba3::10,443,Dynamic,18:57:58,19:27:58,2026/06/11,2026/06/11,866726066636401,405856151004844,2405:0200:5213:2A:3903:220:2:6,Jionet,4058560c3458002,4058560c3458002,2026/06/11 19:06:43,104.384,20786,37305,HOME,Bihar,
,,,,,917301042183,917301042183,2409:40e4:1103:59d5:e0ce:3cff:fee1:f5f7,37352,,,2a03:2880:f346:3:face:b00c:0:4c63,443,Dynamic,18:57:58,19:27:58,2026/06/11,2026/06/11,866726066636401,405856151004844,2405:0200:5213:2A:3903:220:2:6,Jionet,4058560c3458002,4058560c3458002,2026/06/11 19:06:34,160.44,24301555,100711249,HOME,Bihar,
,,,,,917301042183,917301042183,2409:40e4:1103:59d5:e0ce:3cff:fee1:f5f7,37352,,,2a03:2880:f346:3:face:b00c:0:4c63,443,Dynamic,18:57:58,19:27:58,2026/06/11,2026/06/11,866726066636401,405856151004844,2405:0200:5213:2A:3903:220:2:6,Jionet,4058560c3458002,4058560c3458002,2026/06/11 19:06:34,160.44,20786,37305,HOME,Bihar,
,,,,,917301042183,917301042183,2409:40e4:1103:59d5:e0ce:3cff:fee1:f5f7,49182,,,2405:200:1630:ba3::10,443,Dynamic,18:57:58,19:27:58,2026/06/11,2026/06/11,866726066636401,405856151004844,2405:0200:5213:2A:3903:220:2:6,Jionet,4058560c3458002,4058560c3458002,2026/06/11 19:06:40,107.056,24301555,100711249,HOME,Bihar,
,,,,,917301042183,917301042183,2409:40e4:1103:59d5:e0ce:3cff:fee1:f5f7,49182,,,2405:200:1630:ba3::10,443,Dynamic,18:57:58,19:27:58,2026/06/11,2026/06/11,866726066636401,405856151004844,2405:0200:5213:2A:3903:220:2:6,Jionet,4058560c3458002,4058560c3458002,2026/06/11 19:06:40,107.056,20786,37305,HOME,Bihar,
,,,,,917301042183,917301042183,2409:40e4:1103:59d5:e0ce:3cff:fee1:f5f7,42013,,,2001:4860:4802:32::223,443,Dynamic,18:57:58,19:27:58,2026/06/11,2026/06/11,866726066636401,405856151004844,2405:0200:5213:2A:3903:220:2:6,Jionet,4058560c3458002,4058560c3458002,2026/06/11 19:07:33,91.816,24301555,100711249,HOME,Bihar,
,,,,,917301042183,917301042183,2409:40e4:1103:59d5:e0ce:3cff:fee1:f5f7,42013,,,2001:4860:4802:32::223,443,Dynamic,18:57:58,19:27:58,2026/06/11,2026/06/11,866726066636401,405856151004844,2405:0200:5213:2A:3903:220:2:6,Jionet,4058560c3458002,4058560c3458002,2026/06/11 19:07:33,91.816,20786,37305,HOME,Bihar,
,,,,,917301042183,917301042183,2409:40e4:1103:59d5:e0ce:3cff:fee1:f5f7,37481,,,2405:200:1613:1703::e,443,Dynamic,18:57:58,19:27:58,2026/06/11,2026/06/11,866726066636401,405856151004844,2405:0200:5213:2A:3903:220:2:6,Jionet,4058560c3458002,4058560c3458002,2026/06/11 19:06:38,110.845,24301555,100711249,HOME,Bihar,
,,,,,917301042183,917301042183,2409:40e4:1103:59d5:e0ce:3cff:fee1:f5f7,37481,,,2405:200:1613:1703::e,443,Dynamic,18:57:58,19:27:58,2026/06/11,2026/06/11,866726066636401,405856151004844,2405:0200:5213:2A:3903:220:2:6,Jionet,4058560c3458002,4058560c3458002,2026/06/11 19:06:38,110.845,20786,37305,HOME,Bihar,
,,,,,917301042183,917301042183,2409:40e4:1103:59d5:e0ce:3cff:fee1:f5f7,45764,,,2001:4860:4802:32::223,443,Dynamic,18:57:58,19:27:58,2026/06/11,2026/06/11,866726066636401,405856151004844,2405:0200:5213:2A:3903:220:2:6,Jionet,4058560c3458002,4058560c3458002,2026/06/11 19:07:29,103.101,24301555,100711249,HOME,Bihar,
,,,,,917301042183,917301042183,2409:40e4:1103:59d5:e0ce:3cff:fee1:f5f7,45764,,,2001:4860:4802:32::223,443,Dynamic,18:57:58,19:27:58,2026/06/11,2026/06/11,866726066636401,405856151004844,2405:0200:5213:2A:3903:220:2:6,Jionet,4058560c3458002,4058560c3458002,2026/06/11 19:07:29,103.101,20786,37305,HOME,Bihar,
,,,,,917301042183,917301042183,2409:40e4:1103:59d5:e0ce:3cff:fee1:f5f7,37096,,,2405:200:1630:bf6::10,443,Dynamic,18:57:58,19:27:58,2026/06/11,2026/06/11,866726066636401,405856151004844,2405:0200:5213:2A:3903:220:2:6,Jionet,4058560c3458002,4058560c3458002,2026/06/11 19:06:31,116.453,24301555,100711249,HOME,Bihar,
,,,,,917301042183,917301042183,2409:40e4:1103:59d5:e0ce:3cff:fee1:f5f7,37096,,,2405:200:1630:bf6::10,443,Dynamic,18:57:58,19:27:58,2026/06/11,2026/06/11,866726066636401,405856151004844,2405:0200:5213:2A:3903:220:2:6,Jionet,4058560c3458002,4058560c3458002,2026/06/11 19:06:31,116.453,20786,37305,HOME,Bihar,
,,,,,917301042183,917301042183,2409:40e4:1103:59d5:e0ce:3cff:fee1:f5f7,43168,,,2405:200:1630:ba3::11,443,Dynamic,18:57:58,19:27:58,2026/06/11,2026/06/11,866726066636401,405856151004844,2405:0200:5213:2A:3903:220:2:6,Jionet,4058560c3458002,4058560c3458002,2026/06/11 19:04:28,282.232,24301555,100711249,HOME,Bihar,
,,,,,917301042183,917301042183,2409:40e4:1103:59d5:e0ce:3cff:fee1:f5f7,43168,,,2405:200:1630:ba3::11,443,Dynamic,18:57:58,19:27:58,2026/06/11,2026/06/11,866726066636401,405856151004844,2405:0200:5213:2A:3903:220:2:6,Jionet,4058560c3458002,4058560c3458002,2026/06/11 19:04:28,282.232,20786,37305,HOME,Bihar,
,,,,,917301042183,917301042183,2409:40e4:1103:59d5:e0ce:3cff:fee1:f5f7,37094,,,2405:200:1630:bf6::10,443,Dynamic,18:57:58,19:27:58,2026/06/11,2026/06/11,866726066636401,405856151004844,2405:0200:5213:2A:3903:220:2:6,Jionet,4058560c3458002,4058560c3458002,2026/06/11 19:06:28,119.021,24301555,100711249,HOME,Bihar,
,,,,,917301042183,917301042183,2409:40e4:1103:59d5:e0ce:3cff:fee1:f5f7,37094,,,2405:200:1630:bf6::10,443,Dynamic,18:57:58,19:27:58,2026/06/11,2026/06/11,866726066636401,405856151004844,2405:0200:5213:2A:3903:220:2:6,Jionet,4058560c3458002,4058560c3458002,2026/06/11 19:06:28,119.021,20786,37305,HOME,Bihar,
,,,,,917301042183,917301042183,2409:40e4:1103:59d5:e0ce:3cff:fee1:f5f7,46791,,,2405:200:1630:bf6::c,443,Dynamic,18:57:58,19:27:58,2026/06/11,2026/06/11,866726066636401,405856151004844,2405:0200:5213:2A:3903:220:2:6,Jionet,4058560c3458002,4058560c3458002,2026/06/11 19:06:28,96.696,24301555,100711249,HOME,Bihar,
,,,,,917301042183,917301042183,2409:40e4:1103:59d5:e0ce:3cff:fee1:f5f7,46791,,,2405:200:1630:bf6::c,443,Dynamic,18:57:58,19:27:58,2026/06/11,2026/06/11,866726066636401,405856151004844,2405:0200:5213:2A:3903:220:2:6,Jionet,4058560c3458002,4058560c3458002,2026/06/11 19:06:28,96.696,20786,37305,HOME,Bihar,
,,,,,917301042183,917301042183,2409:40e4:1103:59d5:e0ce:3cff:fee1:f5f7,38688,,,2404:6800:4003:c02::77,443,Dynamic,18:57:58,19:27:58,2026/06/11,2026/06/11,866726066636401,405856151004844,2405:0200:5213:2A:3903:220:2:6,Jionet,4058560c3458002,4058560c3458002,2026/06/11 19:06:45,98.34,24301555,100711249,HOME,Bihar,
,,,,,917301042183,917301042183,2409:40e4:1103:59d5:e0ce:3cff:fee1:f5f7,38688,,,2404:6800:4003:c02::77,443,Dynamic,18:57:58,19:27:58,2026/06/11,2026/06/11,866726066636401,405856151004844,2405:0200:5213:2A:3903:220:2:6,Jionet,4058560c3458002,4058560c3458002,2026/06/11 19:06:45,98.34,20786,37305,HOME,Bihar,
,,,,,917301042183,917301042183,2409:40e4:1103:59d5:e0ce:3cff:fee1:f5f7,40496,,,2405:200:1630:ba3::11,443,Dynamic,18:57:58,19:27:58,2026/06/11,2026/06/11,866726066636401,405856151004844,2405:0200:5213:2A:3903:220:2:6,Jionet,4058560c3458002,4058560c3458002,2026/06/11 19:06:28,102.648,24301555,100711249,HOME,Bihar,
,,,,,917301042183,917301042183,2409:40e4:1103:59d5:e0ce:3cff:fee1:f5f7,40496,,,2405:200:1630:ba3::11,443,Dynamic,18:57:58,19:27:58,2026/06/11,2026/06/11,866726066636401,405856151004844,2405:0200:5213:2A:3903:220:2:6,Jionet,4058560c3458002,4058560c3458002,2026/06/11 19:06:28,102.648,20786,37305,HOME,Bihar,
,,,,,917301042183,917301042183,2409:40e4:1103:59d5:e0ce:3cff:fee1:f5f7,49172,,,2405:200:1630:ba3::10,443,Dynamic,18:57:58,19:27:58,2026/06/11,2026/06/11,866726066636401,405856151004844,2405:0200:5213:2A:3903:220:2:6,Jionet,4058560c3458002,4058560c3458002,2026/06/11 19:06:43,104.376,24301555,100711249,HOME,Bihar,
,,,,,917301042183,917301042183,2409:40e4:1103:59d5:e0ce:3cff:fee1:f5f7,49172,,,2405:200:1630:ba3::10,443,Dynamic,18:57:58,19:27:58,2026/06/11,2026/06/11,866726066636401,405856151004844,2405:0200:5213:2A:3903:220:2:6,Jionet,4058560c3458002,4058560c3458002,2026/06/11 19:06:43,104.376,20786,37305,HOME,Bihar,
,,,,,917301042183,917301042183,2409:40e4:1103:59d5:e0ce:3cff:fee1:f5f7,38578,,,2001:4860:4802:36::223,443,Dynamic,18:57:58,19:27:58,2026/06/11,2026/06/11,866726066636401,405856151004844,2405:0200:5213:2A:3903:220:2:6,Jionet,4058560c3458002,4058560c3458002,2026/06/11 19:06:11,119.148,24301555,100711249,HOME,Bihar,
,,,,,917301042183,917301042183,2409:40e4:1103:59d5:e0ce:3cff:fee1:f5f7,38578,,,2001:4860:4802:36::223,443,Dynamic,18:57:58,19:27:58,2026/06/11,2026/06/11,866726066636401,405856151004844,2405:0200:5213:2A:3903:220:2:6,Jionet,4058560c3458002,4058560c3458002,2026/06/11 19:06:11,119.148,20786,37305,HOME,Bihar,
,,,,,917301042183,917301042183,2409:40e4:1103:59d5:e0ce:3cff:fee1:f5f7,46277,,,2405:200:1630:bf6::10,443,Dynamic,18:57:58,19:27:58,2026/06/11,2026/06/11,866726066636401,405856151004844,2405:0200:5213:2A:3903:220:2:6,Jionet,4058560c3458002,4058560c3458002,2026/06/11 19:06:29,174.257,24301555,100711249,HOME,Bihar,
,,,,,917301042183,917301042183,2409:40e4:1103:59d5:e0ce:3cff:fee1:f5f7,46277,,,2405:200:1630:bf6::10,443,Dynamic,18:57:58,19:27:58,2026/06/11,2026/06/11,866726066636401,405856151004844,2405:0200:5213:2A:3903:220:2:6,Jionet,4058560c3458002,4058560c3458002,2026/06/11 19:06:29,174.257,20786,37305,HOME,Bihar,
,,,,,917301042183,917301042183,2409:40e4:1103:59d5:e0ce:3cff:fee1:f5f7,43549,,,2405:200:1630:bf6::e,443,Dynamic,18:57:58,19:27:58,2026/06/11,2026/06/11,866726066636401,405856151004844,2405:0200:5213:2A:3903:220:2:6,Jionet,4058560c3458002,4058560c3458002,2026/06/11 19:06:54,115.893,24301555,100711249,HOME,Bihar,
,,,,,917301042183,917301042183,2409:40e4:1103:59d5:e0ce:3cff:fee1:f5f7,43549,,,2405:200:1630:bf6::e,443,Dynamic,18:57:58,19:27:58,2026/06/11,2026/06/11,866726066636401,405856151004844,2405:0200:5213:2A:3903:220:2:6,Jionet,4058560c3458002,4058560c3458002,2026/06/11 19:06:54,115.893,20786,37305,HOME,Bihar,
,,,,,917301042183,917301042183,2409:40e4:1103:59d5:e0ce:3cff:fee1:f5f7,45056,,,2001:4860:4802:32::223,443,Dynamic,18:57:58,19:27:58,2026/06/11,2026/06/11,866726066636401,405856151004844,2405:0200:5213:2A:3903:220:2:6,Jionet,4058560c3458002,4058560c3458002,2026/06/11 19:07:33,122.319,24301555,100711249,HOME,Bihar,
,,,,,917301042183,917301042183,2409:40e4:1103:59d5:e0ce:3cff:fee1:f5f7,45056,,,2001:4860:4802:32::223,443,Dynamic,18:57:58,19:27:58,2026/06/11,2026/06/11,866726066636401,405856151004844,2405:0200:5213:2A:3903:220:2:6,Jionet,4058560c3458002,4058560c3458002,2026/06/11 19:07:33,122.319,20786,37305,HOME,Bihar,
,,,,,917301042183,917301042183,2409:40e4:1103:59d5:e0ce:3cff:fee1:f5f7,45754,,,2001:4860:4802:32::223,443,Dynamic,18:57:58,19:27:58,2026/06/11,2026/06/11,866726066636401,405856151004844,2405:0200:5213:2A:3903:220:2:6,Jionet,4058560c3458002,4058560c3458002,2026/06/11 19:07:29,67.6,24301555,100711249,HOME,Bihar,
,,,,,917301042183,917301042183,2409:40e4:1103:59d5:e0ce:3cff:fee1:f5f7,45754,,,2001:4860:4802:32::223,443,Dynamic,18:57:58,19:27:58,2026/06/11,2026/06/11,866726066636401,405856151004844,2405:0200:5213:2A:3903:220:2:6,Jionet,4058560c3458002,4058560c3458002,2026/06/11 19:07:29,67.6,20786,37305,HOME,Bihar,
,,,,,917301042183,917301042183,2409:40e4:1103:59d5:e0ce:3cff:fee1:f5f7,47913,,,2404:6800:4009:803::200e,443,Dynamic,18:57:58,19:27:58,2026/06/11,2026/06/11,866726066636401,405856151004844,2405:0200:5213:2A:3903:220:2:6,Jionet,4058560c3458002,4058560c3458002,2026/06/11 19:08:19,62.276,24301555,100711249,HOME,Bihar,
,,,,,917301042183,917301042183,2409:40e4:1103:59d5:e0ce:3cff:fee1:f5f7,47913,,,2404:6800:4009:803::200e,443,Dynamic,18:57:58,19:27:58,2026/06/11,2026/06/11,866726066636401,405856151004844,2405:0200:5213:2A:3903:220:2:6,Jionet,4058560c3458002,4058560c3458002,2026/06/11 19:08:19,62.276,20786,37305,HOME,Bihar,
,,,,,917301042183,917301042183,2409:40e4:1103:59d5:e0ce:3cff:fee1:f5f7,43763,,,2001:4860:4802:32::223,443,Dynamic,18:57:58,19:27:58,2026/06/11,2026/06/11,866726066636401,405856151004844,2405:0200:5213:2A:3903:220:2:6,Jionet,4058560c3458002,4058560c3458002,2026/06/11 19:07:33,70.665,24301555,100711249,HOME,Bihar,
,,,,,917301042183,917301042183,2409:40e4:1103:59d5:e0ce:3cff:fee1:f5f7,43763,,,2001:4860:4802:32::223,443,Dynamic,18:57:58,19:27:58,2026/06/11,2026/06/11,866726066636401,405856151004844,2405:0200:5213:2A:3903:220:2:6,Jionet,4058560c3458002,4058560c3458002,2026/06/11 19:07:33,70.665,20786,37305,HOME,Bihar,
,,,,,917301042183,917301042183,2409:40e4:1103:59d5:e0ce:3cff:fee1:f5f7,49986,,,2001:4860:4802:32::223,443,Dynamic,18:57:58,19:27:58,2026/06/11,2026/06/11,866726066636401,405856151004844,2405:0200:5213:2A:3903:220:2:6,Jionet,4058560c3458002,4058560c3458002,2026/06/11 19:07:33,104.46,24301555,100711249,HOME,Bihar,
,,,,,917301042183,917301042183,2409:40e4:1103:59d5:e0ce:3cff:fee1:f5f7,49986,,,2001:4860:4802:32::223,443,Dynamic,18:57:58,19:27:58,2026/06/11,2026/06/11,866726066636401,405856151004844,2405:0200:5213:2A:3903:220:2:6,Jionet,4058560c3458002,4058560c3458002,2026/06/11 19:07:33,104.46,20786,37305,HOME,Bihar,
,,,,,917301042183,917301042183,2409:40e4:1103:59d5:e0ce:3cff:fee1:f5f7,41703,,,2001:4860:4802:32::223,443,Dynamic,18:57:58,19:27:58,2026/06/11,2026/06/11,866726066636401,405856151004844,2405:0200:5213:2A:3903:220:2:6,Jionet,4058560c3458002,4058560c3458002,2026/06/11 19:07:30,77.744,24301555,100711249,HOME,Bihar,
,,,,,917301042183,917301042183,2409:40e4:1103:59d5:e0ce:3cff:fee1:f5f7,41703,,,2001:4860:4802:32::223,443,Dynamic,18:57:58,19:27:58,2026/06/11,2026/06/11,866726066636401,405856151004844,2405:0200:5213:2A:3903:220:2:6,Jionet,4058560c3458002,4058560c3458002,2026/06/11 19:07:30,77.744,20786,37305,HOME,Bihar,
,,,,,917301042183,917301042183,2409:40e4:1103:59d5:e0ce:3cff:fee1:f5f7,37285,,,2001:4860:4802:32::223,443,Dynamic,18:57:58,19:27:58,2026/06/11,2026/06/11,866726066636401,405856151004844,2405:0200:5213:2A:3903:220:2:6,Jionet,4058560c3458002,4058560c3458002,2026/06/11 19:07:33,119.939,24301555,100711249,HOME,Bihar,
,,,,,917301042183,917301042183,2409:40e4:1103:59d5:e0ce:3cff:fee1:f5f7,37285,,,2001:4860:4802:32::223,443,Dynamic,18:57:58,19:27:58,2026/06/11,2026/06/11,866726066636401,405856151004844,2405:0200:5213:2A:3903:220:2:6,Jionet,4058560c3458002,4058560c3458002,2026/06/11 19:07:33,119.939,20786,37305,HOME,Bihar,
,,,,,917301042183,917301042183,2409:40e4:1103:59d5:e0ce:3cff:fee1:f5f7,43016,,,2001:4860:4802:32::223,443,Dynamic,18:57:58,19:27:58,2026/06/11,2026/06/11,866726066636401,405856151004844,2405:0200:5213:2A:3903:220:2:6,Jionet,4058560c3458002,4058560c3458002,2026/06/11 19:06:34,119.955,24301555,100711249,HOME,Bihar,
,,,,,917301042183,917301042183,2409:40e4:1103:59d5:e0ce:3cff:fee1:f5f7,43016,,,2001:4860:4802:32::223,443,Dynamic,18:57:58,19:27:58,2026/06/11,2026/06/11,866726066636401,405856151004844,2405:0200:5213:2A:3903:220:2:6,Jionet,4058560c3458002,4058560c3458002,2026/06/11 19:06:34,119.955,20786,37305,HOME,Bihar,
,,,,,917301042183,917301042183,2409:40e4:1103:59d5:e0ce:3cff:fee1:f5f7,43858,,,2404:6800:4009:80e::200e,443,Dynamic,18:57:58,19:27:58,2026/06/11,2026/06/11,866726066636401,405856151004844,2405:0200:5213:2A:3903:220:2:6,Jionet,4058560c3458002,4058560c3458002,2026/06/11 19:08:16,72.424,24301555,100711249,HOME,Bihar,
,,,,,917301042183,917301042183,2409:40e4:1103:59d5:e0ce:3cff:fee1:f5f7,43858,,,2404:6800:4009:80e::200e,443,Dynamic,18:57:58,19:27:58,2026/06/11,2026/06/11,866726066636401,405856151004844,2405:0200:5213:2A:3903:220:2:6,Jionet,4058560c3458002,4058560c3458002,2026/06/11 19:08:16,72.424,20786,37305,HOME,Bihar,
,,,,,917301042183,917301042183,2409:40e4:1103:59d5:e0ce:3cff:fee1:f5f7,39727,,,2405:200:1630:ba3::f,443,Dynamic,18:57:58,19:27:58,2026/06/11,2026/06/11,866726066636401,405856151004844,2405:0200:5213:2A:3903:220:2:6,Jionet,4058560c3458002,4058560c3458002,2026/06/11 19:07:47,118.793,24301555,100711249,HOME,Bihar,
,,,,,917301042183,917301042183,2409:40e4:1103:59d5:e0ce:3cff:fee1:f5f7,39727,,,2405:200:1630:ba3::f,443,Dynamic,18:57:58,19:27:58,2026/06/11,2026/06/11,866726066636401,405856151004844,2405:0200:5213:2A:3903:220:2:6,Jionet,4058560c3458002,4058560c3458002,2026/06/11 19:07:47,118.793,20786,37305,HOME,Bihar,
,,,,,917301042183,917301042183,2409:40e4:1103:59d5:e0ce:3cff:fee1:f5f7,37828,,,2404:6800:4009:818::200e,443,Dynamic,18:57:58,19:27:58,2026/06/11,2026/06/11,866726066636401,405856151004844,2405:0200:5213:2A:3903:220:2:6,Jionet,4058560c3458002,4058560c3458002,2026/06/11 19:06:26,181.535,24301555,100711249,HOME,Bihar,
,,,,,917301042183,917301042183,2409:40e4:1103:59d5:e0ce:3cff:fee1:f5f7,37828,,,2404:6800:4009:818::200e,443,Dynamic,18:57:58,19:27:58,2026/06/11,2026/06/11,866726066636401,405856151004844,2405:0200:5213:2A:3903:220:2:6,Jionet,4058560c3458002,4058560c3458002,2026/06/11 19:06:26,181.535,20786,37305,HOME,Bihar,
,,,,,917301042183,917301042183,2409:40e4:1103:59d5:e0ce:3cff:fee1:f5f7,39990,,,2404:6800:4000:100c::71,443,Dynamic,18:57:58,19:27:58,2026/06/11,2026/06/11,866726066636401,405856151004844,2405:0200:5213:2A:3903:220:2:6,Jionet,4058560c3458002,4058560c3458002,2026/06/11 19:03:58,358.384,24301555,100711249,HOME,Bihar,
,,,,,917301042183,917301042183,2409:40e4:1103:59d5:e0ce:3cff:fee1:f5f7,39990,,,2404:6800:4000:100c::71,443,Dynamic,18:57:58,19:27:58,2026/06/11,2026/06/11,866726066636401,405856151004844,2405:0200:5213:2A:3903:220:2:6,Jionet,4058560c3458002,4058560c3458002,2026/06/11 19:03:58,358.384,20786,37305,HOME,Bihar,
,,,,,917301042183,917301042183,2409:40e4:1103:59d5:e0ce:3cff:fee1:f5f7,43418,,,2001:4860:4802:32::223,443,Dynamic,18:57:58,19:27:58,2026/06/11,2026/06/11,866726066636401,405856151004844,2405:0200:5213:2A:3903:220:2:6,Jionet,4058560c3458002,4058560c3458002,2026/06/11 19:07:28,123.508,24301555,100711249,HOME,Bihar,
,,,,,917301042183,917301042183,2409:40e4:1103:59d5:e0ce:3cff:fee1:f5f7,43418,,,2001:4860:4802:32::223,443,Dynamic,18:57:58,19:27:58,2026/06/11,2026/06/11,866726066636401,405856151004844,2405:0200:5213:2A:3903:220:2:6,Jionet,4058560c3458002,4058560c3458002,2026/06/11 19:07:28,123.508,20786,37305,HOME,Bihar,
,,,,,917301042183,917301042183,2409:40e4:1103:59d5:e0ce:3cff:fee1:f5f7,42175,,,2404:6800:4003:c02::77,443,Dynamic,18:57:58,19:27:58,2026/06/11,2026/06/11,866726066636401,405856151004844,2405:0200:5213:2A:3903:220:2:6,Jionet,4058560c3458002,4058560c3458002,2026/06/11 19:03:54,351.985,24301555,100711249,HOME,Bihar,
,,,,,917301042183,917301042183,2409:40e4:1103:59d5:e0ce:3cff:fee1:f5f7,42175,,,2404:6800:4003:c02::77,443,Dynamic,18:57:58,19:27:58,2026/06/11,2026/06/11,866726066636401,405856151004844,2405:0200:5213:2A:3903:220:2:6,Jionet,4058560c3458002,4058560c3458002,2026/06/11 19:03:54,351.985,20786,37305,HOME,Bihar,
,,,,,917301042183,917301042183,2409:40e4:1103:59d5:e0ce:3cff:fee1:f5f7,41634,,,2405:200:1630:bf6::e,443,Dynamic,18:57:58,19:27:58,2026/06/11,2026/06/11,866726066636401,405856151004844,2405:0200:5213:2A:3903:220:2:6,Jionet,4058560c3458002,4058560c3458002,2026/06/11 19:05:15,252.559,24301555,100711249,HOME,Bihar,
,,,,,917301042183,917301042183,2409:40e4:1103:59d5:e0ce:3cff:fee1:f5f7,41634,,,2405:200:1630:bf6::e,443,Dynamic,18:57:58,19:27:58,2026/06/11,2026/06/11,866726066636401,405856151004844,2405:0200:5213:2A:3903:220:2:6,Jionet,4058560c3458002,4058560c3458002,2026/06/11 19:05:15,252.559,20786,37305,HOME,Bihar,
,,,,,917301042183,917301042183,2409:40e4:1103:59d5:e0ce:3cff:fee1:f5f7,37010,,,2404:6800:4000:101f::8b,443,Dynamic,18:57:58,19:27:58,2026/06/11,2026/06/11,866726066636401,405856151004844,2405:0200:5213:2A:3903:220:2:6,Jionet,4058560c3458002,4058560c3458002,2026/06/11 19:09:40,11.0,24301555,100711249,HOME,Bihar,
,,,,,917301042183,917301042183,2409:40e4:1103:59d5:e0ce:3cff:fee1:f5f7,37010,,,2404:6800:4000:101f::8b,443,Dynamic,18:57:58,19:27:58,2026/06/11,2026/06/11,866726066636401,405856151004844,2405:0200:5213:2A:3903:220:2:6,Jionet,4058560c3458002,4058560c3458002,2026/06/11 19:09:40,11.0,20786,37305,HOME,Bihar,
,,,,,917301042183,917301042183,2409:40e4:1103:59d5:e0ce:3cff:fee1:f5f7,38666,,,2001:4860:4802:32::223,443,Dynamic,18:57:58,19:27:58,2026/06/11,2026/06/11,866726066636401,405856151004844,2405:0200:5213:2A:3903:220:2:6,Jionet,4058560c3458002,4058560c3458002,2026/06/11 19:07:33,103.359,24301555,100711249,HOME,Bihar,
,,,,,917301042183,917301042183,2409:40e4:1103:59d5:e0ce:3cff:fee1:f5f7,38666,,,2001:4860:4802:32::223,443,Dynamic,18:57:58,19:27:58,2026/06/11,2026/06/11,866726066636401,405856151004844,2405:0200:5213:2A:3903:220:2:6,Jionet,4058560c3458002,4058560c3458002,2026/06/11 19:07:33,103.359,20786,37305,HOME,Bihar,
,,,,,917301042183,917301042183,2409:40e4:1103:59d5:e0ce:3cff:fee1:f5f7,40212,,,2001:4860:4802:36::9e,443,Dynamic,18:57:58,19:27:58,2026/06/11,2026/06/11,866726066636401,405856151004844,2405:0200:5213:2A:3903:220:2:6,Jionet,4058560c3458002,4058560c3458002,2026/06/11 19:09:41,2.204,24301555,100711249,HOME,Bihar,
,,,,,917301042183,917301042183,2409:40e4:1103:59d5:e0ce:3cff:fee1:f5f7,40212,,,2001:4860:4802:36::9e,443,Dynamic,18:57:58,19:27:58,2026/06/11,2026/06/11,866726066636401,405856151004844,2405:0200:5213:2A:3903:220:2:6,Jionet,4058560c3458002,4058560c3458002,2026/06/11 19:09:41,2.204,20786,37305,HOME,Bihar,
,,,,,917301042183,917301042183,2409:40e4:1103:59d5:e0ce:3cff:fee1:f5f7,48304,,,2001:4860:4802:32::223,443,Dynamic,18:57:58,19:27:58,2026/06/11,2026/06/11,866726066636401,405856151004844,2405:0200:5213:2A:3903:220:2:6,Jionet,4058560c3458002,4058560c3458002,2026/06/11 19:07:27,110.021,24301555,100711249,HOME,Bihar,
,,,,,917301042183,917301042183,2409:40e4:1103:59d5:e0ce:3cff:fee1:f5f7,48304,,,2001:4860:4802:32::223,443,Dynamic,18:57:58,19:27:58,2026/06/11,2026/06/11,866726066636401,405856151004844,2405:0200:5213:2A:3903:220:2:6,Jionet,4058560c3458002,4058560c3458002,2026/06/11 19:07:27,110.021,20786,37305,HOME,Bihar,
,,,,,917301042183,917301042183,2409:40e4:1103:59d5:e0ce:3cff:fee1:f5f7,45791,,,2405:200:1630:ba3::f,443,Dynamic,18:57:58,19:27:58,2026/06/11,2026/06/11,866726066636401,405856151004844,2405:0200:5213:2A:3903:220:2:6,Jionet,4058560c3458002,4058560c3458002,2026/06/11 19:08:03,115.26,24301555,100711249,HOME,Bihar,
,,,,,917301042183,917301042183,2409:40e4:1103:59d5:e0ce:3cff:fee1:f5f7,45791,,,2405:200:1630:ba3::f,443,Dynamic,18:57:58,19:27:58,2026/06/11,2026/06/11,866726066636401,405856151004844,2405:0200:5213:2A:3903:220:2:6,Jionet,4058560c3458002,4058560c3458002,2026/06/11 19:08:03,115.26,20786,37305,HOME,Bihar,
,,,,,917301042183,917301042183,2409:40e4:1103:59d5:e0ce:3cff:fee1:f5f7,47954,,,2001:4860:4802:32::223,443,Dynamic,18:57:58,19:27:58,2026/06/11,2026/06/11,866726066636401,405856151004844,2405:0200:5213:2A:3903:220:2:6,Jionet,4058560c3458002,4058560c3458002,2026/06/11 19:07:33,112.729,24301555,100711249,HOME,Bihar,
,,,,,917301042183,917301042183,2409:40e4:1103:59d5:e0ce:3cff:fee1:f5f7,47954,,,2001:4860:4802:32::223,443,Dynamic,18:57:58,19:27:58,2026/06/11,2026/06/11,866726066636401,405856151004844,2405:0200:5213:2A:3903:220:2:6,Jionet,4058560c3458002,4058560c3458002,2026/06/11 19:07:33,112.729,20786,37305,HOME,Bihar,
,,,,,917301042183,917301042183,2409:40e4:1103:59d5:e0ce:3cff:fee1:f5f7,42981,,,2001:4860:4802:32::223,443,Dynamic,18:57:58,19:27:58,2026/06/11,2026/06/11,866726066636401,405856151004844,2405:0200:5213:2A:3903:220:2:6,Jionet,4058560c3458002,4058560c3458002,2026/06/11 19:07:33,110.599,24301555,100711249,HOME,Bihar,
,,,,,917301042183,917301042183,2409:40e4:1103:59d5:e0ce:3cff:fee1:f5f7,42981,,,2001:4860:4802:32::223,443,Dynamic,18:57:58,19:27:58,2026/06/11,2026/06/11,866726066636401,405856151004844,2405:0200:5213:2A:3903:220:2:6,Jionet,4058560c3458002,4058560c3458002,2026/06/11 19:07:33,110.599,20786,37305,HOME,Bihar,
,,,,,917301042183,917301042183,2409:40e4:1103:59d5:e0ce:3cff:fee1:f5f7,44836,,,2a03:2880:f346:3:face:b00c:0:4c63,443,Dynamic,18:57:58,19:27:58,2026/06/11,2026/06/11,866726066636401,405856151004844,2405:0200:5213:2A:3903:220:2:6,Jionet,4058560c3458002,4058560c3458002,2026/06/11 19:08:18,64.403,24301555,100711249,HOME,Bihar,
,,,,,917301042183,917301042183,2409:40e4:1103:59d5:e0ce:3cff:fee1:f5f7,44836,,,2a03:2880:f346:3:face:b00c:0:4c63,443,Dynamic,18:57:58,19:27:58,2026/06/11,2026/06/11,866726066636401,405856151004844,2405:0200:5213:2A:3903:220:2:6,Jionet,4058560c3458002,4058560c3458002,2026/06/11 19:08:18,64.403,20786,37305,HOME,Bihar,
,,,,,917301042183,917301042183,2409:40e4:1103:59d5:e0ce:3cff:fee1:f5f7,47683,,,2001:4860:4802:32::223,443,Dynamic,18:57:58,19:27:58,2026/06/11,2026/06/11,866726066636401,405856151004844,2405:0200:5213:2A:3903:220:2:6,Jionet,4058560c3458002,4058560c3458002,2026/06/11 19:07:28,114.136,24301555,100711249,HOME,Bihar,
,,,,,917301042183,917301042183,2409:40e4:1103:59d5:e0ce:3cff:fee1:f5f7,47683,,,2001:4860:4802:32::223,443,Dynamic,18:57:58,19:27:58,2026/06/11,2026/06/11,866726066636401,405856151004844,2405:0200:5213:2A:3903:220:2:6,Jionet,4058560c3458002,4058560c3458002,2026/06/11 19:07:28,114.136,20786,37305,HOME,Bihar,
,,,,,917301042183,917301042183,2409:40e4:1103:59d5:e0ce:3cff:fee1:f5f7,44750,,,2a03:2880:f26b:1c5:face:b00c:0:177,3478,Dynamic,18:57:58,19:27:58,2026/06/11,2026/06/11,866726066636401,405856151004844,2405:0200:5213:2A:3903:220:2:6,Jionet,4058560c3458002,4058560c3458002,2026/06/11 19:09:01,111.359,24301555,100711249,HOME,Bihar,
,,,,,917301042183,917301042183,2409:40e4:1103:59d5:e0ce:3cff:fee1:f5f7,44750,,,2a03:2880:f26b:1c5:face:b00c:0:177,3478,Dynamic,18:57:58,19:27:58,2026/06/11,2026/06/11,866726066636401,405856151004844,2405:0200:5213:2A:3903:220:2:6,Jionet,4058560c3458002,4058560c3458002,2026/06/11 19:09:01,111.359,20786,37305,HOME,Bihar,
,,,,,917301042183,917301042183,2409:40e4:1103:59d5:e0ce:3cff:fee1:f5f7,44750,,,2a03:2880:f379:136:face:b00c:0:b1,3478,Dynamic,18:57:58,19:27:58,2026/06/11,2026/06/11,866726066636401,405856151004844,2405:0200:5213:2A:3903:220:2:6,Jionet,4058560c3458002,4058560c3458002,2026/06/11 19:09:01,98.756,24301555,100711249,HOME,Bihar,
,,,,,917301042183,917301042183,2409:40e4:1103:59d5:e0ce:3cff:fee1:f5f7,44750,,,2a03:2880:f379:136:face:b00c:0:b1,3478,Dynamic,18:57:58,19:27:58,2026/06/11,2026/06/11,866726066636401,405856151004844,2405:0200:5213:2A:3903:220:2:6,Jionet,4058560c3458002,4058560c3458002,2026/06/11 19:09:01,98.756,20786,37305,HOME,Bihar,
,,,,,917301042183,917301042183,2409:40e4:1103:59d5:e0ce:3cff:fee1:f5f7,40662,,,2001:4860:4802:36::9e,443,Dynamic,18:57:58,19:27:58,2026/06/11,2026/06/11,866726066636401,405856151004844,2405:0200:5213:2A:3903:220:2:6,Jionet,4058560c3458002,4058560c3458002,2026/06/11 19:09:43,95.197,24301555,100711249,HOME,Bihar,
,,,,,917301042183,917301042183,2409:40e4:1103:59d5:e0ce:3cff:fee1:f5f7,40662,,,2001:4860:4802:36::9e,443,Dynamic,18:57:58,19:27:58,2026/06/11,2026/06/11,866726066636401,405856151004844,2405:0200:5213:2A:3903:220:2:6,Jionet,4058560c3458002,4058560c3458002,2026/06/11 19:09:43,95.197,20786,37305,HOME,Bihar,
,,,,,917301042183,917301042183,2409:40e4:1103:59d5:e0ce:3cff:fee1:f5f7,40202,,,2001:4860:4802:36::9e,443,Dynamic,18:57:58,19:27:58,2026/06/11,2026/06/11,866726066636401,405856151004844,2405:0200:5213:2A:3903:220:2:6,Jionet,4058560c3458002,4058560c3458002,2026/06/11 19:09:41,110.416,24301555,100711249,HOME,Bihar,
,,,,,917301042183,917301042183,2409:40e4:1103:59d5:e0ce:3cff:fee1:f5f7,40202,,,2001:4860:4802:36::9e,443,Dynamic,18:57:58,19:27:58,2026/06/11,2026/06/11,866726066636401,405856151004844,2405:0200:5213:2A:3903:220:2:6,Jionet,4058560c3458002,4058560c3458002,2026/06/11 19:09:41,110.416,20786,37305,HOME,Bihar,
,,,,,917301042183,917301042183,2409:40e4:1103:59d5:e0ce:3cff:fee1:f5f7,44750,,,2401:4900:b57b:ff6:e4e5:abff:fe8d:2879,36847,Dynamic,18:57:58,19:27:58,2026/06/11,2026/06/11,866726066636401,405856151004844,2405:0200:5213:2A:3903:220:2:6,Jionet,4058560c3458002,4058560c3458002,2026/06/11 19:09:51,94.491,24301555,100711249,HOME,Bihar,
,,,,,917301042183,917301042183,2409:40e4:1103:59d5:e0ce:3cff:fee1:f5f7,44750,,,2401:4900:b57b:ff6:e4e5:abff:fe8d:2879,36847,Dynamic,18:57:58,19:27:58,2026/06/11,2026/06/11,866726066636401,405856151004844,2405:0200:5213:2A:3903:220:2:6,Jionet,4058560c3458002,4058560c3458002,2026/06/11 19:09:51,94.491,20786,37305,HOME,Bihar,
,,,,,917301042183,917301042183,2409:40e4:1103:59d5:e0ce:3cff:fee1:f5f7,46791,,,2405:200:1630:bf6::c,443,Dynamic,18:57:58,19:27:58,2026/06/11,2026/06/11,866726066636401,405856151004844,2405:0200:5213:2A:3903:220:2:6,Jionet,4058560c3458002,4058560c3458002,2026/06/11 19:08:11,113.692,24301555,100711249,HOME,Bihar,
,,,,,917301042183,917301042183,2409:40e4:1103:59d5:e0ce:3cff:fee1:f5f7,46791,,,2405:200:1630:bf6::c,443,Dynamic,18:57:58,19:27:58,2026/06/11,2026/06/11,866726066636401,405856151004844,2405:0200:5213:2A:3903:220:2:6,Jionet,4058560c3458002,4058560c3458002,2026/06/11 19:08:11,113.692,20786,37305,HOME,Bihar,
,,,,,917301042183,917301042183,2409:40e4:1103:59d5:e0ce:3cff:fee1:f5f7,48561,,,2001:4860:4802:36::9e,443,Dynamic,18:57:58,19:27:58,2026/06/11,2026/06/11,866726066636401,405856151004844,2405:0200:5213:2A:3903:220:2:6,Jionet,4058560c3458002,4058560c3458002,2026/06/11 19:09:43,95.544,24301555,100711249,HOME,Bihar,
,,,,,917301042183,917301042183,2409:40e4:1103:59d5:e0ce:3cff:fee1:f5f7,48561,,,2001:4860:4802:36::9e,443,Dynamic,18:57:58,19:27:58,2026/06/11,2026/06/11,866726066636401,405856151004844,2405:0200:5213:2A:3903:220:2:6,Jionet,4058560c3458002,4058560c3458002,2026/06/11 19:09:43,95.544,20786,37305,HOME,Bihar,
,,,,,917301042183,917301042183,2409:40e4:1103:59d5:e0ce:3cff:fee1:f5f7,45754,,,2001:4860:4802:32::223,443,Dynamic,18:57:58,19:27:58,2026/06/11,2026/06/11,866726066636401,405856151004844,2405:0200:5213:2A:3903:220:2:6,Jionet,4058560c3458002,4058560c3458002,2026/06/11 19:10:00,12.669,24301555,100711249,HOME,Bihar,
,,,,,917301042183,917301042183,2409:40e4:1103:59d5:e0ce:3cff:fee1:f5f7,45754,,,2001:4860:4802:32::223,443,Dynamic,18:57:58,19:27:58,2026/06/11,2026/06/11,866726066636401,405856151004844,2405:0200:5213:2A:3903:220:2:6,Jionet,4058560c3458002,4058560c3458002,2026/06/11 19:10:00,12.669,20786,37305,HOME,Bihar,
,,,,,917301042183,917301042183,2409:40e4:1103:59d5:e0ce:3cff:fee1:f5f7,43842,,,2404:6800:4009:80e::200e,443,Dynamic,18:57:58,19:27:58,2026/06/11,2026/06/11,866726066636401,405856151004844,2405:0200:5213:2A:3903:220:2:6,Jionet,4058560c3458002,4058560c3458002,2026/06/11 19:08:16,105.583,24301555,100711249,HOME,Bihar,
,,,,,917301042183,917301042183,2409:40e4:1103:59d5:e0ce:3cff:fee1:f5f7,43842,,,2404:6800:4009:80e::200e,443,Dynamic,18:57:58,19:27:58,2026/06/11,2026/06/11,866726066636401,405856151004844,2405:0200:5213:2A:3903:220:2:6,Jionet,4058560c3458002,4058560c3458002,2026/06/11 19:08:16,105.583,20786,37305,HOME,Bihar,
,,,,,917301042183,917301042183,2409:40e4:1103:59d5:e0ce:3cff:fee1:f5f7,43136,,,2401:c080:3000:256c:5400:4ff:fe67:381,123,Dynamic,18:57:58,19:27:58,2026/06/11,2026/06/11,866726066636401,405856151004844,2405:0200:5213:2A:3903:220:2:6,Jionet,4058560c3458002,4058560c3458002,2026/06/11 19:08:58,74.892,24301555,100711249,HOME,Bihar,
,,,,,917301042183,917301042183,2409:40e4:1103:59d5:e0ce:3cff:fee1:f5f7,43136,,,2401:c080:3000:256c:5400:4ff:fe67:381,123,Dynamic,18:57:58,19:27:58,2026/06/11,2026/06/11,866726066636401,405856151004844,2405:0200:5213:2A:3903:220:2:6,Jionet,4058560c3458002,4058560c3458002,2026/06/11 19:08:58,74.892,20786,37305,HOME,Bihar,
,,,,,917301042183,917301042183,2409:40e4:1103:59d5:e0ce:3cff:fee1:f5f7,46891,,,2001:4860:4802:36::223,443,Dynamic,18:57:58,19:27:58,2026/06/11,2026/06/11,866726066636401,405856151004844,2405:0200:5213:2A:3903:220:2:6,Jionet,4058560c3458002,4058560c3458002,2026/06/11 19:03:49,387.696,24301555,100711249,HOME,Bihar,
,,,,,917301042183,917301042183,2409:40e4:1103:59d5:e0ce:3cff:fee1:f5f7,46891,,,2001:4860:4802:36::223,443,Dynamic,18:57:58,19:27:58,2026/06/11,2026/06/11,866726066636401,405856151004844,2405:0200:5213:2A:3903:220:2:6,Jionet,4058560c3458002,4058560c3458002,2026/06/11 19:03:49,387.696,20786,37305,HOME,Bihar,
,,,,,917301042183,917301042183,2409:40e4:1103:59d5:e0ce:3cff:fee1:f5f7,40238,,,2405:200:1630:bf6::e,443,Dynamic,18:57:58,19:27:58,2026/06/11,2026/06/11,866726066636401,405856151004844,2405:0200:5213:2A:3903:220:2:6,Jionet,4058560c3458002,4058560c3458002,2026/06/11 19:08:06,118.871,24301555,100711249,HOME,Bihar,
,,,,,917301042183,917301042183,2409:40e4:1103:59d5:e0ce:3cff:fee1:f5f7,40238,,,2405:200:1630:bf6::e,443,Dynamic,18:57:58,19:27:58,2026/06/11,2026/06/11,866726066636401,405856151004844,2405:0200:5213:2A:3903:220:2:6,Jionet,4058560c3458002,4058560c3458002,2026/06/11 19:08:06,118.871,20786,37305,HOME,Bihar,
,,,,,917301042183,917301042183,2409:40e4:1103:59d5:e0ce:3cff:fee1:f5f7,47954,,,2001:4860:4802:32::223,443,Dynamic,18:57:58,19:27:58,2026/06/11,2026/06/11,866726066636401,405856151004844,2405:0200:5213:2A:3903:220:2:6,Jionet,4058560c3458002,4058560c3458002,2026/06/11 19:10:01,11.639,24301555,100711249,HOME,Bihar,
,,,,,917301042183,917301042183,2409:40e4:1103:59d5:e0ce:3cff:fee1:f5f7,47954,,,2001:4860:4802:32::223,443,Dynamic,18:57:58,19:27:58,2026/06/11,2026/06/11,866726066636401,405856151004844,2405:0200:5213:2A:3903:220:2:6,Jionet,4058560c3458002,4058560c3458002,2026/06/11 19:10:01,11.639,20786,37305,HOME,Bihar,
,,,,,917301042183,917301042183,2409:40e4:1103:59d5:e0ce:3cff:fee1:f5f7,44566,,,2404:6800:4000:100c::5d,443,Dynamic,18:57:58,19:27:58,2026/06/11,2026/06/11,866726066636401,405856151004844,2405:0200:5213:2A:3903:220:2:6,Jionet,4058560c3458002,4058560c3458002,2026/06/11 19:03:58,375.737,24301555,100711249,HOME,Bihar,
,,,,,917301042183,917301042183,2409:40e4:1103:59d5:e0ce:3cff:fee1:f5f7,44566,,,2404:6800:4000:100c::5d,443,Dynamic,18:57:58,19:27:58,2026/06/11,2026/06/11,866726066636401,405856151004844,2405:0200:5213:2A:3903:220:2:6,Jionet,4058560c3458002,4058560c3458002,2026/06/11 19:03:58,375.737,20786,37305,HOME,Bihar,
,,,,,917301042183,917301042183,2409:40e4:1103:59d5:e0ce:3cff:fee1:f5f7,37892,,,2a03:2880:f346:8d:face:b00c:0:2,443,Dynamic,18:57:58,19:27:58,2026/06/11,2026/06/11,866726066636401,405856151004844,2405:0200:5213:2A:3903:220:2:6,Jionet,4058560c3458002,4058560c3458002,2026/06/11 19:24:08,159.112,24301555,100711249,HOME,Bihar,
,,,,,917301042183,917301042183,2409:40e4:1103:59d5:e0ce:3cff:fee1:f5f7,37892,,,2a03:2880:f346:8d:face:b00c:0:2,443,Dynamic,18:57:58,19:27:58,2026/06/11,2026/06/11,866726066636401,405856151004844,2405:0200:5213:2A:3903:220:2:6,Jionet,4058560c3458002,4058560c3458002,2026/06/11 19:24:08,159.112,20786,37305,HOME,Bihar,
,,,,,917301042183,917301042183,2409:40e4:1103:59d5:e0ce:3cff:fee1:f5f7,41636,,,2001:4860:4802:38::223,443,Dynamic,18:57:58,19:27:58,2026/06/11,2026/06/11,866726066636401,405856151004844,2405:0200:5213:2A:3903:220:2:6,Jionet,4058560c3458002,4058560c3458002,2026/06/11 19:26:06,12.983,24301555,100711249,HOME,Bihar,
,,,,,917301042183,917301042183,2409:40e4:1103:59d5:e0ce:3cff:fee1:f5f7,41636,,,2001:4860:4802:38::223,443,Dynamic,18:57:58,19:27:58,2026/06/11,2026/06/11,866726066636401,405856151004844,2405:0200:5213:2A:3903:220:2:6,Jionet,4058560c3458002,4058560c3458002,2026/06/11 19:26:06,12.983,20786,37305,HOME,Bihar,
,,,,,917301042183,917301042183,2409:40e4:1103:59d5:e0ce:3cff:fee1:f5f7,42858,,,2a03:2880:f26b:1d2:face:b00c:0:167,443,Dynamic,18:57:58,19:27:58,2026/06/11,2026/06/11,866726066636401,405856151004844,2405:0200:5213:2A:3903:220:2:6,Jionet,4058560c3458002,4058560c3458002,2026/06/11 19:24:54,96.876,24301555,100711249,HOME,Bihar,
,,,,,917301042183,917301042183,2409:40e4:1103:59d5:e0ce:3cff:fee1:f5f7,42858,,,2a03:2880:f26b:1d2:face:b00c:0:167,443,Dynamic,18:57:58,19:27:58,2026/06/11,2026/06/11,866726066636401,405856151004844,2405:0200:5213:2A:3903:220:2:6,Jionet,4058560c3458002,4058560c3458002,2026/06/11 19:24:54,96.876,20786,37305,HOME,Bihar,
,,,,,917301042183,917301042183,2409:40e4:1103:59d5:e0ce:3cff:fee1:f5f7,47247,,,2a03:2880:f346:8d:face:b00c:0:2,443,Dynamic,18:57:58,19:27:58,2026/06/11,2026/06/11,866726066636401,405856151004844,2405:0200:5213:2A:3903:220:2:6,Jionet,4058560c3458002,4058560c3458002,2026/06/11 19:25:35,105.899,24301555,100711249,HOME,Bihar,
,,,,,917301042183,917301042183,2409:40e4:1103:59d5:e0ce:3cff:fee1:f5f7,47247,,,2a03:2880:f346:8d:face:b00c:0:2,443,Dynamic,18:57:58,19:27:58,2026/06/11,2026/06/11,866726066636401,405856151004844,2405:0200:5213:2A:3903:220:2:6,Jionet,4058560c3458002,4058560c3458002,2026/06/11 19:25:35,105.899,20786,37305,HOME,Bihar,
,,,,,917301042183,917301042183,2409:40e4:1103:59d5:e0ce:3cff:fee1:f5f7,37896,,,2a03:2880:f346:8d:face:b00c:0:2,443,Dynamic,18:57:58,19:27:58,2026/06/11,2026/06/11,866726066636401,405856151004844,2405:0200:5213:2A:3903:220:2:6,Jionet,4058560c3458002,4058560c3458002,2026/06/11 19:24:08,181.892,24301555,100711249,HOME,Bihar,
,,,,,917301042183,917301042183,2409:40e4:1103:59d5:e0ce:3cff:fee1:f5f7,37896,,,2a03:2880:f346:8d:face:b00c:0:2,443,Dynamic,18:57:58,19:27:58,2026/06/11,2026/06/11,866726066636401,405856151004844,2405:0200:5213:2A:3903:220:2:6,Jionet,4058560c3458002,4058560c3458002,2026/06/11 19:24:08,181.892,20786,37305,HOME,Bihar,
,,,,,917301042183,917301042183,2409:40e4:1103:59d5:e0ce:3cff:fee1:f5f7,47509,,,2401:4900:b57b:ff6:e4e5:abff:fe8d:2879,56889,Dynamic,18:57:58,19:27:58,2026/06/11,2026/06/11,866726066636401,405856151004844,2405:0200:5213:2A:3903:220:2:6,Jionet,4058560c3458002,4058560c3458002,2026/06/11 19:23:26,264.613,24301555,100711249,HOME,Bihar,
,,,,,917301042183,917301042183,2409:40e4:1103:59d5:e0ce:3cff:fee1:f5f7,47509,,,2401:4900:b57b:ff6:e4e5:abff:fe8d:2879,56889,Dynamic,18:57:58,19:27:58,2026/06/11,2026/06/11,866726066636401,405856151004844,2405:0200:5213:2A:3903:220:2:6,Jionet,4058560c3458002,4058560c3458002,2026/06/11 19:23:26,264.613,20786,37305,HOME,Bihar,
,,,,,917301042183,917301042183,2409:40e4:1103:59d5:e0ce:3cff:fee1:f5f7,40556,,,2a03:2880:f346:8d:face:b00c:0:2,443,Dynamic,18:57:58,19:27:58,2026/06/11,2026/06/11,866726066636401,405856151004844,2405:0200:5213:2A:3903:220:2:6,Jionet,4058560c3458002,4058560c3458002,2026/06/11 19:27:31,11.714,24301555,100711249,HOME,Bihar,
,,,,,917301042183,917301042183,2409:40e4:1103:59d5:e0ce:3cff:fee1:f5f7,40556,,,2a03:2880:f346:8d:face:b00c:0:2,443,Dynamic,18:57:58,19:27:58,2026/06/11,2026/06/11,866726066636401,405856151004844,2405:0200:5213:2A:3903:220:2:6,Jionet,4058560c3458002,4058560c3458002,2026/06/11 19:27:31,11.714,20786,37305,HOME,Bihar,
,,,,,917301042183,917301042183,2409:40e4:1103:59d5:e0ce:3cff:fee1:f5f7,44750,,,2a03:2880:f334:136:face:b00c:0:b1,3478,Dynamic,18:57:58,19:27:58,2026/06/11,2026/06/11,866726066636401,405856151004844,2405:0200:5213:2A:3903:220:2:6,Jionet,4058560c3458002,4058560c3458002,2026/06/11 19:09:01,165.683,24301555,100711249,HOME,Bihar,
,,,,,917301042183,917301042183,2409:40e4:1103:59d5:e0ce:3cff:fee1:f5f7,44750,,,2a03:2880:f334:136:face:b00c:0:b1,3478,Dynamic,18:57:58,19:27:58,2026/06/11,2026/06/11,866726066636401,405856151004844,2405:0200:5213:2A:3903:220:2:6,Jionet,4058560c3458002,4058560c3458002,2026/06/11 19:09:01,165.683,20786,37305,HOME,Bihar,
,,,,,917301042183,917301042183,2409:40e4:1103:59d5:e0ce:3cff:fee1:f5f7,45764,,,2001:4860:4802:32::223,443,Dynamic,18:57:58,19:27:58,2026/06/11,2026/06/11,866726066636401,405856151004844,2405:0200:5213:2A:3903:220:2:6,Jionet,4058560c3458002,4058560c3458002,2026/06/11 19:11:34,12.02,24301555,100711249,HOME,Bihar,
,,,,,917301042183,917301042183,2409:40e4:1103:59d5:e0ce:3cff:fee1:f5f7,45764,,,2001:4860:4802:32::223,443,Dynamic,18:57:58,19:27:58,2026/06/11,2026/06/11,866726066636401,405856151004844,2405:0200:5213:2A:3903:220:2:6,Jionet,4058560c3458002,4058560c3458002,2026/06/11 19:11:34,12.02,20786,37305,HOME,Bihar,
,,,,,917301042183,917301042183,2409:40e4:1103:59d5:e0ce:3cff:fee1:f5f7,46639,,,2a03:2880:f315:136:face:b00c:0:b1,3478,Dynamic,18:57:58,19:27:58,2026/06/11,2026/06/11,866726066636401,405856151004844,2405:0200:5213:2A:3903:220:2:6,Jionet,4058560c3458002,4058560c3458002,2026/06/11 19:26:37,111.561,24301555,100711249,HOME,Bihar,
,,,,,917301042183,917301042183,2409:40e4:1103:59d5:e0ce:3cff:fee1:f5f7,46639,,,2a03:2880:f315:136:face:b00c:0:b1,3478,Dynamic,18:57:58,19:27:58,2026/06/11,2026/06/11,866726066636401,405856151004844,2405:0200:5213:2A:3903:220:2:6,Jionet,4058560c3458002,4058560c3458002,2026/06/11 19:26:37,111.561,20786,37305,HOME,Bihar,
,,,,,917301042183,917301042183,2409:40e4:1103:59d5:e0ce:3cff:fee1:f5f7,46639,,,2405:200:1633:2885:face:b00c:3333:4df0,3478,Dynamic,18:57:58,19:27:58,2026/06/11,2026/06/11,866726066636401,405856151004844,2405:0200:5213:2A:3903:220:2:6,Jionet,4058560c3458002,4058560c3458002,2026/06/11 19:26:37,86.028,24301555,100711249,HOME,Bihar,
,,,,,917301042183,917301042183,2409:40e4:1103:59d5:e0ce:3cff:fee1:f5f7,46639,,,2405:200:1633:2885:face:b00c:3333:4df0,3478,Dynamic,18:57:58,19:27:58,2026/06/11,2026/06/11,866726066636401,405856151004844,2405:0200:5213:2A:3903:220:2:6,Jionet,4058560c3458002,4058560c3458002,2026/06/11 19:26:37,86.028,20786,37305,HOME,Bihar,
,,,,,917301042183,917301042183,2409:40e4:1103:59d5:e0ce:3cff:fee1:f5f7,41644,,,2001:4860:4802:38::223,443,Dynamic,18:57:58,19:27:58,2026/06/11,2026/06/11,866726066636401,405856151004844,2405:0200:5213:2A:3903:220:2:6,Jionet,4058560c3458002,4058560c3458002,2026/06/11 19:27:07,82.093,24301555,100711249,HOME,Bihar,
,,,,,917301042183,917301042183,2409:40e4:1103:59d5:e0ce:3cff:fee1:f5f7,41644,,,2001:4860:4802:38::223,443,Dynamic,18:57:58,19:27:58,2026/06/11,2026/06/11,866726066636401,405856151004844,2405:0200:5213:2A:3903:220:2:6,Jionet,4058560c3458002,4058560c3458002,2026/06/11 19:27:07,82.093,20786,37305,HOME,Bihar,
,,,,,917301042183,917301042183,2409:40e4:1103:59d5:e0ce:3cff:fee1:f5f7,37352,,,2a03:2880:f346:3:face:b00c:0:4c63,443,Dynamic,18:57:58,19:27:58,2026/06/11,2026/06/11,866726066636401,405856151004844,2405:0200:5213:2A:3903:220:2:6,Jionet,4058560c3458002,4058560c3458002,2026/06/11 19:26:38,96.574,24301555,100711249,HOME,Bihar,
,,,,,917301042183,917301042183,2409:40e4:1103:59d5:e0ce:3cff:fee1:f5f7,37352,,,2a03:2880:f346:3:face:b00c:0:4c63,443,Dynamic,18:57:58,19:27:58,2026/06/11,2026/06/11,866726066636401,405856151004844,2405:0200:5213:2A:3903:220:2:6,Jionet,4058560c3458002,4058560c3458002,2026/06/11 19:26:38,96.574,20786,37305,HOME,Bihar,
,,,,,917301042183,917301042183,2409:40e4:1103:59d5:e0ce:3cff:fee1:f5f7,46639,,,2a03:2880:f26b:1c5:face:b00c:0:177,3478,Dynamic,18:57:58,19:27:58,2026/06/11,2026/06/11,866726066636401,405856151004844,2405:0200:5213:2A:3903:220:2:6,Jionet,4058560c3458002,4058560c3458002,2026/06/11 19:26:37,91.552,24301555,100711249,HOME,Bihar,
,,,,,917301042183,917301042183,2409:40e4:1103:59d5:e0ce:3cff:fee1:f5f7,46639,,,2a03:2880:f26b:1c5:face:b00c:0:177,3478,Dynamic,18:57:58,19:27:58,2026/06/11,2026/06/11,866726066636401,405856151004844,2405:0200:5213:2A:3903:220:2:6,Jionet,4058560c3458002,4058560c3458002,2026/06/11 19:26:37,91.552,20786,37305,HOME,Bihar,
,,,,,917301042183,917301042183,2409:40e4:1103:59d5:e0ce:3cff:fee1:f5f7,47458,,,2404:6800:4003:c20::bc,5228,Dynamic,18:57:58,19:27:58,2026/06/11,2026/06/11,866726066636401,405856151004844,2405:0200:5213:2A:3903:220:2:6,Jionet,4058560c3458002,4058560c3458002,2026/06/11 19:27:00,75.196,24301555,100711249,HOME,Bihar,
,,,,,917301042183,917301042183,2409:40e4:1103:59d5:e0ce:3cff:fee1:f5f7,47458,,,2404:6800:4003:c20::bc,5228,Dynamic,18:57:58,19:27:58,2026/06/11,2026/06/11,866726066636401,405856151004844,2405:0200:5213:2A:3903:220:2:6,Jionet,4058560c3458002,4058560c3458002,2026/06/11 19:27:00,75.196,20786,37305,HOME,Bihar,
,,,,,917301042183,917301042183,2409:40e4:1103:59d5:e0ce:3cff:fee1:f5f7,43177,,,2a03:2880:f33e:136:face:b00c:0:b1,3478,Dynamic,18:57:58,19:27:58,2026/06/11,2026/06/11,866726066636401,405856151004844,2405:0200:5213:2A:3903:220:2:6,Jionet,4058560c3458002,4058560c3458002,2026/06/11 19:27:15,62.452,24301555,100711249,HOME,Bihar,
,,,,,917301042183,917301042183,2409:40e4:1103:59d5:e0ce:3cff:fee1:f5f7,43177,,,2a03:2880:f33e:136:face:b00c:0:b1,3478,Dynamic,18:57:58,19:27:58,2026/06/11,2026/06/11,866726066636401,405856151004844,2405:0200:5213:2A:3903:220:2:6,Jionet,4058560c3458002,4058560c3458002,2026/06/11 19:27:15,62.452,20786,37305,HOME,Bihar,
,,,,,917301042183,917301042183,2409:40e4:1103:59d5:e0ce:3cff:fee1:f5f7,43177,,,2a03:2880:f335:136:face:b00c:0:b1,3478,Dynamic,18:57:58,19:27:58,2026/06/11,2026/06/11,866726066636401,405856151004844,2405:0200:5213:2A:3903:220:2:6,Jionet,4058560c3458002,4058560c3458002,2026/06/11 19:27:15,66.529,24301555,100711249,HOME,Bihar,
,,,,,917301042183,917301042183,2409:40e4:1103:59d5:e0ce:3cff:fee1:f5f7,43177,,,2a03:2880:f335:136:face:b00c:0:b1,3478,Dynamic,18:57:58,19:27:58,2026/06/11,2026/06/11,866726066636401,405856151004844,2405:0200:5213:2A:3903:220:2:6,Jionet,4058560c3458002,4058560c3458002,2026/06/11 19:27:15,66.529,20786,37305,HOME,Bihar,
,,,,,917301042183,917301042183,2409:40e4:1103:59d5:e0ce:3cff:fee1:f5f7,43412,,,2a03:2880:f26b:1c5:face:b00c:0:177,3478,Dynamic,19:27:58,19:32:11,2026/06/11,2026/06/11,866726066636401,405856151004844,2405:0200:5213:2A:3903:220:2:6,Jionet,4058560c3458002,405856044a323,2026/06/11 19:28:00,75.028,1316939,7380964,HOME,Bihar,
,,,,,917301042183,917301042183,2409:40e4:1103:59d5:e0ce:3cff:fee1:f5f7,43412,,,2a03:2880:f369:136:face:b00c:0:b1,3478,Dynamic,19:27:58,19:32:11,2026/06/11,2026/06/11,866726066636401,405856151004844,2405:0200:5213:2A:3903:220:2:6,Jionet,4058560c3458002,405856044a323,2026/06/11 19:28:00,87.199,1316939,7380964,HOME,Bihar,
,,,,,917301042183,917301042183,2409:40e4:1103:59d5:e0ce:3cff:fee1:f5f7,43177,,,2401:4900:b57b:ff6:e4e5:abff:fe8d:2879,48542,Dynamic,18:57:58,19:27:58,2026/06/11,2026/06/11,866726066636401,405856151004844,2405:0200:5213:2A:3903:220:2:6,Jionet,4058560c3458002,4058560c3458002,2026/06/11 19:27:19,105.046,24301555,100711249,HOME,Bihar,
,,,,,917301042183,917301042183,2409:40e4:1103:59d5:e0ce:3cff:fee1:f5f7,43177,,,2401:4900:b57b:ff6:e4e5:abff:fe8d:2879,48542,Dynamic,18:57:58,19:27:58,2026/06/11,2026/06/11,866726066636401,405856151004844,2405:0200:5213:2A:3903:220:2:6,Jionet,4058560c3458002,4058560c3458002,2026/06/11 19:27:19,105.046,20786,37305,HOME,Bihar,
,,,,,917301042183,917301042183,2409:40e4:1103:59d5:e0ce:3cff:fee1:f5f7,41020,,,2001:4860:4802:38::223,443,Dynamic,18:57:58,19:27:58,2026/06/11,2026/06/11,866726066636401,405856151004844,2405:0200:5213:2A:3903:220:2:6,Jionet,4058560c3458002,4058560c3458002,2026/06/11 19:27:58,96.416,24301555,100711249,HOME,Bihar,
,,,,,917301042183,917301042183,2409:40e4:1103:59d5:e0ce:3cff:fee1:f5f7,41020,,,2001:4860:4802:38::223,443,Dynamic,18:57:58,19:27:58,2026/06/11,2026/06/11,866726066636401,405856151004844,2405:0200:5213:2A:3903:220:2:6,Jionet,4058560c3458002,4058560c3458002,2026/06/11 19:27:58,96.416,20786,37305,HOME,Bihar,
,,,,,917301042183,917301042183,2409:40e4:1103:59d5:e0ce:3cff:fee1:f5f7,41020,,,2001:4860:4802:38::223,443,Dynamic,19:27:58,19:32:11,2026/06/11,2026/06/11,866726066636401,405856151004844,2405:0200:5213:2A:3903:220:2:6,Jionet,4058560c3458002,405856044a323,2026/06/11 19:27:58,96.416,1316939,7380964,HOME,Bihar,
,,,,,917301042183,917301042183,2409:40e4:1103:59d5:e0ce:3cff:fee1:f5f7,39802,,,2a03:2880:f311:8d:face:b00c:0:2,443,Dynamic,19:27:58,19:32:11,2026/06/11,2026/06/11,866726066636401,405856151004844,2405:0200:5213:2A:3903:220:2:6,Jionet,4058560c3458002,405856044a323,2026/06/11 19:28:36,11.725,1316939,7380964,HOME,Bihar,
,,,,,917301042183,917301042183,2409:40e4:1103:59d5:e0ce:3cff:fee1:f5f7,44836,,,2a03:2880:f346:3:face:b00c:0:4c63,443,Dynamic,18:57:58,19:27:58,2026/06/11,2026/06/11,866726066636401,405856151004844,2405:0200:5213:2A:3903:220:2:6,Jionet,4058560c3458002,4058560c3458002,2026/06/11 19:23:01,382.107,24301555,100711249,HOME,Bihar,
,,,,,917301042183,917301042183,2409:40e4:1103:59d5:e0ce:3cff:fee1:f5f7,44836,,,2a03:2880:f346:3:face:b00c:0:4c63,443,Dynamic,18:57:58,19:27:58,2026/06/11,2026/06/11,866726066636401,405856151004844,2405:0200:5213:2A:3903:220:2:6,Jionet,4058560c3458002,4058560c3458002,2026/06/11 19:23:01,382.107,20786,37305,HOME,Bihar,
,,,,,917301042183,917301042183,2409:40e4:1103:59d5:e0ce:3cff:fee1:f5f7,46552,,,2404:6800:4000:101d::66,443,Dynamic,18:57:58,19:27:58,2026/06/11,2026/06/11,866726066636401,405856151004844,2405:0200:5213:2A:3903:220:2:6,Jionet,4058560c3458002,4058560c3458002,2026/06/11 19:27:40,73.488,24301555,100711249,HOME,Bihar,
,,,,,917301042183,917301042183,2409:40e4:1103:59d5:e0ce:3cff:fee1:f5f7,46552,,,2404:6800:4000:101d::66,443,Dynamic,18:57:58,19:27:58,2026/06/11,2026/06/11,866726066636401,405856151004844,2405:0200:5213:2A:3903:220:2:6,Jionet,4058560c3458002,4058560c3458002,2026/06/11 19:27:40,73.488,20786,37305,HOME,Bihar,
,,,,,917301042183,917301042183,2409:40e4:1103:59d5:e0ce:3cff:fee1:f5f7,43177,,,2a03:2880:f346:136:face:b00c:0:b1,3478,Dynamic,18:57:58,19:27:58,2026/06/11,2026/06/11,866726066636401,405856151004844,2405:0200:5213:2A:3903:220:2:6,Jionet,4058560c3458002,4058560c3458002,2026/06/11 19:27:15,105.408,24301555,100711249,HOME,Bihar,
,,,,,917301042183,917301042183,2409:40e4:1103:59d5:e0ce:3cff:fee1:f5f7,43177,,,2a03:2880:f346:136:face:b00c:0:b1,3478,Dynamic,18:57:58,19:27:58,2026/06/11,2026/06/11,866726066636401,405856151004844,2405:0200:5213:2A:3903:220:2:6,Jionet,4058560c3458002,4058560c3458002,2026/06/11 19:27:15,105.408,20786,37305,HOME,Bihar,
,,,,,917301042183,917301042183,2409:40e4:1103:59d5:e0ce:3cff:fee1:f5f7,37630,,,2001:4860:4802:36::223,443,Dynamic,18:57:58,19:27:58,2026/06/11,2026/06/11,866726066636401,405856151004844,2405:0200:5213:2A:3903:220:2:6,Jionet,4058560c3458002,4058560c3458002,2026/06/11 19:14:46,11.604,24301555,100711249,HOME,Bihar,
,,,,,917301042183,917301042183,2409:40e4:1103:59d5:e0ce:3cff:fee1:f5f7,37630,,,2001:4860:4802:36::223,443,Dynamic,18:57:58,19:27:58,2026/06/11,2026/06/11,866726066636401,405856151004844,2405:0200:5213:2A:3903:220:2:6,Jionet,4058560c3458002,4058560c3458002,2026/06/11 19:14:46,11.604,20786,37305,HOME,Bihar,
,,,,,917301042183,917301042183,2409:40e4:1103:59d5:e0ce:3cff:fee1:f5f7,42152,,,2001:4860:4802:36::223,443,Dynamic,18:57:58,19:27:58,2026/06/11,2026/06/11,866726066636401,405856151004844,2405:0200:5213:2A:3903:220:2:6,Jionet,4058560c3458002,4058560c3458002,2026/06/11 19:14:19,11.404,24301555,100711249,HOME,Bihar,
,,,,,917301042183,917301042183,2409:40e4:1103:59d5:e0ce:3cff:fee1:f5f7,42152,,,2001:4860:4802:36::223,443,Dynamic,18:57:58,19:27:58,2026/06/11,2026/06/11,866726066636401,405856151004844,2405:0200:5213:2A:3903:220:2:6,Jionet,4058560c3458002,4058560c3458002,2026/06/11 19:14:19,11.404,20786,37305,HOME,Bihar,
,,,,,917301042183,917301042183,2409:40e4:1103:59d5:e0ce:3cff:fee1:f5f7,42142,,,2405:200:1630:ff95:face:b00c:3333:a3f,443,Dynamic,18:57:58,19:27:58,2026/06/11,2026/06/11,866726066636401,405856151004844,2405:0200:5213:2A:3903:220:2:6,Jionet,4058560c3458002,4058560c3458002,2026/06/11 19:14:47,11.028,24301555,100711249,HOME,Bihar,
,,,,,917301042183,917301042183,2409:40e4:1103:59d5:e0ce:3cff:fee1:f5f7,42142,,,2405:200:1630:ff95:face:b00c:3333:a3f,443,Dynamic,18:57:58,19:27:58,2026/06/11,2026/06/11,866726066636401,405856151004844,2405:0200:5213:2A:3903:220:2:6,Jionet,4058560c3458002,4058560c3458002,2026/06/11 19:14:47,11.028,20786,37305,HOME,Bihar,
,,,,,917301042183,917301042183,2409:40e4:1103:59d5:e0ce:3cff:fee1:f5f7,45726,,,2001:4860:4802:38::223,443,Dynamic,18:57:58,19:27:58,2026/06/11,2026/06/11,866726066636401,405856151004844,2405:0200:5213:2A:3903:220:2:6,Jionet,4058560c3458002,4058560c3458002,2026/06/11 19:13:24,65.399,24301555,100711249,HOME,Bihar,
,,,,,917301042183,917301042183,2409:40e4:1103:59d5:e0ce:3cff:fee1:f5f7,45726,,,2001:4860:4802:38::223,443,Dynamic,18:57:58,19:27:58,2026/06/11,2026/06/11,866726066636401,405856151004844,2405:0200:5213:2A:3903:220:2:6,Jionet,4058560c3458002,4058560c3458002,2026/06/11 19:13:24,65.399,20786,37305,HOME,Bihar,
,,,,,917301042183,917301042183,2409:40e4:1103:59d5:e0ce:3cff:fee1:f5f7,39110,,,2001:4860:4802:36::223,443,Dynamic,18:57:58,19:27:58,2026/06/11,2026/06/11,866726066636401,405856151004844,2405:0200:5213:2A:3903:220:2:6,Jionet,4058560c3458002,4058560c3458002,2026/06/11 19:13:57,69.424,24301555,100711249,HOME,Bihar,
,,,,,917301042183,917301042183,2409:40e4:1103:59d5:e0ce:3cff:fee1:f5f7,39110,,,2001:4860:4802:36::223,443,Dynamic,18:57:58,19:27:58,2026/06/11,2026/06/11,866726066636401,405856151004844,2405:0200:5213:2A:3903:220:2:6,Jionet,4058560c3458002,4058560c3458002,2026/06/11 19:13:57,69.424,20786,37305,HOME,Bihar,
,,,,,917301042183,917301042183,2409:40e4:1103:59d5:e0ce:3cff:fee1:f5f7,41808,,,2001:4860:4802:32::223,443,Dynamic,18:57:58,19:27:58,2026/06/11,2026/06/11,866726066636401,405856151004844,2405:0200:5213:2A:3903:220:2:6,Jionet,4058560c3458002,4058560c3458002,2026/06/11 19:13:26,76.276,24301555,100711249,HOME,Bihar,
,,,,,917301042183,917301042183,2409:40e4:1103:59d5:e0ce:3cff:fee1:f5f7,41808,,,2001:4860:4802:32::223,443,Dynamic,18:57:58,19:27:58,2026/06/11,2026/06/11,866726066636401,405856151004844,2405:0200:5213:2A:3903:220:2:6,Jionet,4058560c3458002,4058560c3458002,2026/06/11 19:13:26,76.276,20786,37305,HOME,Bihar,
,,,,,917301042183,917301042183,2409:40e4:1103:59d5:e0ce:3cff:fee1:f5f7,46766,,,2a03:2880:f346:90:face:b00c:0:8e,443,Dynamic,18:57:58,19:27:58,2026/06/11,2026/06/11,866726066636401,405856151004844,2405:0200:5213:2A:3903:220:2:6,Jionet,4058560c3458002,4058560c3458002,2026/06/11 19:14:46,10.683,24301555,100711249,HOME,Bihar,
,,,,,917301042183,917301042183,2409:40e4:1103:59d5:e0ce:3cff:fee1:f5f7,46766,,,2a03:2880:f346:90:face:b00c:0:8e,443,Dynamic,18:57:58,19:27:58,2026/06/11,2026/06/11,866726066636401,405856151004844,2405:0200:5213:2A:3903:220:2:6,Jionet,4058560c3458002,4058560c3458002,2026/06/11 19:14:46,10.683,20786,37305,HOME,Bihar,
,,,,,917301042183,917301042183,2409:40e4:1103:59d5:e0ce:3cff:fee1:f5f7,42178,,,2001:4860:4802:36::223,443,Dynamic,18:57:58,19:27:58,2026/06/11,2026/06/11,866726066636401,405856151004844,2405:0200:5213:2A:3903:220:2:6,Jionet,4058560c3458002,4058560c3458002,2026/06/11 19:14:20,11.386,24301555,100711249,HOME,Bihar,
,,,,,917301042183,917301042183,2409:40e4:1103:59d5:e0ce:3cff:fee1:f5f7,42178,,,2001:4860:4802:36::223,443,Dynamic,18:57:58,19:27:58,2026/06/11,2026/06/11,866726066636401,405856151004844,2405:0200:5213:2A:3903:220:2:6,Jionet,4058560c3458002,4058560c3458002,2026/06/11 19:14:20,11.386,20786,37305,HOME,Bihar,
,,,,,917301042183,917301042183,2409:40e4:1103:59d5:e0ce:3cff:fee1:f5f7,37628,,,2001:4860:4802:36::223,443,Dynamic,18:57:58,19:27:58,2026/06/11,2026/06/11,866726066636401,405856151004844,2405:0200:5213:2A:3903:220:2:6,Jionet,4058560c3458002,4058560c3458002,2026/06/11 19:14:46,11.457,24301555,100711249,HOME,Bihar,
,,,,,917301042183,917301042183,2409:40e4:1103:59d5:e0ce:3cff:fee1:f5f7,37628,,,2001:4860:4802:36::223,443,Dynamic,18:57:58,19:27:58,2026/06/11,2026/06/11,866726066636401,405856151004844,2405:0200:5213:2A:3903:220:2:6,Jionet,4058560c3458002,4058560c3458002,2026/06/11 19:14:46,11.457,20786,37305,HOME,Bihar,
,,,,,917301042183,917301042183,2409:40e4:1103:59d5:e0ce:3cff:fee1:f5f7,48490,,,2001:4860:4802:36::223,443,Dynamic,18:57:58,19:27:58,2026/06/11,2026/06/11,866726066636401,405856151004844,2405:0200:5213:2A:3903:220:2:6,Jionet,4058560c3458002,4058560c3458002,2026/06/11 19:13:25,74.704,24301555,100711249,HOME,Bihar,
,,,,,917301042183,917301042183,2409:40e4:1103:59d5:e0ce:3cff:fee1:f5f7,48490,,,2001:4860:4802:36::223,443,Dynamic,18:57:58,19:27:58,2026/06/11,2026/06/11,866726066636401,405856151004844,2405:0200:5213:2A:3903:220:2:6,Jionet,4058560c3458002,4058560c3458002,2026/06/11 19:13:25,74.704,20786,37305,HOME,Bihar,
,,,,,917301042183,917301042183,2409:40e4:1103:59d5:e0ce:3cff:fee1:f5f7,41284,,,2405:200:1630:a0a::312c:c353,443,Dynamic,18:57:58,19:27:58,2026/06/11,2026/06/11,866726066636401,405856151004844,2405:0200:5213:2A:3903:220:2:6,Jionet,4058560c3458002,4058560c3458002,2026/06/11 19:14:46,11.22,24301555,100711249,HOME,Bihar,
,,,,,917301042183,917301042183,2409:40e4:1103:59d5:e0ce:3cff:fee1:f5f7,41284,,,2405:200:1630:a0a::312c:c353,443,Dynamic,18:57:58,19:27:58,2026/06/11,2026/06/11,866726066636401,405856151004844,2405:0200:5213:2A:3903:220:2:6,Jionet,4058560c3458002,4058560c3458002,2026/06/11 19:14:46,11.22,20786,37305,HOME,Bihar,
,,,,,917301042183,917301042183,2409:40e4:1103:59d5:e0ce:3cff:fee1:f5f7,42166,,,2001:4860:4802:36::223,443,Dynamic,18:57:58,19:27:58,2026/06/11,2026/06/11,866726066636401,405856151004844,2405:0200:5213:2A:3903:220:2:6,Jionet,4058560c3458002,4058560c3458002,2026/06/11 19:14:19,76.41,24301555,100711249,HOME,Bihar,
,,,,,917301042183,917301042183,2409:40e4:1103:59d5:e0ce:3cff:fee1:f5f7,42166,,,2001:4860:4802:36::223,443,Dynamic,18:57:58,19:27:58,2026/06/11,2026/06/11,866726066636401,405856151004844,2405:0200:5213:2A:3903:220:2:6,Jionet,4058560c3458002,4058560c3458002,2026/06/11 19:14:19,76.41,20786,37305,HOME,Bihar,
,,,,,917301042183,917301042183,2409:40e4:1103:59d5:e0ce:3cff:fee1:f5f7,46324,,,2405:200:1630:b79:face:b00c:3333:a3f,443,Dynamic,18:57:58,19:27:58,2026/06/11,2026/06/11,866726066636401,405856151004844,2405:0200:5213:2A:3903:220:2:6,Jionet,4058560c3458002,4058560c3458002,2026/06/11 19:14:47,11.036,24301555,100711249,HOME,Bihar,
,,,,,917301042183,917301042183,2409:40e4:1103:59d5:e0ce:3cff:fee1:f5f7,46324,,,2405:200:1630:b79:face:b00c:3333:a3f,443,Dynamic,18:57:58,19:27:58,2026/06/11,2026/06/11,866726066636401,405856151004844,2405:0200:5213:2A:3903:220:2:6,Jionet,4058560c3458002,4058560c3458002,2026/06/11 19:14:47,11.036,20786,37305,HOME,Bihar,
,,,,,917301042183,917301042183,2409:40e4:1103:59d5:e0ce:3cff:fee1:f5f7,38411,,,2404:6800:4000:101f::64,443,Dynamic,18:57:58,19:27:58,2026/06/11,2026/06/11,866726066636401,405856151004844,2405:0200:5213:2A:3903:220:2:6,Jionet,4058560c3458002,4058560c3458002,2026/06/11 19:14:20,91.159,24301555,100711249,HOME,Bihar,
,,,,,917301042183,917301042183,2409:40e4:1103:59d5:e0ce:3cff:fee1:f5f7,38411,,,2404:6800:4000:101f::64,443,Dynamic,18:57:58,19:27:58,2026/06/11,2026/06/11,866726066636401,405856151004844,2405:0200:5213:2A:3903:220:2:6,Jionet,4058560c3458002,4058560c3458002,2026/06/11 19:14:20,91.159,20786,37305,HOME,Bihar,
,,,,,917301042183,917301042183,2409:40e4:1103:59d5:e0ce:3cff:fee1:f5f7,42916,,,2001:4860:4802:38::223,443,Dynamic,18:57:58,19:27:58,2026/06/11,2026/06/11,866726066636401,405856151004844,2405:0200:5213:2A:3903:220:2:6,Jionet,4058560c3458002,4058560c3458002,2026/06/11 19:13:24,119.485,24301555,100711249,HOME,Bihar,
,,,,,917301042183,917301042183,2409:40e4:1103:59d5:e0ce:3cff:fee1:f5f7,42916,,,2001:4860:4802:38::223,443,Dynamic,18:57:58,19:27:58,2026/06/11,2026/06/11,866726066636401,405856151004844,2405:0200:5213:2A:3903:220:2:6,Jionet,4058560c3458002,4058560c3458002,2026/06/11 19:13:24,119.485,20786,37305,HOME,Bihar,
,,,,,917301042183,917301042183,2409:40e4:1103:59d5:e0ce:3cff:fee1:f5f7,37644,,,2001:4860:4802:36::223,443,Dynamic,18:57:58,19:27:58,2026/06/11,2026/06/11,866726066636401,405856151004844,2405:0200:5213:2A:3903:220:2:6,Jionet,4058560c3458002,4058560c3458002,2026/06/11 19:14:46,37.14,24301555,100711249,HOME,Bihar,
,,,,,917301042183,917301042183,2409:40e4:1103:59d5:e0ce:3cff:fee1:f5f7,37644,,,2001:4860:4802:36::223,443,Dynamic,18:57:58,19:27:58,2026/06/11,2026/06/11,866726066636401,405856151004844,2405:0200:5213:2A:3903:220:2:6,Jionet,4058560c3458002,4058560c3458002,2026/06/11 19:14:46,37.14,20786,37305,HOME,Bihar,
,,,,,917301042183,917301042183,2409:40e4:1103:59d5:e0ce:3cff:fee1:f5f7,40662,,,2001:4860:4802:36::9e,443,Dynamic,18:57:58,19:27:58,2026/06/11,2026/06/11,866726066636401,405856151004844,2405:0200:5213:2A:3903:220:2:6,Jionet,4058560c3458002,4058560c3458002,2026/06/11 19:13:43,94.952,24301555,100711249,HOME,Bihar,
,,,,,917301042183,917301042183,2409:40e4:1103:59d5:e0ce:3cff:fee1:f5f7,40662,,,2001:4860:4802:36::9e,443,Dynamic,18:57:58,19:27:58,2026/06/11,2026/06/11,866726066636401,405856151004844,2405:0200:5213:2A:3903:220:2:6,Jionet,4058560c3458002,4058560c3458002,2026/06/11 19:13:43,94.952,20786,37305,HOME,Bihar,
,,,,,917301042183,917301042183,2409:40e4:1103:59d5:e0ce:3cff:fee1:f5f7,42734,,,2404:6800:4000:101f::64,443,Dynamic,18:57:58,19:27:58,2026/06/11,2026/06/11,866726066636401,405856151004844,2405:0200:5213:2A:3903:220:2:6,Jionet,4058560c3458002,4058560c3458002,2026/06/11 19:14:46,37.856,24301555,100711249,HOME,Bihar,
,,,,,917301042183,917301042183,2409:40e4:1103:59d5:e0ce:3cff:fee1:f5f7,42734,,,2404:6800:4000:101f::64,443,Dynamic,18:57:58,19:27:58,2026/06/11,2026/06/11,866726066636401,405856151004844,2405:0200:5213:2A:3903:220:2:6,Jionet,4058560c3458002,4058560c3458002,2026/06/11 19:14:46,37.856,20786,37305,HOME,Bihar,
,,,,,917301042183,917301042183,2409:40e4:1103:59d5:e0ce:3cff:fee1:f5f7,41444,,,2404:6800:4000:101f::64,443,Dynamic,18:57:58,19:27:58,2026/06/11,2026/06/11,866726066636401,405856151004844,2405:0200:5213:2A:3903:220:2:6,Jionet,4058560c3458002,4058560c3458002,2026/06/11 19:14:20,63.392,24301555,100711249,HOME,Bihar,
,,,,,917301042183,917301042183,2409:40e4:1103:59d5:e0ce:3cff:fee1:f5f7,41444,,,2404:6800:4000:101f::64,443,Dynamic,18:57:58,19:27:58,2026/06/11,2026/06/11,866726066636401,405856151004844,2405:0200:5213:2A:3903:220:2:6,Jionet,4058560c3458002,4058560c3458002,2026/06/11 19:14:20,63.392,20786,37305,HOME,Bihar,
,,,,,917301042183,917301042183,2409:40e4:1103:59d5:e0ce:3cff:fee1:f5f7,37528,,,2001:4860:4802:36::223,443,Dynamic,18:57:58,19:27:58,2026/06/11,2026/06/11,866726066636401,405856151004844,2405:0200:5213:2A:3903:220:2:6,Jionet,4058560c3458002,4058560c3458002,2026/06/11 19:15:16,11.34,24301555,100711249,HOME,Bihar,
,,,,,917301042183,917301042183,2409:40e4:1103:59d5:e0ce:3cff:fee1:f5f7,37528,,,2001:4860:4802:36::223,443,Dynamic,18:57:58,19:27:58,2026/06/11,2026/06/11,866726066636401,405856151004844,2405:0200:5213:2A:3903:220:2:6,Jionet,4058560c3458002,4058560c3458002,2026/06/11 19:15:16,11.34,20786,37305,HOME,Bihar,
,,,,,917301042183,917301042183,2409:40e4:1103:59d5:e0ce:3cff:fee1:f5f7,41440,,,2404:6800:4000:101f::64,443,Dynamic,18:57:58,19:27:58,2026/06/11,2026/06/11,866726066636401,405856151004844,2405:0200:5213:2A:3903:220:2:6,Jionet,4058560c3458002,4058560c3458002,2026/06/11 19:14:20,63.54,24301555,100711249,HOME,Bihar,
,,,,,917301042183,917301042183,2409:40e4:1103:59d5:e0ce:3cff:fee1:f5f7,41440,,,2404:6800:4000:101f::64,443,Dynamic,18:57:58,19:27:58,2026/06/11,2026/06/11,866726066636401,405856151004844,2405:0200:5213:2A:3903:220:2:6,Jionet,4058560c3458002,4058560c3458002,2026/06/11 19:14:20,63.54,20786,37305,HOME,Bihar,
,,,,,917301042183,917301042183,2409:40e4:1103:59d5:e0ce:3cff:fee1:f5f7,43906,,,2a03:2880:f311:8d:face:b00c:0:2,443,Dynamic,18:57:58,19:27:58,2026/06/11,2026/06/11,866726066636401,405856151004844,2405:0200:5213:2A:3903:220:2:6,Jionet,4058560c3458002,4058560c3458002,2026/06/11 19:23:45,119.613,24301555,100711249,HOME,Bihar,
,,,,,917301042183,917301042183,2409:40e4:1103:59d5:e0ce:3cff:fee1:f5f7,43906,,,2a03:2880:f311:8d:face:b00c:0:2,443,Dynamic,18:57:58,19:27:58,2026/06/11,2026/06/11,866726066636401,405856151004844,2405:0200:5213:2A:3903:220:2:6,Jionet,4058560c3458002,4058560c3458002,2026/06/11 19:23:45,119.613,20786,37305,HOME,Bihar,
,,,,,917301042183,917301042183,2409:40e4:1103:59d5:e0ce:3cff:fee1:f5f7,37352,,,2a03:2880:f346:3:face:b00c:0:4c63,443,Dynamic,18:57:58,19:27:58,2026/06/11,2026/06/11,866726066636401,405856151004844,2405:0200:5213:2A:3903:220:2:6,Jionet,4058560c3458002,4058560c3458002,2026/06/11 19:20:38,217.001,24301555,100711249,HOME,Bihar,
,,,,,917301042183,917301042183,2409:40e4:1103:59d5:e0ce:3cff:fee1:f5f7,37352,,,2a03:2880:f346:3:face:b00c:0:4c63,443,Dynamic,18:57:58,19:27:58,2026/06/11,2026/06/11,866726066636401,405856151004844,2405:0200:5213:2A:3903:220:2:6,Jionet,4058560c3458002,4058560c3458002,2026/06/11 19:20:38,217.001,20786,37305,HOME,Bihar,
,,,,,917301042183,917301042183,2409:40e4:1103:59d5:e0ce:3cff:fee1:f5f7,46576,,,2a03:2880:f346:8d:face:b00c:0:2,443,Dynamic,18:57:58,19:27:58,2026/06/11,2026/06/11,866726066636401,405856151004844,2405:0200:5213:2A:3903:220:2:6,Jionet,4058560c3458002,4058560c3458002,2026/06/11 19:25:35,2.612,24301555,100711249,HOME,Bihar,
,,,,,917301042183,917301042183,2409:40e4:1103:59d5:e0ce:3cff:fee1:f5f7,46576,,,2a03:2880:f346:8d:face:b00c:0:2,443,Dynamic,18:57:58,19:27:58,2026/06/11,2026/06/11,866726066636401,405856151004844,2405:0200:5213:2A:3903:220:2:6,Jionet,4058560c3458002,4058560c3458002,2026/06/11 19:25:35,2.612,20786,37305,HOME,Bihar,
,,,,,917301042183,917301042183,2409:40e4:1103:59d5:e0ce:3cff:fee1:f5f7,41644,,,2001:4860:4802:38::223,443,Dynamic,18:57:58,19:27:58,2026/06/11,2026/06/11,866726066636401,405856151004844,2405:0200:5213:2A:3903:220:2:6,Jionet,4058560c3458002,4058560c3458002,2026/06/11 19:23:27,121.928,24301555,100711249,HOME,Bihar,
,,,,,917301042183,917301042183,2409:40e4:1103:59d5:e0ce:3cff:fee1:f5f7,41644,,,2001:4860:4802:38::223,443,Dynamic,18:57:58,19:27:58,2026/06/11,2026/06/11,866726066636401,405856151004844,2405:0200:5213:2A:3903:220:2:6,Jionet,4058560c3458002,4058560c3458002,2026/06/11 19:23:27,121.928,20786,37305,HOME,Bihar,
,,,,,917301042183,917301042183,2409:40e4:1103:59d5:e0ce:3cff:fee1:f5f7,47509,,,2a03:2880:f347:136:face:b00c:0:b1,3478,Dynamic,18:57:58,19:27:58,2026/06/11,2026/06/11,866726066636401,405856151004844,2405:0200:5213:2A:3903:220:2:6,Jionet,4058560c3458002,4058560c3458002,2026/06/11 19:23:04,114.22,24301555,100711249,HOME,Bihar,
,,,,,917301042183,917301042183,2409:40e4:1103:59d5:e0ce:3cff:fee1:f5f7,47509,,,2a03:2880:f347:136:face:b00c:0:b1,3478,Dynamic,18:57:58,19:27:58,2026/06/11,2026/06/11,866726066636401,405856151004844,2405:0200:5213:2A:3903:220:2:6,Jionet,4058560c3458002,4058560c3458002,2026/06/11 19:23:04,114.22,20786,37305,HOME,Bihar,
,,,,,917301042183,917301042183,2409:40e4:1103:59d5:e0ce:3cff:fee1:f5f7,47458,,,2404:6800:4003:c20::bc,5228,Dynamic,18:57:58,19:27:58,2026/06/11,2026/06/11,866726066636401,405856151004844,2405:0200:5213:2A:3903:220:2:6,Jionet,4058560c3458002,4058560c3458002,2026/06/11 19:23:21,114.301,24301555,100711249,HOME,Bihar,
,,,,,917301042183,917301042183,2409:40e4:1103:59d5:e0ce:3cff:fee1:f5f7,47458,,,2404:6800:4003:c20::bc,5228,Dynamic,18:57:58,19:27:58,2026/06/11,2026/06/11,866726066636401,405856151004844,2405:0200:5213:2A:3903:220:2:6,Jionet,4058560c3458002,4058560c3458002,2026/06/11 19:23:21,114.301,20786,37305,HOME,Bihar,
,,,,,917301042183,917301042183,2409:40e4:1103:59d5:e0ce:3cff:fee1:f5f7,47445,,,2409:40e5:1137:341c:8000::,50522,Dynamic,18:57:58,19:27:58,2026/06/11,2026/06/11,866726066636401,405856151004844,2405:0200:5213:2A:3903:220:2:6,Jionet,4058560c3458002,4058560c3458002,2026/06/11 19:18:48,322.275,24301555,100711249,HOME,Bihar,
,,,,,917301042183,917301042183,2409:40e4:1103:59d5:e0ce:3cff:fee1:f5f7,47445,,,2409:40e5:1137:341c:8000::,50522,Dynamic,18:57:58,19:27:58,2026/06/11,2026/06/11,866726066636401,405856151004844,2405:0200:5213:2A:3903:220:2:6,Jionet,4058560c3458002,4058560c3458002,2026/06/11 19:18:48,322.275,20786,37305,HOME,Bihar,
,,,,,917301042183,917301042183,2409:40e4:1103:59d5:e0ce:3cff:fee1:f5f7,47509,,,2a03:2880:f368:136:face:b00c:0:b1,3478,Dynamic,18:57:58,19:27:58,2026/06/11,2026/06/11,866726066636401,405856151004844,2405:0200:5213:2A:3903:220:2:6,Jionet,4058560c3458002,4058560c3458002,2026/06/11 19:23:04,135.229,24301555,100711249,HOME,Bihar,
,,,,,917301042183,917301042183,2409:40e4:1103:59d5:e0ce:3cff:fee1:f5f7,47509,,,2a03:2880:f368:136:face:b00c:0:b1,3478,Dynamic,18:57:58,19:27:58,2026/06/11,2026/06/11,866726066636401,405856151004844,2405:0200:5213:2A:3903:220:2:6,Jionet,4058560c3458002,4058560c3458002,2026/06/11 19:23:04,135.229,20786,37305,HOME,Bihar,
,,,,,917301042183,917301042183,2409:40e4:1103:59d5:e0ce:3cff:fee1:f5f7,47509,,,2a03:2880:f379:136:face:b00c:0:b1,3478,Dynamic,18:57:58,19:27:58,2026/06/11,2026/06/11,866726066636401,405856151004844,2405:0200:5213:2A:3903:220:2:6,Jionet,4058560c3458002,4058560c3458002,2026/06/11 19:23:04,98.548,24301555,100711249,HOME,Bihar,
,,,,,917301042183,917301042183,2409:40e4:1103:59d5:e0ce:3cff:fee1:f5f7,47509,,,2a03:2880:f379:136:face:b00c:0:b1,3478,Dynamic,18:57:58,19:27:58,2026/06/11,2026/06/11,866726066636401,405856151004844,2405:0200:5213:2A:3903:220:2:6,Jionet,4058560c3458002,4058560c3458002,2026/06/11 19:23:04,98.548,20786,37305,HOME,Bihar,
,,,,,917301042183,917301042183,2409:40e4:1103:59d5:e0ce:3cff:fee1:f5f7,41636,,,2001:4860:4802:38::223,443,Dynamic,18:57:58,19:27:58,2026/06/11,2026/06/11,866726066636401,405856151004844,2405:0200:5213:2A:3903:220:2:6,Jionet,4058560c3458002,4058560c3458002,2026/06/11 19:23:26,122.276,24301555,100711249,HOME,Bihar,
,,,,,917301042183,917301042183,2409:40e4:1103:59d5:e0ce:3cff:fee1:f5f7,41636,,,2001:4860:4802:38::223,443,Dynamic,18:57:58,19:27:58,2026/06/11,2026/06/11,866726066636401,405856151004844,2405:0200:5213:2A:3903:220:2:6,Jionet,4058560c3458002,4058560c3458002,2026/06/11 19:23:26,122.276,20786,37305,HOME,Bihar,
,,,,,917301042183,917301042183,2409:40e4:1103:59d5:e0ce:3cff:fee1:f5f7,47587,,,2404:6800:4000:100c::9d,443,Dynamic,18:57:58,19:27:58,2026/06/11,2026/06/11,866726066636401,405856151004844,2405:0200:5213:2A:3903:220:2:6,Jionet,4058560c3458002,4058560c3458002,2026/06/11 19:23:26,123.308,24301555,100711249,HOME,Bihar,
,,,,,917301042183,917301042183,2409:40e4:1103:59d5:e0ce:3cff:fee1:f5f7,47587,,,2404:6800:4000:100c::9d,443,Dynamic,18:57:58,19:27:58,2026/06/11,2026/06/11,866726066636401,405856151004844,2405:0200:5213:2A:3903:220:2:6,Jionet,4058560c3458002,4058560c3458002,2026/06/11 19:23:26,123.308,20786,37305,HOME,Bihar,
,,,,,917301042183,917301042183,2409:40e4:1103:59d5:e0ce:3cff:fee1:f5f7,40792,,,2a03:2880:f311:8d:face:b00c:0:2,443,Dynamic,19:32:11,20:02:11,2026/06/11,2026/06/11,866726066636401,405856151004844,2405:0200:5213:2A:3903:220:2:6,Jionet,405856044a323,405856044a323,2026/06/11 19:40:08,11.56,123355877,133715544,HOME,Bihar,
,,,,,917301042183,917301042183,2409:40e4:1103:59d5:e0ce:3cff:fee1:f5f7,40792,,,2a03:2880:f311:8d:face:b00c:0:2,443,Dynamic,19:32:11,20:02:11,2026/06/11,2026/06/11,866726066636401,405856151004844,2405:0200:5213:2A:3903:220:2:6,Jionet,405856044a323,405856044a323,2026/06/11 19:40:08,11.56,24520,41344,HOME,Bihar,
,,,,,917301042183,917301042183,2409:40e4:1103:59d5:e0ce:3cff:fee1:f5f7,37352,,,2a03:2880:f346:3:face:b00c:0:4c63,443,Dynamic,19:32:11,20:02:11,2026/06/11,2026/06/11,866726066636401,405856151004844,2405:0200:5213:2A:3903:220:2:6,Jionet,405856044a323,405856044a323,2026/06/11 19:36:39,216.073,123355877,133715544,HOME,Bihar,
,,,,,917301042183,917301042183,2409:40e4:1103:59d5:e0ce:3cff:fee1:f5f7,37352,,,2a03:2880:f346:3:face:b00c:0:4c63,443,Dynamic,19:32:11,20:02:11,2026/06/11,2026/06/11,866726066636401,405856151004844,2405:0200:5213:2A:3903:220:2:6,Jionet,405856044a323,405856044a323,2026/06/11 19:36:39,216.073,24520,41344,HOME,Bihar,
