Name of Person/Organization,Address,Contact No.,Alternate Contact No.,E-mail Address,Landline/MSISDN/MDN/Leased Circuit ID for Internet Access,User Id for internet Access based on authentication,Source IP Address,Source Port,Translated IP Address,Translated Port,Destination IP Address,Destination Port,Static/Dynamic IP Address Allocation,IST Start Time of Public IP address allocation (hh:mm:ss),IST End Time of Public IP address allocation (hh:mm:ss),Start Date of Public IP Address allocation (dd/mm/yyyy),End Date of Public IP address allocation (dd/mm/yyyy),Source MAC-ID Address/Other device Identification number,IMSI,PGW IP address,Access Point Name,First CELL ID,Last CELL ID,TIME1 (dd/MM/yyyy HH:mm:ss),Session Duration (Seconds),Data Volume Up Link,Data Volume Down Link,Roaming Circle Indicator,Roaming Circle,SIM Type
,,,,,917301042183,917301042183,2409:40e4:1103:59d5:e0ce:3cff:fee1:f5f7,40938,,,2405:200:1607:2820:41::36,443,Dynamic,20:47:47,21:00:44,2026/06/11,2026/06/11,866726066636401,405856151004844,2405:0200:5213:2A:3903:220:2:6,Jionet,4058560c3478002,4058560139324,2026/06/11 20:59:01,107.424,1170045,1304921,HOME,Bihar,
,,,,,917301042183,917301042183,2409:40e4:1103:59d5:e0ce:3cff:fee1:f5f7,44906,,,2a04:4e42:400::411,443,Dynamic,20:47:47,21:00:44,2026/06/11,2026/06/11,866726066636401,405856151004844,2405:0200:5213:2A:3903:220:2:6,Jionet,4058560c3478002,4058560139324,2026/06/11 20:59:01,162.844,1170045,1304921,HOME,Bihar,
,,,,,917301042183,917301042183,2409:40e4:1103:59d5:e0ce:3cff:fee1:f5f7,42766,,,2600:1901:0:8956::,443,Dynamic,20:47:47,21:00:44,2026/06/11,2026/06/11,866726066636401,405856151004844,2405:0200:5213:2A:3903:220:2:6,Jionet,4058560c3478002,4058560139324,2026/06/11 20:59:29,36.523,1170045,1304921,HOME,Bihar,
,,,,,917301042183,917301042183,2409:40e4:1103:59d5:e0ce:3cff:fee1:f5f7,37386,,,2606:4700:99e2:98e3:bd59:c1c:895:a7f2,443,Dynamic,20:47:47,21:00:44,2026/06/11,2026/06/11,866726066636401,405856151004844,2405:0200:5213:2A:3903:220:2:6,Jionet,4058560c3478002,4058560139324,2026/06/11 20:59:01,173.765,1170045,1304921,HOME,Bihar,
,,,,,917301042183,917301042183,2409:40e4:1103:59d5:e0ce:3cff:fee1:f5f7,45868,,,2404:6800:4009:80e::2002,443,Dynamic,20:47:47,21:00:44,2026/06/11,2026/06/11,866726066636401,405856151004844,2405:0200:5213:2A:3903:220:2:6,Jionet,4058560c3478002,4058560139324,2026/06/11 20:57:22,162.715,1170045,1304921,HOME,Bihar,
,,,,,917301042183,917301042183,2409:40e4:1103:59d5:e0ce:3cff:fee1:f5f7,46184,,,2405:200:1607:2820:41::36,443,Dynamic,20:47:47,21:00:44,2026/06/11,2026/06/11,866726066636401,405856151004844,2405:0200:5213:2A:3903:220:2:6,Jionet,4058560c3478002,4058560139324,2026/06/11 20:59:40,82.598,1170045,1304921,HOME,Bihar,
,,,,,917301042183,917301042183,2409:40e4:1103:59d5:e0ce:3cff:fee1:f5f7,48785,,,2001:4860:4802:36::223,443,Dynamic,20:47:47,21:00:44,2026/06/11,2026/06/11,866726066636401,405856151004844,2405:0200:5213:2A:3903:220:2:6,Jionet,4058560c3478002,4058560139324,2026/06/11 20:58:59,70.853,1170045,1304921,HOME,Bihar,
,,,,,917301042183,917301042183,2409:40e4:1103:59d5:e0ce:3cff:fee1:f5f7,37352,,,2a03:2880:f346:3:face:b00c:0:4c63,443,Dynamic,20:47:47,21:00:44,2026/06/11,2026/06/11,866726066636401,405856151004844,2405:0200:5213:2A:3903:220:2:6,Jionet,4058560c3478002,4058560139324,2026/06/11 20:59:05,129.535,1170045,1304921,HOME,Bihar,
,,,,,917301042183,917301042183,2409:40e4:1103:59d5:e0ce:3cff:fee1:f5f7,42764,,,2600:1901:0:8956::,443,Dynamic,20:47:47,21:00:44,2026/06/11,2026/06/11,866726066636401,405856151004844,2405:0200:5213:2A:3903:220:2:6,Jionet,4058560c3478002,4058560139324,2026/06/11 20:59:29,36.874,1170045,1304921,HOME,Bihar,
,,,,,917301042183,917301042183,2409:40e4:1103:59d5:e0ce:3cff:fee1:f5f7,41110,,,2405:200:1607:2820:41::36,443,Dynamic,20:47:47,21:00:44,2026/06/11,2026/06/11,866726066636401,405856151004844,2405:0200:5213:2A:3903:220:2:6,Jionet,4058560c3478002,4058560139324,2026/06/11 20:59:22,123.345,1170045,1304921,HOME,Bihar,
,,,,,917301042183,917301042183,2409:40e4:1103:59d5:e0ce:3cff:fee1:f5f7,48202,,,2404:6800:4000:1006::9b,443,Dynamic,20:47:47,21:00:44,2026/06/11,2026/06/11,866726066636401,405856151004844,2405:0200:5213:2A:3903:220:2:6,Jionet,4058560c3478002,4058560139324,2026/06/11 20:57:22,166.665,1170045,1304921,HOME,Bihar,
,,,,,917301042183,917301042183,2409:40e4:1103:59d5:e0ce:3cff:fee1:f5f7,48024,,,2001:4860:4802:36::223,443,Dynamic,20:47:47,21:00:44,2026/06/11,2026/06/11,866726066636401,405856151004844,2405:0200:5213:2A:3903:220:2:6,Jionet,4058560c3478002,4058560139324,2026/06/11 20:59:30,105.975,1170045,1304921,HOME,Bihar,
,,,,,917301042183,917301042183,2409:40e4:1103:59d5:e0ce:3cff:fee1:f5f7,45146,,,2404:6800:4009:80b::2002,443,Dynamic,20:47:47,21:00:44,2026/06/11,2026/06/11,866726066636401,405856151004844,2405:0200:5213:2A:3903:220:2:6,Jionet,4058560c3478002,4058560139324,2026/06/11 20:59:56,11.96,1170045,1304921,HOME,Bihar,
,,,,,917301042183,917301042183,2409:40e4:1103:59d5:e0ce:3cff:fee1:f5f7,46828,,,2606:4700:3036::ac43:97bb,443,Dynamic,20:47:47,21:00:44,2026/06/11,2026/06/11,866726066636401,405856151004844,2405:0200:5213:2A:3903:220:2:6,Jionet,4058560c3478002,4058560139324,2026/06/11 20:58:59,76.747,1170045,1304921,HOME,Bihar,
,,,,,917301042183,917301042183,2409:40e4:1103:59d5:e0ce:3cff:fee1:f5f7,46460,,,2606:4700:99e2:e632:f4d9:c1c:6811:180e,443,Dynamic,20:47:47,21:00:44,2026/06/11,2026/06/11,866726066636401,405856151004844,2405:0200:5213:2A:3903:220:2:6,Jionet,4058560c3478002,4058560139324,2026/06/11 20:59:01,71.134,1170045,1304921,HOME,Bihar,
,,,,,917301042183,917301042183,2409:40e4:1103:59d5:e0ce:3cff:fee1:f5f7,49700,,,2001:67c:4e8:f002::a,443,Dynamic,20:02:11,20:24:51,2026/06/11,2026/06/11,866726066636401,405856151004844,2405:0200:5213:2A:3903:220:2:6,Jionet,405856044a323,4058560c345c000,2026/06/11 20:02:40,12.941,18757320,21412176,HOME,Bihar,
,,,,,917301042183,917301042183,2409:40e4:1103:59d5:e0ce:3cff:fee1:f5f7,48256,,,2001:4860:4802:32::223,443,Dynamic,19:32:11,20:02:11,2026/06/11,2026/06/11,866726066636401,405856151004844,2405:0200:5213:2A:3903:220:2:6,Jionet,405856044a323,405856044a323,2026/06/11 20:00:45,111.316,123355877,133715544,HOME,Bihar,
,,,,,917301042183,917301042183,2409:40e4:1103:59d5:e0ce:3cff:fee1:f5f7,48256,,,2001:4860:4802:32::223,443,Dynamic,19:32:11,20:02:11,2026/06/11,2026/06/11,866726066636401,405856151004844,2405:0200:5213:2A:3903:220:2:6,Jionet,405856044a323,405856044a323,2026/06/11 20:00:45,111.316,24520,41344,HOME,Bihar,
,,,,,917301042183,917301042183,2409:40e4:1103:59d5:e0ce:3cff:fee1:f5f7,49694,,,2001:67c:4e8:f002::a,443,Dynamic,20:02:11,20:24:51,2026/06/11,2026/06/11,866726066636401,405856151004844,2405:0200:5213:2A:3903:220:2:6,Jionet,405856044a323,4058560c345c000,2026/06/11 20:02:39,12.868,18757320,21412176,HOME,Bihar,
,,,,,917301042183,917301042183,2409:40e4:1103:59d5:e0ce:3cff:fee1:f5f7,47864,,,2001:4860:4802:38::223,443,Dynamic,19:32:11,20:02:11,2026/06/11,2026/06/11,866726066636401,405856151004844,2405:0200:5213:2A:3903:220:2:6,Jionet,405856044a323,405856044a323,2026/06/11 20:00:50,107.548,123355877,133715544,HOME,Bihar,
,,,,,917301042183,917301042183,2409:40e4:1103:59d5:e0ce:3cff:fee1:f5f7,47864,,,2001:4860:4802:38::223,443,Dynamic,19:32:11,20:02:11,2026/06/11,2026/06/11,866726066636401,405856151004844,2405:0200:5213:2A:3903:220:2:6,Jionet,405856044a323,405856044a323,2026/06/11 20:00:50,107.548,24520,41344,HOME,Bihar,
,,,,,917301042183,917301042183,2409:40e4:1103:59d5:e0ce:3cff:fee1:f5f7,49690,,,2001:67c:4e8:f002::a,443,Dynamic,20:02:11,20:24:51,2026/06/11,2026/06/11,866726066636401,405856151004844,2405:0200:5213:2A:3903:220:2:6,Jionet,405856044a323,4058560c345c000,2026/06/11 20:02:37,12.881,18757320,21412176,HOME,Bihar,
,,,,,917301042183,917301042183,2409:40e4:1103:59d5:e0ce:3cff:fee1:f5f7,37352,,,2a03:2880:f346:3:face:b00c:0:4c63,443,Dynamic,19:32:11,20:02:11,2026/06/11,2026/06/11,866726066636401,405856151004844,2405:0200:5213:2A:3903:220:2:6,Jionet,405856044a323,405856044a323,2026/06/11 20:01:40,94.983,123355877,133715544,HOME,Bihar,
,,,,,917301042183,917301042183,2409:40e4:1103:59d5:e0ce:3cff:fee1:f5f7,37352,,,2a03:2880:f346:3:face:b00c:0:4c63,443,Dynamic,19:32:11,20:02:11,2026/06/11,2026/06/11,866726066636401,405856151004844,2405:0200:5213:2A:3903:220:2:6,Jionet,405856044a323,405856044a323,2026/06/11 20:01:40,94.983,24520,41344,HOME,Bihar,
,,,,,917301042183,917301042183,2409:40e4:1103:59d5:e0ce:3cff:fee1:f5f7,39032,,,2001:67c:4e8:f002::a,443,Dynamic,19:32:11,20:02:11,2026/06/11,2026/06/11,866726066636401,405856151004844,2405:0200:5213:2A:3903:220:2:6,Jionet,405856044a323,405856044a323,2026/06/11 20:02:06,38.025,123355877,133715544,HOME,Bihar,
,,,,,917301042183,917301042183,2409:40e4:1103:59d5:e0ce:3cff:fee1:f5f7,39032,,,2001:67c:4e8:f002::a,443,Dynamic,19:32:11,20:02:11,2026/06/11,2026/06/11,866726066636401,405856151004844,2405:0200:5213:2A:3903:220:2:6,Jionet,405856044a323,405856044a323,2026/06/11 20:02:06,38.025,24520,41344,HOME,Bihar,
,,,,,917301042183,917301042183,2409:40e4:1103:59d5:e0ce:3cff:fee1:f5f7,44935,,,2401:4900:b57b:ff6:e4e5:abff:fe8d:2879,48987,Dynamic,19:32:11,20:02:11,2026/06/11,2026/06/11,866726066636401,405856151004844,2405:0200:5213:2A:3903:220:2:6,Jionet,405856044a323,405856044a323,2026/06/11 20:00:01,190.997,123355877,133715544,HOME,Bihar,
,,,,,917301042183,917301042183,2409:40e4:1103:59d5:e0ce:3cff:fee1:f5f7,44935,,,2401:4900:b57b:ff6:e4e5:abff:fe8d:2879,48987,Dynamic,19:32:11,20:02:11,2026/06/11,2026/06/11,866726066636401,405856151004844,2405:0200:5213:2A:3903:220:2:6,Jionet,405856044a323,405856044a323,2026/06/11 20:00:01,190.997,24520,41344,HOME,Bihar,
,,,,,917301042183,917301042183,2409:40e4:1103:59d5:e0ce:3cff:fee1:f5f7,48526,,,2001:67c:4e8:f002::a,443,Dynamic,19:32:11,20:02:11,2026/06/11,2026/06/11,866726066636401,405856151004844,2405:0200:5213:2A:3903:220:2:6,Jionet,405856044a323,405856044a323,2026/06/11 20:01:29,73.715,123355877,133715544,HOME,Bihar,
,,,,,917301042183,917301042183,2409:40e4:1103:59d5:e0ce:3cff:fee1:f5f7,48526,,,2001:67c:4e8:f002::a,443,Dynamic,19:32:11,20:02:11,2026/06/11,2026/06/11,866726066636401,405856151004844,2405:0200:5213:2A:3903:220:2:6,Jionet,405856044a323,405856044a323,2026/06/11 20:01:29,73.715,24520,41344,HOME,Bihar,
,,,,,917301042183,917301042183,2409:40e4:1103:59d5:e0ce:3cff:fee1:f5f7,44469,,,2a03:2880:f346:8d:face:b00c:0:2,443,Dynamic,19:32:11,20:02:11,2026/06/11,2026/06/11,866726066636401,405856151004844,2405:0200:5213:2A:3903:220:2:6,Jionet,405856044a323,405856044a323,2026/06/11 20:01:25,106.023,123355877,133715544,HOME,Bihar,
,,,,,917301042183,917301042183,2409:40e4:1103:59d5:e0ce:3cff:fee1:f5f7,44469,,,2a03:2880:f346:8d:face:b00c:0:2,443,Dynamic,19:32:11,20:02:11,2026/06/11,2026/06/11,866726066636401,405856151004844,2405:0200:5213:2A:3903:220:2:6,Jionet,405856044a323,405856044a323,2026/06/11 20:01:25,106.023,24520,41344,HOME,Bihar,
,,,,,917301042183,917301042183,2409:40e4:1103:59d5:e0ce:3cff:fee1:f5f7,47916,,,2001:b28:f23f:f005::a,443,Dynamic,19:32:11,20:02:11,2026/06/11,2026/06/11,866726066636401,405856151004844,2405:0200:5213:2A:3903:220:2:6,Jionet,405856044a323,405856044a323,2026/06/11 20:01:27,90.081,123355877,133715544,HOME,Bihar,
,,,,,917301042183,917301042183,2409:40e4:1103:59d5:e0ce:3cff:fee1:f5f7,47916,,,2001:b28:f23f:f005::a,443,Dynamic,19:32:11,20:02:11,2026/06/11,2026/06/11,866726066636401,405856151004844,2405:0200:5213:2A:3903:220:2:6,Jionet,405856044a323,405856044a323,2026/06/11 20:01:27,90.081,24520,41344,HOME,Bihar,
,,,,,917301042183,917301042183,2409:40e4:1103:59d5:e0ce:3cff:fee1:f5f7,42452,,,2001:67c:4e8:f002::a,443,Dynamic,19:32:11,20:02:11,2026/06/11,2026/06/11,866726066636401,405856151004844,2405:0200:5213:2A:3903:220:2:6,Jionet,405856044a323,405856044a323,2026/06/11 20:02:04,12.849,123355877,133715544,HOME,Bihar,
,,,,,917301042183,917301042183,2409:40e4:1103:59d5:e0ce:3cff:fee1:f5f7,42452,,,2001:67c:4e8:f002::a,443,Dynamic,19:32:11,20:02:11,2026/06/11,2026/06/11,866726066636401,405856151004844,2405:0200:5213:2A:3903:220:2:6,Jionet,405856044a323,405856044a323,2026/06/11 20:02:04,12.849,24520,41344,HOME,Bihar,
,,,,,917301042183,917301042183,2409:40e4:1103:59d5:e0ce:3cff:fee1:f5f7,43545,,,2a03:2880:f311:c0:face:b00c:0:43fe,443,Dynamic,19:32:11,20:02:11,2026/06/11,2026/06/11,866726066636401,405856151004844,2405:0200:5213:2A:3903:220:2:6,Jionet,405856044a323,405856044a323,2026/06/11 20:01:25,93.819,123355877,133715544,HOME,Bihar,
,,,,,917301042183,917301042183,2409:40e4:1103:59d5:e0ce:3cff:fee1:f5f7,43545,,,2a03:2880:f311:c0:face:b00c:0:43fe,443,Dynamic,19:32:11,20:02:11,2026/06/11,2026/06/11,866726066636401,405856151004844,2405:0200:5213:2A:3903:220:2:6,Jionet,405856044a323,405856044a323,2026/06/11 20:01:25,93.819,24520,41344,HOME,Bihar,
,,,,,917301042183,917301042183,2409:40e4:1103:59d5:e0ce:3cff:fee1:f5f7,49066,,,2001:67c:4e8:f002::a,443,Dynamic,19:32:11,20:02:11,2026/06/11,2026/06/11,866726066636401,405856151004844,2405:0200:5213:2A:3903:220:2:6,Jionet,405856044a323,405856044a323,2026/06/11 20:01:38,29.468,123355877,133715544,HOME,Bihar,
,,,,,917301042183,917301042183,2409:40e4:1103:59d5:e0ce:3cff:fee1:f5f7,49066,,,2001:67c:4e8:f002::a,443,Dynamic,19:32:11,20:02:11,2026/06/11,2026/06/11,866726066636401,405856151004844,2405:0200:5213:2A:3903:220:2:6,Jionet,405856044a323,405856044a323,2026/06/11 20:01:38,29.468,24520,41344,HOME,Bihar,
,,,,,917301042183,917301042183,2409:40e4:1103:59d5:e0ce:3cff:fee1:f5f7,38860,,,2001:67c:4e8:f002::a,443,Dynamic,20:02:11,20:24:51,2026/06/11,2026/06/11,866726066636401,405856151004844,2405:0200:5213:2A:3903:220:2:6,Jionet,405856044a323,4058560c345c000,2026/06/11 20:02:33,12.777,18757320,21412176,HOME,Bihar,
,,,,,917301042183,917301042183,2409:40e4:1103:59d5:e0ce:3cff:fee1:f5f7,42448,,,2001:67c:4e8:f002::a,443,Dynamic,19:32:11,20:02:11,2026/06/11,2026/06/11,866726066636401,405856151004844,2405:0200:5213:2A:3903:220:2:6,Jionet,405856044a323,405856044a323,2026/06/11 20:02:02,12.775,123355877,133715544,HOME,Bihar,
,,,,,917301042183,917301042183,2409:40e4:1103:59d5:e0ce:3cff:fee1:f5f7,42448,,,2001:67c:4e8:f002::a,443,Dynamic,19:32:11,20:02:11,2026/06/11,2026/06/11,866726066636401,405856151004844,2405:0200:5213:2A:3903:220:2:6,Jionet,405856044a323,405856044a323,2026/06/11 20:02:02,12.775,24520,41344,HOME,Bihar,
,,,,,917301042183,917301042183,2409:40e4:1103:59d5:e0ce:3cff:fee1:f5f7,47920,,,2a03:2880:f311:c4:face:b00c:0:21ba,443,Dynamic,19:32:11,20:02:11,2026/06/11,2026/06/11,866726066636401,405856151004844,2405:0200:5213:2A:3903:220:2:6,Jionet,405856044a323,405856044a323,2026/06/11 20:01:25,96.644,123355877,133715544,HOME,Bihar,
,,,,,917301042183,917301042183,2409:40e4:1103:59d5:e0ce:3cff:fee1:f5f7,47920,,,2a03:2880:f311:c4:face:b00c:0:21ba,443,Dynamic,19:32:11,20:02:11,2026/06/11,2026/06/11,866726066636401,405856151004844,2405:0200:5213:2A:3903:220:2:6,Jionet,405856044a323,405856044a323,2026/06/11 20:01:25,96.644,24520,41344,HOME,Bihar,
,,,,,917301042183,917301042183,2409:40e4:1103:59d5:e0ce:3cff:fee1:f5f7,42440,,,2001:67c:4e8:f002::a,443,Dynamic,19:32:11,20:02:11,2026/06/11,2026/06/11,866726066636401,405856151004844,2405:0200:5213:2A:3903:220:2:6,Jionet,405856044a323,405856044a323,2026/06/11 20:01:59,12.724,123355877,133715544,HOME,Bihar,
,,,,,917301042183,917301042183,2409:40e4:1103:59d5:e0ce:3cff:fee1:f5f7,42440,,,2001:67c:4e8:f002::a,443,Dynamic,19:32:11,20:02:11,2026/06/11,2026/06/11,866726066636401,405856151004844,2405:0200:5213:2A:3903:220:2:6,Jionet,405856044a323,405856044a323,2026/06/11 20:01:59,12.724,24520,41344,HOME,Bihar,
,,,,,917301042183,917301042183,2409:40e4:1103:59d5:e0ce:3cff:fee1:f5f7,38858,,,2001:67c:4e8:f002::a,443,Dynamic,20:02:11,20:24:51,2026/06/11,2026/06/11,866726066636401,405856151004844,2405:0200:5213:2A:3903:220:2:6,Jionet,405856044a323,4058560c345c000,2026/06/11 20:02:32,24.481,18757320,21412176,HOME,Bihar,
,,,,,917301042183,917301042183,2409:40e4:1103:59d5:e0ce:3cff:fee1:f5f7,42446,,,2001:67c:4e8:f002::a,443,Dynamic,19:32:11,20:02:11,2026/06/11,2026/06/11,866726066636401,405856151004844,2405:0200:5213:2A:3903:220:2:6,Jionet,405856044a323,405856044a323,2026/06/11 20:02:00,12.803,123355877,133715544,HOME,Bihar,
,,,,,917301042183,917301042183,2409:40e4:1103:59d5:e0ce:3cff:fee1:f5f7,42446,,,2001:67c:4e8:f002::a,443,Dynamic,19:32:11,20:02:11,2026/06/11,2026/06/11,866726066636401,405856151004844,2405:0200:5213:2A:3903:220:2:6,Jionet,405856044a323,405856044a323,2026/06/11 20:02:00,12.803,24520,41344,HOME,Bihar,
,,,,,917301042183,917301042183,2409:40e4:1103:59d5:e0ce:3cff:fee1:f5f7,47926,,,2001:b28:f23f:f005::a,443,Dynamic,19:32:11,20:02:11,2026/06/11,2026/06/11,866726066636401,405856151004844,2405:0200:5213:2A:3903:220:2:6,Jionet,405856044a323,405856044a323,2026/06/11 20:01:31,75.26,123355877,133715544,HOME,Bihar,
,,,,,917301042183,917301042183,2409:40e4:1103:59d5:e0ce:3cff:fee1:f5f7,47926,,,2001:b28:f23f:f005::a,443,Dynamic,19:32:11,20:02:11,2026/06/11,2026/06/11,866726066636401,405856151004844,2405:0200:5213:2A:3903:220:2:6,Jionet,405856044a323,405856044a323,2026/06/11 20:01:31,75.26,24520,41344,HOME,Bihar,
,,,,,917301042183,917301042183,2409:40e4:1103:59d5:e0ce:3cff:fee1:f5f7,42190,,,2600:1901:0:8956::,443,Dynamic,19:32:11,20:02:11,2026/06/11,2026/06/11,866726066636401,405856151004844,2405:0200:5213:2A:3903:220:2:6,Jionet,405856044a323,405856044a323,2026/06/11 20:02:04,11.323,123355877,133715544,HOME,Bihar,
,,,,,917301042183,917301042183,2409:40e4:1103:59d5:e0ce:3cff:fee1:f5f7,42190,,,2600:1901:0:8956::,443,Dynamic,19:32:11,20:02:11,2026/06/11,2026/06/11,866726066636401,405856151004844,2405:0200:5213:2A:3903:220:2:6,Jionet,405856044a323,405856044a323,2026/06/11 20:02:04,11.323,24520,41344,HOME,Bihar,
,,,,,917301042183,917301042183,2409:40e4:1103:59d5:e0ce:3cff:fee1:f5f7,49686,,,2001:67c:4e8:f002::a,443,Dynamic,20:02:11,20:24:51,2026/06/11,2026/06/11,866726066636401,405856151004844,2405:0200:5213:2A:3903:220:2:6,Jionet,405856044a323,4058560c345c000,2026/06/11 20:02:35,12.954,18757320,21412176,HOME,Bihar,
,,,,,917301042183,917301042183,2409:40e4:1103:59d5:e0ce:3cff:fee1:f5f7,42428,,,2001:67c:4e8:f002::a,443,Dynamic,19:32:11,20:02:11,2026/06/11,2026/06/11,866726066636401,405856151004844,2405:0200:5213:2A:3903:220:2:6,Jionet,405856044a323,405856044a323,2026/06/11 20:01:57,12.74,123355877,133715544,HOME,Bihar,
,,,,,917301042183,917301042183,2409:40e4:1103:59d5:e0ce:3cff:fee1:f5f7,42428,,,2001:67c:4e8:f002::a,443,Dynamic,19:32:11,20:02:11,2026/06/11,2026/06/11,866726066636401,405856151004844,2405:0200:5213:2A:3903:220:2:6,Jionet,405856044a323,405856044a323,2026/06/11 20:01:57,12.74,24520,41344,HOME,Bihar,
,,,,,917301042183,917301042183,2409:40e4:1103:59d5:e0ce:3cff:fee1:f5f7,42804,,,2a03:2880:f311:c0:face:b00c:0:43fe,443,Dynamic,19:32:11,20:02:11,2026/06/11,2026/06/11,866726066636401,405856151004844,2405:0200:5213:2A:3903:220:2:6,Jionet,405856044a323,405856044a323,2026/06/11 20:01:25,89.235,123355877,133715544,HOME,Bihar,
,,,,,917301042183,917301042183,2409:40e4:1103:59d5:e0ce:3cff:fee1:f5f7,42804,,,2a03:2880:f311:c0:face:b00c:0:43fe,443,Dynamic,19:32:11,20:02:11,2026/06/11,2026/06/11,866726066636401,405856151004844,2405:0200:5213:2A:3903:220:2:6,Jionet,405856044a323,405856044a323,2026/06/11 20:01:25,89.235,24520,41344,HOME,Bihar,
,,,,,917301042183,917301042183,2409:40e4:1103:59d5:e0ce:3cff:fee1:f5f7,49716,,,2001:67c:4e8:f002::a,443,Dynamic,20:02:11,20:24:51,2026/06/11,2026/06/11,866726066636401,405856151004844,2405:0200:5213:2A:3903:220:2:6,Jionet,405856044a323,4058560c345c000,2026/06/11 20:02:42,14.58,18757320,21412176,HOME,Bihar,
,,,,,917301042183,917301042183,2409:40e4:1103:59d5:e0ce:3cff:fee1:f5f7,43836,,,2a03:2880:f288:1c6:face:b00c:0:177,3478,Dynamic,20:02:11,20:24:51,2026/06/11,2026/06/11,866726066636401,405856151004844,2405:0200:5213:2A:3903:220:2:6,Jionet,405856044a323,4058560c345c000,2026/06/11 20:02:19,85.692,18757320,21412176,HOME,Bihar,
,,,,,917301042183,917301042183,2409:40e4:1103:59d5:e0ce:3cff:fee1:f5f7,40520,,,2001:4860:4802:38::87,443,Dynamic,19:32:11,20:02:11,2026/06/11,2026/06/11,866726066636401,405856151004844,2405:0200:5213:2A:3903:220:2:6,Jionet,405856044a323,405856044a323,2026/06/11 20:01:54,120.733,123355877,133715544,HOME,Bihar,
,,,,,917301042183,917301042183,2409:40e4:1103:59d5:e0ce:3cff:fee1:f5f7,40520,,,2001:4860:4802:38::87,443,Dynamic,19:32:11,20:02:11,2026/06/11,2026/06/11,866726066636401,405856151004844,2405:0200:5213:2A:3903:220:2:6,Jionet,405856044a323,405856044a323,2026/06/11 20:01:54,120.733,24520,41344,HOME,Bihar,
,,,,,917301042183,917301042183,2409:40e4:1103:59d5:e0ce:3cff:fee1:f5f7,43836,,,2a03:2880:f36a:136:face:b00c:0:b1,3478,Dynamic,20:02:11,20:24:51,2026/06/11,2026/06/11,866726066636401,405856151004844,2405:0200:5213:2A:3903:220:2:6,Jionet,405856044a323,4058560c345c000,2026/06/11 20:02:19,97.983,18757320,21412176,HOME,Bihar,
,,,,,917301042183,917301042183,2409:40e4:1103:59d5:e0ce:3cff:fee1:f5f7,37940,,,2001:4860:4802:36::223,443,Dynamic,20:47:47,21:00:44,2026/06/11,2026/06/11,866726066636401,405856151004844,2405:0200:5213:2A:3903:220:2:6,Jionet,4058560c3478002,4058560139324,2026/06/11 20:58:13,105.684,1170045,1304921,HOME,Bihar,
,,,,,917301042183,917301042183,2409:40e4:1103:59d5:e0ce:3cff:fee1:f5f7,38106,,,2404:6800:4009:80b::2002,443,Dynamic,20:47:47,21:00:44,2026/06/11,2026/06/11,866726066636401,405856151004844,2405:0200:5213:2A:3903:220:2:6,Jionet,4058560c3478002,4058560139324,2026/06/11 20:59:38,11.713,1170045,1304921,HOME,Bihar,
,,,,,917301042183,917301042183,2409:40e4:1103:59d5:e0ce:3cff:fee1:f5f7,41085,,,2001:4860:4802:38::223,443,Dynamic,20:47:47,21:00:44,2026/06/11,2026/06/11,866726066636401,405856151004844,2405:0200:5213:2A:3903:220:2:6,Jionet,4058560c3478002,4058560139324,2026/06/11 20:58:16,94.927,1170045,1304921,HOME,Bihar,
,,,,,917301042183,917301042183,2409:40e4:1103:59d5:e0ce:3cff:fee1:f5f7,44130,,,2606:4700:3117::6812:3222,443,Dynamic,20:02:11,20:24:51,2026/06/11,2026/06/11,866726066636401,405856151004844,2405:0200:5213:2A:3903:220:2:6,Jionet,405856044a323,4058560c345c000,2026/06/11 20:18:21,11.76,18757320,21412176,HOME,Bihar,
,,,,,917301042183,917301042183,2409:40e4:1103:59d5:e0ce:3cff:fee1:f5f7,47491,,,2a03:2880:f26b:1c9:face:b00c:0:43fe,443,Dynamic,20:02:11,20:24:51,2026/06/11,2026/06/11,866726066636401,405856151004844,2405:0200:5213:2A:3903:220:2:6,Jionet,405856044a323,4058560c345c000,2026/06/11 20:16:45,83.621,18757320,21412176,HOME,Bihar,
,,,,,917301042183,917301042183,2409:40e4:1103:59d5:e0ce:3cff:fee1:f5f7,42478,,,2600:1901:0:8956::,443,Dynamic,20:02:11,20:24:51,2026/06/11,2026/06/11,866726066636401,405856151004844,2405:0200:5213:2A:3903:220:2:6,Jionet,405856044a323,4058560c345c000,2026/06/11 20:18:20,11.443,18757320,21412176,HOME,Bihar,
,,,,,917301042183,917301042183,2409:40e4:1103:59d5:e0ce:3cff:fee1:f5f7,48670,,,2404:6800:4000:1006::9b,443,Dynamic,20:02:11,20:24:51,2026/06/11,2026/06/11,866726066636401,405856151004844,2405:0200:5213:2A:3903:220:2:6,Jionet,405856044a323,4058560c345c000,2026/06/11 20:17:04,70.953,18757320,21412176,HOME,Bihar,
,,,,,917301042183,917301042183,2409:40e4:1103:59d5:e0ce:3cff:fee1:f5f7,43047,,,2a03:2880:f346:c4:face:b00c:0:21ba,443,Dynamic,20:02:11,20:24:51,2026/06/11,2026/06/11,866726066636401,405856151004844,2405:0200:5213:2A:3903:220:2:6,Jionet,405856044a323,4058560c345c000,2026/06/11 20:16:44,113.304,18757320,21412176,HOME,Bihar,
,,,,,917301042183,917301042183,2409:40e4:1103:59d5:e0ce:3cff:fee1:f5f7,41784,,,2a03:2880:f311:c0:face:b00c:0:43fe,443,Dynamic,20:02:11,20:24:51,2026/06/11,2026/06/11,866726066636401,405856151004844,2405:0200:5213:2A:3903:220:2:6,Jionet,405856044a323,4058560c345c000,2026/06/11 20:16:44,84.136,18757320,21412176,HOME,Bihar,
,,,,,917301042183,917301042183,2409:40e4:1103:59d5:e0ce:3cff:fee1:f5f7,48079,,,2a03:2880:f311:c0:face:b00c:0:43fe,443,Dynamic,20:02:11,20:24:51,2026/06/11,2026/06/11,866726066636401,405856151004844,2405:0200:5213:2A:3903:220:2:6,Jionet,405856044a323,4058560c345c000,2026/06/11 20:16:44,114.64,18757320,21412176,HOME,Bihar,
,,,,,917301042183,917301042183,2409:40e4:1103:59d5:e0ce:3cff:fee1:f5f7,41690,,,2a03:2880:f346:8d:face:b00c:0:2,443,Dynamic,20:02:11,20:24:51,2026/06/11,2026/06/11,866726066636401,405856151004844,2405:0200:5213:2A:3903:220:2:6,Jionet,405856044a323,4058560c345c000,2026/06/11 20:16:45,90.205,18757320,21412176,HOME,Bihar,
,,,,,917301042183,917301042183,2409:40e4:1103:59d5:e0ce:3cff:fee1:f5f7,44334,,,2404:6800:4000:1006::9b,443,Dynamic,20:02:11,20:24:51,2026/06/11,2026/06/11,866726066636401,405856151004844,2405:0200:5213:2A:3903:220:2:6,Jionet,405856044a323,4058560c345c000,2026/06/11 20:17:03,70.89,18757320,21412176,HOME,Bihar,
,,,,,917301042183,917301042183,2409:40e4:1103:59d5:e0ce:3cff:fee1:f5f7,38648,,,2a03:2880:f311:8d:face:b00c:0:2,443,Dynamic,20:02:11,20:24:51,2026/06/11,2026/06/11,866726066636401,405856151004844,2405:0200:5213:2A:3903:220:2:6,Jionet,405856044a323,4058560c345c000,2026/06/11 20:07:55,11.521,18757320,21412176,HOME,Bihar,
,,,,,917301042183,917301042183,2409:40e4:1103:59d5:e0ce:3cff:fee1:f5f7,46097,,,2401:4900:b4d7:6ae2:6057:22e2:39f5:ee15,57028,Dynamic,20:02:11,20:24:51,2026/06/11,2026/06/11,866726066636401,405856151004844,2405:0200:5213:2A:3903:220:2:6,Jionet,405856044a323,4058560c345c000,2026/06/11 20:06:32,125.478,18757320,21412176,HOME,Bihar,
,,,,,917301042183,917301042183,2409:40e4:1103:59d5:e0ce:3cff:fee1:f5f7,38652,,,2a03:2880:f311:8d:face:b00c:0:2,443,Dynamic,20:02:11,20:24:51,2026/06/11,2026/06/11,866726066636401,405856151004844,2405:0200:5213:2A:3903:220:2:6,Jionet,405856044a323,4058560c345c000,2026/06/11 20:07:56,11.5,18757320,21412176,HOME,Bihar,
,,,,,917301042183,917301042183,2409:40e4:1103:59d5:e0ce:3cff:fee1:f5f7,46992,,,2001:67c:4e8:f002::a,443,Dynamic,20:02:11,20:24:51,2026/06/11,2026/06/11,866726066636401,405856151004844,2405:0200:5213:2A:3903:220:2:6,Jionet,405856044a323,4058560c345c000,2026/06/11 20:07:36,44.891,18757320,21412176,HOME,Bihar,
,,,,,917301042183,917301042183,2409:40e4:1103:59d5:e0ce:3cff:fee1:f5f7,44836,,,2a03:2880:f346:3:face:b00c:0:4c63,443,Dynamic,20:02:11,20:24:51,2026/06/11,2026/06/11,866726066636401,405856151004844,2405:0200:5213:2A:3903:220:2:6,Jionet,405856044a323,4058560c345c000,2026/06/11 20:06:36,106.716,18757320,21412176,HOME,Bihar,
,,,,,917301042183,917301042183,2409:40e4:1103:59d5:e0ce:3cff:fee1:f5f7,47054,,,2001:67c:4e8:f002::a,443,Dynamic,20:02:11,20:24:51,2026/06/11,2026/06/11,866726066636401,405856151004844,2405:0200:5213:2A:3903:220:2:6,Jionet,405856044a323,4058560c345c000,2026/06/11 20:07:44,104.381,18757320,21412176,HOME,Bihar,
,,,,,917301042183,917301042183,2409:40e4:1103:59d5:e0ce:3cff:fee1:f5f7,39376,,,2a03:2880:f346:c0:face:b00c:0:43fe,443,Dynamic,20:47:47,21:00:44,2026/06/11,2026/06/11,866726066636401,405856151004844,2405:0200:5213:2A:3903:220:2:6,Jionet,4058560c3478002,4058560139324,2026/06/11 20:52:15,103.58,1170045,1304921,HOME,Bihar,
,,,,,917301042183,917301042183,2409:40e4:1103:59d5:e0ce:3cff:fee1:f5f7,40033,,,2a03:2880:f31f:136:face:b00c:0:b1,3478,Dynamic,20:47:47,21:00:44,2026/06/11,2026/06/11,866726066636401,405856151004844,2405:0200:5213:2A:3903:220:2:6,Jionet,4058560c3478002,4058560139324,2026/06/11 20:52:42,76.748,1170045,1304921,HOME,Bihar,
,,,,,917301042183,917301042183,2409:40e4:1103:59d5:e0ce:3cff:fee1:f5f7,42174,,,2001:4860:4802:36::223,443,Dynamic,20:47:47,21:00:44,2026/06/11,2026/06/11,866726066636401,405856151004844,2405:0200:5213:2A:3903:220:2:6,Jionet,4058560c3478002,4058560139324,2026/06/11 20:51:57,65.372,1170045,1304921,HOME,Bihar,
,,,,,917301042183,917301042183,2409:40e4:1103:59d5:e0ce:3cff:fee1:f5f7,48689,,,2a03:2880:f346:8d:face:b00c:0:2,443,Dynamic,20:47:47,21:00:44,2026/06/11,2026/06/11,866726066636401,405856151004844,2405:0200:5213:2A:3903:220:2:6,Jionet,4058560c3478002,4058560139324,2026/06/11 20:52:15,91.564,1170045,1304921,HOME,Bihar,
,,,,,917301042183,917301042183,2409:40e4:1103:59d5:e0ce:3cff:fee1:f5f7,43846,,,2001:4860:4802:38::223,443,Dynamic,20:47:47,21:00:44,2026/06/11,2026/06/11,866726066636401,405856151004844,2405:0200:5213:2A:3903:220:2:6,Jionet,4058560c3478002,4058560139324,2026/06/11 20:51:07,104.618,1170045,1304921,HOME,Bihar,
,,,,,917301042183,917301042183,2409:40e4:1103:59d5:e0ce:3cff:fee1:f5f7,47098,,,2a03:2880:f311:c4:face:b00c:0:21ba,443,Dynamic,20:47:47,21:00:44,2026/06/11,2026/06/11,866726066636401,405856151004844,2405:0200:5213:2A:3903:220:2:6,Jionet,4058560c3478002,4058560139324,2026/06/11 20:52:15,96.388,1170045,1304921,HOME,Bihar,
,,,,,917301042183,917301042183,2409:40e4:1103:59d5:e0ce:3cff:fee1:f5f7,44268,,,2001:4860:4802:36::223,443,Dynamic,20:47:47,21:00:44,2026/06/11,2026/06/11,866726066636401,405856151004844,2405:0200:5213:2A:3903:220:2:6,Jionet,4058560c3478002,4058560139324,2026/06/11 20:52:30,24.413,1170045,1304921,HOME,Bihar,
,,,,,917301042183,917301042183,2409:40e4:1103:59d5:e0ce:3cff:fee1:f5f7,40033,,,2a03:2880:f335:136:face:b00c:0:b1,3478,Dynamic,20:47:47,21:00:44,2026/06/11,2026/06/11,866726066636401,405856151004844,2405:0200:5213:2A:3903:220:2:6,Jionet,4058560c3478002,4058560139324,2026/06/11 20:52:42,69.56,1170045,1304921,HOME,Bihar,
,,,,,917301042183,917301042183,2409:40e4:1103:59d5:e0ce:3cff:fee1:f5f7,49623,,,2001:4860:4802:38::223,443,Dynamic,20:47:47,21:00:44,2026/06/11,2026/06/11,866726066636401,405856151004844,2405:0200:5213:2A:3903:220:2:6,Jionet,4058560c3478002,4058560139324,2026/06/11 20:51:09,112.775,1170045,1304921,HOME,Bihar,
,,,,,917301042183,917301042183,2409:40e4:1103:59d5:e0ce:3cff:fee1:f5f7,40033,,,2a03:2880:f347:136:face:b00c:0:b1,3478,Dynamic,20:47:47,21:00:44,2026/06/11,2026/06/11,866726066636401,405856151004844,2405:0200:5213:2A:3903:220:2:6,Jionet,4058560c3478002,4058560139324,2026/06/11 20:52:42,68.006,1170045,1304921,HOME,Bihar,
,,,,,917301042183,917301042183,2409:40e4:1103:59d5:e0ce:3cff:fee1:f5f7,46736,,,2001:b28:f23f:f005::a,443,Dynamic,20:47:47,21:00:44,2026/06/11,2026/06/11,866726066636401,405856151004844,2405:0200:5213:2A:3903:220:2:6,Jionet,4058560c3478002,4058560139324,2026/06/11 20:52:28,22.959,1170045,1304921,HOME,Bihar,
,,,,,917301042183,917301042183,2409:40e4:1103:59d5:e0ce:3cff:fee1:f5f7,49983,,,2a03:2880:f26b:1c9:face:b00c:0:43fe,443,Dynamic,20:47:47,21:00:44,2026/06/11,2026/06/11,866726066636401,405856151004844,2405:0200:5213:2A:3903:220:2:6,Jionet,4058560c3478002,4058560139324,2026/06/11 20:52:16,86.433,1170045,1304921,HOME,Bihar,
,,,,,917301042183,917301042183,2409:40e4:1103:59d5:e0ce:3cff:fee1:f5f7,46738,,,2001:b28:f23f:f005::a,443,Dynamic,20:47:47,21:00:44,2026/06/11,2026/06/11,866726066636401,405856151004844,2405:0200:5213:2A:3903:220:2:6,Jionet,4058560c3478002,4058560139324,2026/06/11 20:52:32,16.36,1170045,1304921,HOME,Bihar,
,,,,,917301042183,917301042183,2409:40e4:1103:59d5:e0ce:3cff:fee1:f5f7,41590,,,2001:4860:4802:36::223,443,Dynamic,20:47:47,21:00:44,2026/06/11,2026/06/11,866726066636401,405856151004844,2405:0200:5213:2A:3903:220:2:6,Jionet,4058560c3478002,4058560139324,2026/06/11 20:51:57,84.102,1170045,1304921,HOME,Bihar,
,,,,,917301042183,917301042183,2409:40e4:1103:59d5:e0ce:3cff:fee1:f5f7,47458,,,2001:4860:4802:38::223,443,Dynamic,20:47:47,21:00:44,2026/06/11,2026/06/11,866726066636401,405856151004844,2405:0200:5213:2A:3903:220:2:6,Jionet,4058560c3478002,4058560139324,2026/06/11 20:51:04,100.975,1170045,1304921,HOME,Bihar,
,,,,,917301042183,917301042183,2409:40e4:1103:59d5:e0ce:3cff:fee1:f5f7,44048,,,2001:4860:4802:38::223,443,Dynamic,20:47:47,21:00:44,2026/06/11,2026/06/11,866726066636401,405856151004844,2405:0200:5213:2A:3903:220:2:6,Jionet,4058560c3478002,4058560139324,2026/06/11 20:51:57,75.352,1170045,1304921,HOME,Bihar,
,,,,,917301042183,917301042183,2409:40e4:1103:59d5:e0ce:3cff:fee1:f5f7,39905,,,2001:4860:4802:38::223,443,Dynamic,20:47:47,21:00:44,2026/06/11,2026/06/11,866726066636401,405856151004844,2405:0200:5213:2A:3903:220:2:6,Jionet,4058560c3478002,4058560139324,2026/06/11 20:51:08,98.091,1170045,1304921,HOME,Bihar,
,,,,,917301042183,917301042183,2409:40e4:1103:59d5:e0ce:3cff:fee1:f5f7,44836,,,2a03:2880:f346:3:face:b00c:0:4c63,443,Dynamic,20:47:47,21:00:44,2026/06/11,2026/06/11,866726066636401,405856151004844,2405:0200:5213:2A:3903:220:2:6,Jionet,4058560c3478002,4058560139324,2026/06/11 20:51:30,112.7,1170045,1304921,HOME,Bihar,
,,,,,917301042183,917301042183,2409:40e4:1103:59d5:e0ce:3cff:fee1:f5f7,44593,,,2001:4860:4802:38::223,443,Dynamic,20:47:47,21:00:44,2026/06/11,2026/06/11,866726066636401,405856151004844,2405:0200:5213:2A:3903:220:2:6,Jionet,4058560c3478002,4058560139324,2026/06/11 20:51:03,130.479,1170045,1304921,HOME,Bihar,
,,,,,917301042183,917301042183,2409:40e4:1103:59d5:e0ce:3cff:fee1:f5f7,46194,,,2001:b28:f23f:f005::a,443,Dynamic,20:02:11,20:24:51,2026/06/11,2026/06/11,866726066636401,405856151004844,2405:0200:5213:2A:3903:220:2:6,Jionet,405856044a323,4058560c345c000,2026/06/11 20:15:03,78.977,18757320,21412176,HOME,Bihar,
,,,,,917301042183,917301042183,2409:40e4:1103:59d5:e0ce:3cff:fee1:f5f7,40796,,,2405:200:1630:b79:face:b00c:3333:a3f,443,Dynamic,20:02:11,20:24:51,2026/06/11,2026/06/11,866726066636401,405856151004844,2405:0200:5213:2A:3903:220:2:6,Jionet,405856044a323,4058560c345c000,2026/06/11 20:16:45,11.084,18757320,21412176,HOME,Bihar,
,,,,,917301042183,917301042183,2409:40e4:1103:59d5:e0ce:3cff:fee1:f5f7,46098,,,2404:6800:4009:802::2003,443,Dynamic,20:02:11,20:24:51,2026/06/11,2026/06/11,866726066636401,405856151004844,2405:0200:5213:2A:3903:220:2:6,Jionet,405856044a323,4058560c345c000,2026/06/11 20:15:50,85.9,18757320,21412176,HOME,Bihar,
,,,,,917301042183,917301042183,2409:40e4:1103:59d5:e0ce:3cff:fee1:f5f7,42842,,,2405:200:1630:a0a::312c:c359,443,Dynamic,20:02:11,20:24:51,2026/06/11,2026/06/11,866726066636401,405856151004844,2405:0200:5213:2A:3903:220:2:6,Jionet,405856044a323,4058560c345c000,2026/06/11 20:16:45,10.864,18757320,21412176,HOME,Bihar,
,,,,,917301042183,917301042183,2409:40e4:1103:59d5:e0ce:3cff:fee1:f5f7,46108,,,2404:6800:4009:802::2003,443,Dynamic,20:02:11,20:24:51,2026/06/11,2026/06/11,866726066636401,405856151004844,2405:0200:5213:2A:3903:220:2:6,Jionet,405856044a323,4058560c345c000,2026/06/11 20:13:58,182.26,18757320,21412176,HOME,Bihar,
,,,,,917301042183,917301042183,2409:40e4:1103:59d5:e0ce:3cff:fee1:f5f7,48506,,,2a03:2880:f26b:1c9:face:b00c:0:43fe,443,Dynamic,20:02:11,20:24:51,2026/06/11,2026/06/11,866726066636401,405856151004844,2405:0200:5213:2A:3903:220:2:6,Jionet,405856044a323,4058560c345c000,2026/06/11 20:16:45,11.084,18757320,21412176,HOME,Bihar,
,,,,,917301042183,917301042183,2409:40e4:1103:59d5:e0ce:3cff:fee1:f5f7,45494,,,2a03:2880:f311:c0:face:b00c:0:43fe,443,Dynamic,20:02:11,20:24:51,2026/06/11,2026/06/11,866726066636401,405856151004844,2405:0200:5213:2A:3903:220:2:6,Jionet,405856044a323,4058560c345c000,2026/06/11 20:16:44,2.048,18757320,21412176,HOME,Bihar,
,,,,,917301042183,917301042183,2409:40e4:1103:59d5:e0ce:3cff:fee1:f5f7,45512,,,2a03:2880:f311:c0:face:b00c:0:43fe,443,Dynamic,20:02:11,20:24:51,2026/06/11,2026/06/11,866726066636401,405856151004844,2405:0200:5213:2A:3903:220:2:6,Jionet,405856044a323,4058560c345c000,2026/06/11 20:16:44,2.14,18757320,21412176,HOME,Bihar,
,,,,,917301042183,917301042183,2409:40e4:1103:59d5:e0ce:3cff:fee1:f5f7,45506,,,2a03:2880:f311:c0:face:b00c:0:43fe,443,Dynamic,20:02:11,20:24:51,2026/06/11,2026/06/11,866726066636401,405856151004844,2405:0200:5213:2A:3903:220:2:6,Jionet,405856044a323,4058560c345c000,2026/06/11 20:16:44,2.06,18757320,21412176,HOME,Bihar,
,,,,,917301042183,917301042183,2409:40e4:1103:59d5:e0ce:3cff:fee1:f5f7,44814,,,2a03:2880:f311:90:face:b00c:0:8e,443,Dynamic,20:02:11,20:24:51,2026/06/11,2026/06/11,866726066636401,405856151004844,2405:0200:5213:2A:3903:220:2:6,Jionet,405856044a323,4058560c345c000,2026/06/11 20:16:44,10.328,18757320,21412176,HOME,Bihar,
,,,,,917301042183,917301042183,2409:40e4:1103:59d5:e0ce:3cff:fee1:f5f7,44644,,,2a03:2880:f346:c4:face:b00c:0:21ba,443,Dynamic,20:02:11,20:24:51,2026/06/11,2026/06/11,866726066636401,405856151004844,2405:0200:5213:2A:3903:220:2:6,Jionet,405856044a323,4058560c345c000,2026/06/11 20:16:44,11.12,18757320,21412176,HOME,Bihar,
,,,,,917301042183,917301042183,2409:40e4:1103:59d5:e0ce:3cff:fee1:f5f7,49254,,,2a03:2880:f346:90:face:b00c:0:8e,443,Dynamic,20:02:11,20:24:51,2026/06/11,2026/06/11,866726066636401,405856151004844,2405:0200:5213:2A:3903:220:2:6,Jionet,405856044a323,4058560c345c000,2026/06/11 20:23:48,37.714,18757320,21412176,HOME,Bihar,
,,,,,917301042183,917301042183,2409:40e4:1103:59d5:e0ce:3cff:fee1:f5f7,49656,,,2a03:2880:f26b:1c9:face:b00c:0:43fe,443,Dynamic,20:02:11,20:24:51,2026/06/11,2026/06/11,866726066636401,405856151004844,2405:0200:5213:2A:3903:220:2:6,Jionet,405856044a323,4058560c345c000,2026/06/11 20:24:02,2.163,18757320,21412176,HOME,Bihar,
,,,,,917301042183,917301042183,2409:40e4:1103:59d5:e0ce:3cff:fee1:f5f7,40394,,,2405:200:1630:b79:face:b00c:3333:a3f,443,Dynamic,20:02:11,20:24:51,2026/06/11,2026/06/11,866726066636401,405856151004844,2405:0200:5213:2A:3903:220:2:6,Jionet,405856044a323,4058560c345c000,2026/06/11 20:24:02,11.207,18757320,21412176,HOME,Bihar,
,,,,,917301042183,917301042183,2409:40e4:1103:59d5:e0ce:3cff:fee1:f5f7,37352,,,2a03:2880:f346:3:face:b00c:0:4c63,443,Dynamic,20:02:11,20:24:51,2026/06/11,2026/06/11,866726066636401,405856151004844,2405:0200:5213:2A:3903:220:2:6,Jionet,405856044a323,4058560c345c000,2026/06/11 20:23:42,92.964,18757320,21412176,HOME,Bihar,
,,,,,917301042183,917301042183,2409:40e4:1103:59d5:e0ce:3cff:fee1:f5f7,44450,,,2401:4900:b4d7:6ae2:6057:22e2:39f5:ee15,41251,Dynamic,20:02:11,20:24:51,2026/06/11,2026/06/11,866726066636401,405856151004844,2405:0200:5213:2A:3903:220:2:6,Jionet,405856044a323,4058560c345c000,2026/06/11 20:07:36,1035.095,18757320,21412176,HOME,Bihar,
,,,,,917301042183,917301042183,2409:40e4:1103:59d5:e0ce:3cff:fee1:f5f7,42937,,,2a03:2880:f311:c0:face:b00c:0:43fe,443,Dynamic,20:02:11,20:24:51,2026/06/11,2026/06/11,866726066636401,405856151004844,2405:0200:5213:2A:3903:220:2:6,Jionet,405856044a323,4058560c345c000,2026/06/11 20:23:48,77.928,18757320,21412176,HOME,Bihar,
,,,,,917301042183,917301042183,2409:40e4:1103:59d5:e0ce:3cff:fee1:f5f7,43316,,,2a03:2880:f311:8d:face:b00c:0:2,443,Dynamic,20:02:11,20:24:51,2026/06/11,2026/06/11,866726066636401,405856151004844,2405:0200:5213:2A:3903:220:2:6,Jionet,405856044a323,4058560c345c000,2026/06/11 20:23:47,84.747,18757320,21412176,HOME,Bihar,
,,,,,917301042183,917301042183,2409:40e4:1103:59d5:e0ce:3cff:fee1:f5f7,38648,,,2a03:2880:f26b:1c9:face:b00c:0:43fe,443,Dynamic,20:02:11,20:24:51,2026/06/11,2026/06/11,866726066636401,405856151004844,2405:0200:5213:2A:3903:220:2:6,Jionet,405856044a323,4058560c345c000,2026/06/11 20:24:02,110.879,18757320,21412176,HOME,Bihar,
,,,,,917301042183,917301042183,2409:40e4:1103:59d5:e0ce:3cff:fee1:f5f7,46194,,,2001:b28:f23f:f005::a,443,Dynamic,20:02:11,20:24:51,2026/06/11,2026/06/11,866726066636401,405856151004844,2405:0200:5213:2A:3903:220:2:6,Jionet,405856044a323,4058560c345c000,2026/06/11 20:24:06,76.781,18757320,21412176,HOME,Bihar,
,,,,,917301042183,917301042183,2409:40e4:1103:59d5:e0ce:3cff:fee1:f5f7,39259,,,2a03:2880:f311:c0:face:b00c:0:43fe,443,Dynamic,20:02:11,20:24:51,2026/06/11,2026/06/11,866726066636401,405856151004844,2405:0200:5213:2A:3903:220:2:6,Jionet,405856044a323,4058560c345c000,2026/06/11 20:24:01,95.587,18757320,21412176,HOME,Bihar,
,,,,,917301042183,917301042183,2409:40e4:1103:59d5:e0ce:3cff:fee1:f5f7,44836,,,2a03:2880:f346:3:face:b00c:0:4c63,443,Dynamic,20:02:11,20:24:51,2026/06/11,2026/06/11,866726066636401,405856151004844,2405:0200:5213:2A:3903:220:2:6,Jionet,405856044a323,4058560c345c000,2026/06/11 20:22:39,163.836,18757320,21412176,HOME,Bihar,
,,,,,917301042183,917301042183,2409:40e4:1103:59d5:e0ce:3cff:fee1:f5f7,39014,,,2a03:2880:f311:c4:face:b00c:0:21ba,443,Dynamic,20:02:11,20:24:51,2026/06/11,2026/06/11,866726066636401,405856151004844,2405:0200:5213:2A:3903:220:2:6,Jionet,405856044a323,4058560c345c000,2026/06/11 20:23:48,121.286,18757320,21412176,HOME,Bihar,
,,,,,917301042183,917301042183,2409:40e4:1103:59d5:e0ce:3cff:fee1:f5f7,44784,,,2405:200:1630:ff87:face:b00c:3333:a3f,443,Dynamic,20:02:11,20:24:51,2026/06/11,2026/06/11,866726066636401,405856151004844,2405:0200:5213:2A:3903:220:2:6,Jionet,405856044a323,4058560c345c000,2026/06/11 20:23:49,103.884,18757320,21412176,HOME,Bihar,
,,,,,917301042183,917301042183,2409:40e4:1103:59d5:e0ce:3cff:fee1:f5f7,46683,,,2405:200:1630:b79:face:b00c:3333:a3f,443,Dynamic,20:02:11,20:24:51,2026/06/11,2026/06/11,866726066636401,405856151004844,2405:0200:5213:2A:3903:220:2:6,Jionet,405856044a323,4058560c345c000,2026/06/11 20:24:02,81.188,18757320,21412176,HOME,Bihar,
,,,,,917301042183,917301042183,2409:40e4:1103:59d5:e0ce:3cff:fee1:f5f7,38330,,,2405:200:1633:2885:face:b00c:3333:a3f,443,Dynamic,20:02:11,20:24:51,2026/06/11,2026/06/11,866726066636401,405856151004844,2405:0200:5213:2A:3903:220:2:6,Jionet,405856044a323,4058560c345c000,2026/06/11 20:23:48,104.743,18757320,21412176,HOME,Bihar,
,,,,,917301042183,917301042183,2409:40e4:1103:59d5:e0ce:3cff:fee1:f5f7,45606,,,2a03:2880:f322:136:face:b00c:0:b1,3478,Dynamic,20:47:47,21:00:44,2026/06/11,2026/06/11,866726066636401,405856151004844,2405:0200:5213:2A:3903:220:2:6,Jionet,4058560c3478002,4058560139324,2026/06/11 20:49:29,116.572,1170045,1304921,HOME,Bihar,
,,,,,917301042183,917301042183,2409:40e4:1103:59d5:e0ce:3cff:fee1:f5f7,45606,,,2a03:2880:f315:136:face:b00c:0:b1,3478,Dynamic,20:47:47,21:00:44,2026/06/11,2026/06/11,866726066636401,405856151004844,2405:0200:5213:2A:3903:220:2:6,Jionet,4058560c3478002,4058560139324,2026/06/11 20:49:29,98.175,1170045,1304921,HOME,Bihar,
,,,,,917301042183,917301042183,2409:40e4:1103:59d5:e0ce:3cff:fee1:f5f7,48397,,,2a03:2880:f26b:1c5:face:b00c:0:177,3478,Dynamic,20:47:47,21:00:44,2026/06/11,2026/06/11,866726066636401,405856151004844,2405:0200:5213:2A:3903:220:2:6,Jionet,4058560c3478002,4058560139324,2026/06/11 20:49:32,113.916,1170045,1304921,HOME,Bihar,
,,,,,917301042183,917301042183,2409:40e4:1103:59d5:e0ce:3cff:fee1:f5f7,48397,,,2a03:2880:f334:136:face:b00c:0:b1,3478,Dynamic,20:47:47,21:00:44,2026/06/11,2026/06/11,866726066636401,405856151004844,2405:0200:5213:2A:3903:220:2:6,Jionet,4058560c3478002,4058560139324,2026/06/11 20:49:32,95.273,1170045,1304921,HOME,Bihar,
,,,,,917301042183,917301042183,2409:40e4:1103:59d5:e0ce:3cff:fee1:f5f7,41590,,,2001:4860:4802:36::223,443,Dynamic,20:47:47,21:00:44,2026/06/11,2026/06/11,866726066636401,405856151004844,2405:0200:5213:2A:3903:220:2:6,Jionet,4058560c3478002,4058560139324,2026/06/11 20:49:02,79.163,1170045,1304921,HOME,Bihar,
,,,,,917301042183,917301042183,2409:40e4:1103:59d5:e0ce:3cff:fee1:f5f7,48397,,,2a03:2880:f312:136:face:b00c:0:b1,3478,Dynamic,20:47:47,21:00:44,2026/06/11,2026/06/11,866726066636401,405856151004844,2405:0200:5213:2A:3903:220:2:6,Jionet,4058560c3478002,4058560139324,2026/06/11 20:49:32,91.723,1170045,1304921,HOME,Bihar,
,,,,,917301042183,917301042183,2409:40e4:1103:59d5:e0ce:3cff:fee1:f5f7,47574,,,2a04:4e42:59::347,443,Dynamic,20:47:47,21:00:44,2026/06/11,2026/06/11,866726066636401,405856151004844,2405:0200:5213:2A:3903:220:2:6,Jionet,4058560c3478002,4058560139324,2026/06/11 20:50:37,2.076,1170045,1304921,HOME,Bihar,
,,,,,917301042183,917301042183,2409:40e4:1103:59d5:e0ce:3cff:fee1:f5f7,45606,,,2a03:2880:f379:136:face:b00c:0:b1,3478,Dynamic,20:47:47,21:00:44,2026/06/11,2026/06/11,866726066636401,405856151004844,2405:0200:5213:2A:3903:220:2:6,Jionet,4058560c3478002,4058560139324,2026/06/11 20:49:29,99.292,1170045,1304921,HOME,Bihar,
,,,,,917301042183,917301042183,2409:40e4:1103:59d5:e0ce:3cff:fee1:f5f7,47133,,,2a03:2880:f288:1c6:face:b00c:0:177,3478,Dynamic,20:30:28,20:47:47,2026/06/11,2026/06/11,866726066636401,405856151004844,2405:0200:5213:2A:3903:220:2:6,Jionet,4058560158b12,4058560c3458002,2026/06/11 20:35:09,65.967,8263280,12055797,HOME,Bihar,
,,,,,917301042183,917301042183,2409:40e4:1103:59d5:e0ce:3cff:fee1:f5f7,47133,,,2a03:2880:f347:136:face:b00c:0:b1,3478,Dynamic,20:30:28,20:47:47,2026/06/11,2026/06/11,866726066636401,405856151004844,2405:0200:5213:2A:3903:220:2:6,Jionet,4058560158b12,4058560c3458002,2026/06/11 20:35:09,88.34,8263280,12055797,HOME,Bihar,
,,,,,917301042183,917301042183,2409:40e4:1103:59d5:e0ce:3cff:fee1:f5f7,38712,,,2001:4860:4802:32::223,443,Dynamic,20:30:28,20:47:47,2026/06/11,2026/06/11,866726066636401,405856151004844,2405:0200:5213:2A:3903:220:2:6,Jionet,4058560158b12,4058560c3458002,2026/06/11 20:34:18,116.401,8263280,12055797,HOME,Bihar,
,,,,,917301042183,917301042183,2409:40e4:1103:59d5:e0ce:3cff:fee1:f5f7,39286,,,2606:4700:3117::6812:3222,443,Dynamic,20:30:28,20:47:47,2026/06/11,2026/06/11,866726066636401,405856151004844,2405:0200:5213:2A:3903:220:2:6,Jionet,4058560158b12,4058560c3458002,2026/06/11 20:36:01,11.777,8263280,12055797,HOME,Bihar,
,,,,,917301042183,917301042183,2409:40e4:1103:59d5:e0ce:3cff:fee1:f5f7,43348,,,2606:4700:3113::6812:362d,443,Dynamic,20:30:28,20:47:47,2026/06/11,2026/06/11,866726066636401,405856151004844,2405:0200:5213:2A:3903:220:2:6,Jionet,4058560158b12,4058560c3458002,2026/06/11 20:36:02,11.951,8263280,12055797,HOME,Bihar,
,,,,,917301042183,917301042183,2409:40e4:1103:59d5:e0ce:3cff:fee1:f5f7,40148,,,2001:4860:4802:38::223,443,Dynamic,20:30:28,20:47:47,2026/06/11,2026/06/11,866726066636401,405856151004844,2405:0200:5213:2A:3903:220:2:6,Jionet,4058560158b12,4058560c3458002,2026/06/11 20:45:22,97.857,8263280,12055797,HOME,Bihar,
,,,,,917301042183,917301042183,2409:40e4:1103:59d5:e0ce:3cff:fee1:f5f7,43582,,,2a03:2880:f346:8d:face:b00c:0:2,443,Dynamic,20:30:28,20:47:47,2026/06/11,2026/06/11,866726066636401,405856151004844,2405:0200:5213:2A:3903:220:2:6,Jionet,4058560158b12,4058560c3458002,2026/06/11 20:47:23,11.756,8263280,12055797,HOME,Bihar,
,,,,,917301042183,917301042183,2409:40e4:1103:59d5:e0ce:3cff:fee1:f5f7,42502,,,2001:4860:4802:38::223,443,Dynamic,20:30:28,20:47:47,2026/06/11,2026/06/11,866726066636401,405856151004844,2405:0200:5213:2A:3903:220:2:6,Jionet,4058560158b12,4058560c3458002,2026/06/11 20:45:23,88.339,8263280,12055797,HOME,Bihar,
,,,,,917301042183,917301042183,2409:40e4:1103:59d5:e0ce:3cff:fee1:f5f7,37652,,,2405:200:1630:a0a::312c:c30b,443,Dynamic,20:30:28,20:47:47,2026/06/11,2026/06/11,866726066636401,405856151004844,2405:0200:5213:2A:3903:220:2:6,Jionet,4058560158b12,4058560c3458002,2026/06/11 20:47:23,10.934,8263280,12055797,HOME,Bihar,
,,,,,917301042183,917301042183,2409:40e4:1103:59d5:e0ce:3cff:fee1:f5f7,48920,,,2001:4860:4802:38::87,443,Dynamic,20:30:28,20:47:47,2026/06/11,2026/06/11,866726066636401,405856151004844,2405:0200:5213:2A:3903:220:2:6,Jionet,4058560158b12,4058560c3458002,2026/06/11 20:44:52,115.991,8263280,12055797,HOME,Bihar,
,,,,,917301042183,917301042183,2409:40e4:1103:59d5:e0ce:3cff:fee1:f5f7,47574,,,2a04:4e42:59::347,443,Dynamic,20:30:28,20:47:47,2026/06/11,2026/06/11,866726066636401,405856151004844,2405:0200:5213:2A:3903:220:2:6,Jionet,4058560158b12,4058560c3458002,2026/06/11 20:45:36,103.041,8263280,12055797,HOME,Bihar,
,,,,,917301042183,917301042183,2409:40e4:1103:59d5:e0ce:3cff:fee1:f5f7,48896,,,2001:4860:4802:38::87,443,Dynamic,20:30:28,20:47:47,2026/06/11,2026/06/11,866726066636401,405856151004844,2405:0200:5213:2A:3903:220:2:6,Jionet,4058560158b12,4058560c3458002,2026/06/11 20:44:52,119.92,8263280,12055797,HOME,Bihar,
,,,,,917301042183,917301042183,2409:40e4:1103:59d5:e0ce:3cff:fee1:f5f7,40148,,,2001:4860:4802:38::223,443,Dynamic,20:30:28,20:47:47,2026/06/11,2026/06/11,866726066636401,405856151004844,2405:0200:5213:2A:3903:220:2:6,Jionet,4058560158b12,4058560c3458002,2026/06/11 20:47:27,11.0,8263280,12055797,HOME,Bihar,
,,,,,917301042183,917301042183,2409:40e4:1103:59d5:e0ce:3cff:fee1:f5f7,42583,,,2001:4860:4802:34::223,443,Dynamic,20:30:28,20:47:47,2026/06/11,2026/06/11,866726066636401,405856151004844,2405:0200:5213:2A:3903:220:2:6,Jionet,4058560158b12,4058560c3458002,2026/06/11 20:45:23,85.427,8263280,12055797,HOME,Bihar,
,,,,,917301042183,917301042183,2409:40e4:1103:59d5:e0ce:3cff:fee1:f5f7,46304,,,2001:4860:4802:34::223,443,Dynamic,20:30:28,20:47:47,2026/06/11,2026/06/11,866726066636401,405856151004844,2405:0200:5213:2A:3903:220:2:6,Jionet,4058560158b12,4058560c3458002,2026/06/11 20:45:22,100.096,8263280,12055797,HOME,Bihar,
,,,,,917301042183,917301042183,2409:40e4:1103:59d5:e0ce:3cff:fee1:f5f7,37352,,,2a03:2880:f346:3:face:b00c:0:4c63,443,Dynamic,20:30:28,20:47:47,2026/06/11,2026/06/11,866726066636401,405856151004844,2405:0200:5213:2A:3903:220:2:6,Jionet,4058560158b12,4058560c3458002,2026/06/11 20:35:43,91.984,8263280,12055797,HOME,Bihar,
,,,,,917301042183,917301042183,2409:40e4:1103:59d5:e0ce:3cff:fee1:f5f7,37030,,,2a03:2880:f31f:136:face:b00c:0:b1,3478,Dynamic,20:30:28,20:47:47,2026/06/11,2026/06/11,866726066636401,405856151004844,2405:0200:5213:2A:3903:220:2:6,Jionet,4058560158b12,4058560c3458002,2026/06/11 20:36:00,108.628,8263280,12055797,HOME,Bihar,
,,,,,917301042183,917301042183,2409:40e4:1103:59d5:e0ce:3cff:fee1:f5f7,47133,,,2401:4900:d16b:faaf:c24d:ed77:2a85:734b,54151,Dynamic,20:30:28,20:47:47,2026/06/11,2026/06/11,866726066636401,405856151004844,2405:0200:5213:2A:3903:220:2:6,Jionet,4058560158b12,4058560c3458002,2026/06/11 20:35:17,134.938,8263280,12055797,HOME,Bihar,
,,,,,917301042183,917301042183,2409:40e4:1103:59d5:e0ce:3cff:fee1:f5f7,37030,,,2a03:2880:f347:136:face:b00c:0:b1,3478,Dynamic,20:30:28,20:47:47,2026/06/11,2026/06/11,866726066636401,405856151004844,2405:0200:5213:2A:3903:220:2:6,Jionet,4058560158b12,4058560c3458002,2026/06/11 20:36:00,104.976,8263280,12055797,HOME,Bihar,
,,,,,917301042183,917301042183,2409:40e4:1103:59d5:e0ce:3cff:fee1:f5f7,39086,,,2a03:2880:f311:c4:face:b00c:0:21ba,443,Dynamic,20:30:28,20:47:47,2026/06/11,2026/06/11,866726066636401,405856151004844,2405:0200:5213:2A:3903:220:2:6,Jionet,4058560158b12,4058560c3458002,2026/06/11 20:36:50,64.16,8263280,12055797,HOME,Bihar,
,,,,,917301042183,917301042183,2409:40e4:1103:59d5:e0ce:3cff:fee1:f5f7,39306,,,2a03:2880:f346:90:face:b00c:0:8e,443,Dynamic,20:30:28,20:47:47,2026/06/11,2026/06/11,866726066636401,405856151004844,2405:0200:5213:2A:3903:220:2:6,Jionet,4058560158b12,4058560c3458002,2026/06/11 20:36:49,17.385,8263280,12055797,HOME,Bihar,
,,,,,917301042183,917301042183,2409:40e4:1103:59d5:e0ce:3cff:fee1:f5f7,42910,,,2a03:2880:f346:8d:face:b00c:0:2,443,Dynamic,20:30:28,20:47:47,2026/06/11,2026/06/11,866726066636401,405856151004844,2405:0200:5213:2A:3903:220:2:6,Jionet,4058560158b12,4058560c3458002,2026/06/11 20:36:50,64.653,8263280,12055797,HOME,Bihar,
,,,,,917301042183,917301042183,2409:40e4:1103:59d5:e0ce:3cff:fee1:f5f7,44586,,,2a03:2880:f26b:1c9:face:b00c:0:43fe,443,Dynamic,20:30:28,20:47:47,2026/06/11,2026/06/11,866726066636401,405856151004844,2405:0200:5213:2A:3903:220:2:6,Jionet,4058560158b12,4058560c3458002,2026/06/11 20:36:50,11.061,8263280,12055797,HOME,Bihar,
,,,,,917301042183,917301042183,2409:40e4:1103:59d5:e0ce:3cff:fee1:f5f7,43122,,,2a03:2880:f311:c0:face:b00c:0:43fe,443,Dynamic,20:30:28,20:47:47,2026/06/11,2026/06/11,866726066636401,405856151004844,2405:0200:5213:2A:3903:220:2:6,Jionet,4058560158b12,4058560c3458002,2026/06/11 20:36:50,2.133,8263280,12055797,HOME,Bihar,
,,,,,917301042183,917301042183,2409:40e4:1103:59d5:e0ce:3cff:fee1:f5f7,41436,,,2401:4900:b57b:ff6:e4e5:abff:fe8d:2879,51422,Dynamic,20:30:28,20:47:47,2026/06/11,2026/06/11,866726066636401,405856151004844,2405:0200:5213:2A:3903:220:2:6,Jionet,4058560158b12,4058560c3458002,2026/06/11 20:33:39,199.896,8263280,12055797,HOME,Bihar,
,,,,,917301042183,917301042183,2409:40e4:1103:59d5:e0ce:3cff:fee1:f5f7,38318,,,2a03:2880:f311:c4:face:b00c:0:21ba,443,Dynamic,20:30:28,20:47:47,2026/06/11,2026/06/11,866726066636401,405856151004844,2405:0200:5213:2A:3903:220:2:6,Jionet,4058560158b12,4058560c3458002,2026/06/11 20:36:50,2.149,8263280,12055797,HOME,Bihar,
,,,,,917301042183,917301042183,2409:40e4:1103:59d5:e0ce:3cff:fee1:f5f7,43208,,,2405:200:1630:b79:face:b00c:3333:a3f,443,Dynamic,20:30:28,20:47:47,2026/06/11,2026/06/11,866726066636401,405856151004844,2405:0200:5213:2A:3903:220:2:6,Jionet,4058560158b12,4058560c3458002,2026/06/11 20:36:50,11.058,8263280,12055797,HOME,Bihar,
,,,,,917301042183,917301042183,2409:40e4:1103:59d5:e0ce:3cff:fee1:f5f7,47133,,,2a03:2880:f311:136:face:b00c:0:b1,3478,Dynamic,20:30:28,20:47:47,2026/06/11,2026/06/11,866726066636401,405856151004844,2405:0200:5213:2A:3903:220:2:6,Jionet,4058560158b12,4058560c3458002,2026/06/11 20:35:09,96.855,8263280,12055797,HOME,Bihar,
,,,,,917301042183,917301042183,2409:40e4:1103:59d5:e0ce:3cff:fee1:f5f7,38886,,,2a03:2880:f346:8d:face:b00c:0:2,443,Dynamic,20:30:28,20:47:47,2026/06/11,2026/06/11,866726066636401,405856151004844,2405:0200:5213:2A:3903:220:2:6,Jionet,4058560158b12,4058560c3458002,2026/06/11 20:36:57,11.537,8263280,12055797,HOME,Bihar,
,,,,,917301042183,917301042183,2409:40e4:1103:59d5:e0ce:3cff:fee1:f5f7,41206,,,2a03:2880:f311:90:face:b00c:0:8e,443,Dynamic,20:30:28,20:47:47,2026/06/11,2026/06/11,866726066636401,405856151004844,2405:0200:5213:2A:3903:220:2:6,Jionet,4058560158b12,4058560c3458002,2026/06/11 20:36:57,3.148,8263280,12055797,HOME,Bihar,
,,,,,917301042183,917301042183,2409:40e4:1103:59d5:e0ce:3cff:fee1:f5f7,46194,,,2001:b28:f23f:f005::a,443,Dynamic,20:02:11,20:24:51,2026/06/11,2026/06/11,866726066636401,405856151004844,2405:0200:5213:2A:3903:220:2:6,Jionet,405856044a323,4058560c345c000,2026/06/11 20:12:03,79.356,18757320,21412176,HOME,Bihar,
,,,,,917301042183,917301042183,2409:40e4:1103:59d5:e0ce:3cff:fee1:f5f7,43568,,,2001:4860:4802:32::223,443,Dynamic,20:02:11,20:24:51,2026/06/11,2026/06/11,866726066636401,405856151004844,2405:0200:5213:2A:3903:220:2:6,Jionet,405856044a323,4058560c345c000,2026/06/11 20:10:45,78.944,18757320,21412176,HOME,Bihar,
,,,,,917301042183,917301042183,2409:40e4:1103:59d5:e0ce:3cff:fee1:f5f7,46312,,,2404:6800:4000:1017::9b,443,Dynamic,20:02:11,20:24:51,2026/06/11,2026/06/11,866726066636401,405856151004844,2405:0200:5213:2A:3903:220:2:6,Jionet,405856044a323,4058560c345c000,2026/06/11 20:13:03,11.493,18757320,21412176,HOME,Bihar,
,,,,,917301042183,917301042183,2409:40e4:1103:59d5:e0ce:3cff:fee1:f5f7,42168,,,2a03:2880:f311:8d:face:b00c:0:2,443,Dynamic,20:02:11,20:24:51,2026/06/11,2026/06/11,866726066636401,405856151004844,2405:0200:5213:2A:3903:220:2:6,Jionet,405856044a323,4058560c345c000,2026/06/11 20:12:55,11.544,18757320,21412176,HOME,Bihar,
,,,,,917301042183,917301042183,2409:40e4:1103:59d5:e0ce:3cff:fee1:f5f7,42484,,,2600:1901:0:8956::,443,Dynamic,20:02:11,20:24:51,2026/06/11,2026/06/11,866726066636401,405856151004844,2405:0200:5213:2A:3903:220:2:6,Jionet,405856044a323,4058560c345c000,2026/06/11 20:12:31,39.929,18757320,21412176,HOME,Bihar,
,,,,,917301042183,917301042183,2409:40e4:1103:59d5:e0ce:3cff:fee1:f5f7,40912,,,2404:6800:4000:1017::9b,443,Dynamic,20:02:11,20:24:51,2026/06/11,2026/06/11,866726066636401,405856151004844,2405:0200:5213:2A:3903:220:2:6,Jionet,405856044a323,4058560c345c000,2026/06/11 20:12:49,11.521,18757320,21412176,HOME,Bihar,
,,,,,917301042183,917301042183,2409:40e4:1103:59d5:e0ce:3cff:fee1:f5f7,38576,,,2404:6800:4000:1017::9b,443,Dynamic,20:02:11,20:24:51,2026/06/11,2026/06/11,866726066636401,405856151004844,2405:0200:5213:2A:3903:220:2:6,Jionet,405856044a323,4058560c345c000,2026/06/11 20:13:19,11.42,18757320,21412176,HOME,Bihar,
,,,,,917301042183,917301042183,2409:40e4:1103:59d5:e0ce:3cff:fee1:f5f7,43370,,,2600:1901:0:8956::,443,Dynamic,20:02:11,20:24:51,2026/06/11,2026/06/11,866726066636401,405856151004844,2405:0200:5213:2A:3903:220:2:6,Jionet,405856044a323,4058560c345c000,2026/06/11 20:13:01,36.331,18757320,21412176,HOME,Bihar,
,,,,,917301042183,917301042183,2409:40e4:1103:59d5:e0ce:3cff:fee1:f5f7,43380,,,2600:1901:0:8956::,443,Dynamic,20:02:11,20:24:51,2026/06/11,2026/06/11,866726066636401,405856151004844,2405:0200:5213:2A:3903:220:2:6,Jionet,405856044a323,4058560c345c000,2026/06/11 20:13:01,36.342,18757320,21412176,HOME,Bihar,
,,,,,917301042183,917301042183,2409:40e4:1103:59d5:e0ce:3cff:fee1:f5f7,40579,,,2a03:2880:f322:136:face:b00c:0:b1,3478,Dynamic,20:47:47,21:00:44,2026/06/11,2026/06/11,866726066636401,405856151004844,2405:0200:5213:2A:3903:220:2:6,Jionet,4058560c3478002,4058560139324,2026/06/11 20:53:38,92.312,1170045,1304921,HOME,Bihar,
,,,,,917301042183,917301042183,2409:40e4:1103:59d5:e0ce:3cff:fee1:f5f7,47458,,,2404:6800:4003:c20::bc,5228,Dynamic,20:47:47,21:00:44,2026/06/11,2026/06/11,866726066636401,405856151004844,2405:0200:5213:2A:3903:220:2:6,Jionet,4058560c3478002,4058560139324,2026/06/11 20:52:04,131.667,1170045,1304921,HOME,Bihar,
,,,,,917301042183,917301042183,2409:40e4:1103:59d5:e0ce:3cff:fee1:f5f7,40579,,,2a03:2880:f335:136:face:b00c:0:b1,3478,Dynamic,20:47:47,21:00:44,2026/06/11,2026/06/11,866726066636401,405856151004844,2405:0200:5213:2A:3903:220:2:6,Jionet,4058560c3478002,4058560139324,2026/06/11 20:53:38,100.044,1170045,1304921,HOME,Bihar,
,,,,,917301042183,917301042183,2409:40e4:1103:59d5:e0ce:3cff:fee1:f5f7,41908,,,2001:4860:4827:7700::,443,Dynamic,20:47:47,21:00:44,2026/06/11,2026/06/11,866726066636401,405856151004844,2405:0200:5213:2A:3903:220:2:6,Jionet,4058560c3478002,4058560139324,2026/06/11 20:52:58,80.752,1170045,1304921,HOME,Bihar,
,,,,,917301042183,917301042183,2409:40e4:1103:59d5:e0ce:3cff:fee1:f5f7,44322,,,2a03:2880:f346:c0:face:b00c:0:43fe,443,Dynamic,20:47:47,21:00:44,2026/06/11,2026/06/11,866726066636401,405856151004844,2405:0200:5213:2A:3903:220:2:6,Jionet,4058560c3478002,4058560139324,2026/06/11 20:52:15,106.724,1170045,1304921,HOME,Bihar,
,,,,,917301042183,917301042183,2409:40e4:1103:59d5:e0ce:3cff:fee1:f5f7,40579,,,2a03:2880:f288:1c6:face:b00c:0:177,3478,Dynamic,20:47:47,21:00:44,2026/06/11,2026/06/11,866726066636401,405856151004844,2405:0200:5213:2A:3903:220:2:6,Jionet,4058560c3478002,4058560139324,2026/06/11 20:53:38,115.799,1170045,1304921,HOME,Bihar,
,,,,,917301042183,917301042183,2409:40e4:1103:59d5:e0ce:3cff:fee1:f5f7,45443,,,2a03:2880:f349:c0:face:b00c:0:43fe,443,Dynamic,20:47:47,21:00:44,2026/06/11,2026/06/11,866726066636401,405856151004844,2405:0200:5213:2A:3903:220:2:6,Jionet,4058560c3478002,4058560139324,2026/06/11 20:52:16,108.514,1170045,1304921,HOME,Bihar,
,,,,,917301042183,917301042183,2409:40e4:1103:59d5:e0ce:3cff:fee1:f5f7,46872,,,2a03:2880:f311:8d:face:b00c:0:2,443,Dynamic,20:47:47,21:00:44,2026/06/11,2026/06/11,866726066636401,405856151004844,2405:0200:5213:2A:3903:220:2:6,Jionet,4058560c3478002,4058560139324,2026/06/11 20:54:28,11.524,1170045,1304921,HOME,Bihar,
,,,,,917301042183,917301042183,2409:40e4:1103:59d5:e0ce:3cff:fee1:f5f7,48415,,,2a03:2880:f26b:1c5:face:b00c:0:177,3478,Dynamic,20:30:28,20:47:47,2026/06/11,2026/06/11,866726066636401,405856151004844,2405:0200:5213:2A:3903:220:2:6,Jionet,4058560158b12,4058560c3458002,2026/06/11 20:42:27,63.234,8263280,12055797,HOME,Bihar,
,,,,,917301042183,917301042183,2409:40e4:1103:59d5:e0ce:3cff:fee1:f5f7,49536,,,2401:4900:b57b:ff6:e4e5:abff:fe8d:2879,37689,Dynamic,20:30:28,20:47:47,2026/06/11,2026/06/11,866726066636401,405856151004844,2405:0200:5213:2A:3903:220:2:6,Jionet,4058560158b12,4058560c3458002,2026/06/11 20:39:30,161.44,8263280,12055797,HOME,Bihar,
,,,,,917301042183,917301042183,2409:40e4:1103:59d5:e0ce:3cff:fee1:f5f7,39248,,,2001:4860:4802:38::87,443,Dynamic,20:30:28,20:47:47,2026/06/11,2026/06/11,866726066636401,405856151004844,2405:0200:5213:2A:3903:220:2:6,Jionet,4058560158b12,4058560c3458002,2026/06/11 20:40:51,122.199,8263280,12055797,HOME,Bihar,
,,,,,917301042183,917301042183,2409:40e4:1103:59d5:e0ce:3cff:fee1:f5f7,48910,,,2001:4860:4802:38::87,443,Dynamic,20:30:28,20:47:47,2026/06/11,2026/06/11,866726066636401,405856151004844,2405:0200:5213:2A:3903:220:2:6,Jionet,4058560158b12,4058560c3458002,2026/06/11 20:40:51,75.664,8263280,12055797,HOME,Bihar,
,,,,,917301042183,917301042183,2409:40e4:1103:59d5:e0ce:3cff:fee1:f5f7,49122,,,2404:6800:4000:101f::64,443,Dynamic,20:30:28,20:47:47,2026/06/11,2026/06/11,866726066636401,405856151004844,2405:0200:5213:2A:3903:220:2:6,Jionet,4058560158b12,4058560c3458002,2026/06/11 20:42:12,28.437,8263280,12055797,HOME,Bihar,
,,,,,917301042183,917301042183,2409:40e4:1103:59d5:e0ce:3cff:fee1:f5f7,45170,,,2a03:2880:f311:8d:face:b00c:0:2,443,Dynamic,20:30:28,20:47:47,2026/06/11,2026/06/11,866726066636401,405856151004844,2405:0200:5213:2A:3903:220:2:6,Jionet,4058560158b12,4058560c3458002,2026/06/11 20:42:04,11.666,8263280,12055797,HOME,Bihar,
,,,,,917301042183,917301042183,2409:40e4:1103:59d5:e0ce:3cff:fee1:f5f7,49134,,,2404:6800:4000:101f::64,443,Dynamic,20:30:28,20:47:47,2026/06/11,2026/06/11,866726066636401,405856151004844,2405:0200:5213:2A:3903:220:2:6,Jionet,4058560158b12,4058560c3458002,2026/06/11 20:42:12,28.429,8263280,12055797,HOME,Bihar,
,,,,,917301042183,917301042183,2409:40e4:1103:59d5:e0ce:3cff:fee1:f5f7,40232,,,2001:4860:4802:38::223,443,Dynamic,20:30:28,20:47:47,2026/06/11,2026/06/11,866726066636401,405856151004844,2405:0200:5213:2A:3903:220:2:6,Jionet,4058560158b12,4058560c3458002,2026/06/11 20:40:56,80.583,8263280,12055797,HOME,Bihar,
,,,,,917301042183,917301042183,2409:40e4:1103:59d5:e0ce:3cff:fee1:f5f7,48920,,,2001:4860:4802:38::87,443,Dynamic,20:30:28,20:47:47,2026/06/11,2026/06/11,866726066636401,405856151004844,2405:0200:5213:2A:3903:220:2:6,Jionet,4058560158b12,4058560c3458002,2026/06/11 20:40:51,116.715,8263280,12055797,HOME,Bihar,
,,,,,917301042183,917301042183,2409:40e4:1103:59d5:e0ce:3cff:fee1:f5f7,45806,,,2404:6800:4000:100e::64,443,Dynamic,20:30:28,20:47:47,2026/06/11,2026/06/11,866726066636401,405856151004844,2405:0200:5213:2A:3903:220:2:6,Jionet,4058560158b12,4058560c3458002,2026/06/11 20:40:52,73.922,8263280,12055797,HOME,Bihar,
,,,,,917301042183,917301042183,2409:40e4:1103:59d5:e0ce:3cff:fee1:f5f7,40234,,,2001:4860:4802:38::223,443,Dynamic,20:30:28,20:47:47,2026/06/11,2026/06/11,866726066636401,405856151004844,2405:0200:5213:2A:3903:220:2:6,Jionet,4058560158b12,4058560c3458002,2026/06/11 20:40:57,103.14,8263280,12055797,HOME,Bihar,
,,,,,917301042183,917301042183,2409:40e4:1103:59d5:e0ce:3cff:fee1:f5f7,47458,,,2404:6800:4003:c20::bc,5228,Dynamic,20:30:28,20:47:47,2026/06/11,2026/06/11,866726066636401,405856151004844,2405:0200:5213:2A:3903:220:2:6,Jionet,4058560158b12,4058560c3458002,2026/06/11 20:39:50,145.192,8263280,12055797,HOME,Bihar,
,,,,,917301042183,917301042183,2409:40e4:1103:59d5:e0ce:3cff:fee1:f5f7,46876,,,2001:4860:4802:34::223,443,Dynamic,20:30:28,20:47:47,2026/06/11,2026/06/11,866726066636401,405856151004844,2405:0200:5213:2A:3903:220:2:6,Jionet,4058560158b12,4058560c3458002,2026/06/11 20:41:30,70.253,8263280,12055797,HOME,Bihar,
,,,,,917301042183,917301042183,2409:40e4:1103:59d5:e0ce:3cff:fee1:f5f7,48892,,,2001:4860:4802:38::87,443,Dynamic,20:30:28,20:47:47,2026/06/11,2026/06/11,866726066636401,405856151004844,2405:0200:5213:2A:3903:220:2:6,Jionet,4058560158b12,4058560c3458002,2026/06/11 20:40:51,86.404,8263280,12055797,HOME,Bihar,
,,,,,917301042183,917301042183,2409:40e4:1103:59d5:e0ce:3cff:fee1:f5f7,48934,,,2001:4860:4802:38::87,443,Dynamic,20:30:28,20:47:47,2026/06/11,2026/06/11,866726066636401,405856151004844,2405:0200:5213:2A:3903:220:2:6,Jionet,4058560158b12,4058560c3458002,2026/06/11 20:40:51,107.654,8263280,12055797,HOME,Bihar,
,,,,,917301042183,917301042183,2409:40e4:1103:59d5:e0ce:3cff:fee1:f5f7,38542,,,2001:4860:4802:38::223,443,Dynamic,20:30:28,20:47:47,2026/06/11,2026/06/11,866726066636401,405856151004844,2405:0200:5213:2A:3903:220:2:6,Jionet,4058560158b12,4058560c3458002,2026/06/11 20:42:14,11.539,8263280,12055797,HOME,Bihar,
,,,,,917301042183,917301042183,2409:40e4:1103:59d5:e0ce:3cff:fee1:f5f7,41146,,,2001:4860:4802:32::223,443,Dynamic,20:30:28,20:47:47,2026/06/11,2026/06/11,866726066636401,405856151004844,2405:0200:5213:2A:3903:220:2:6,Jionet,4058560158b12,4058560c3458002,2026/06/11 20:41:01,113.989,8263280,12055797,HOME,Bihar,
,,,,,917301042183,917301042183,2409:40e4:1103:59d5:e0ce:3cff:fee1:f5f7,47123,,,2404:6800:4000:100e::64,443,Dynamic,20:30:28,20:47:47,2026/06/11,2026/06/11,866726066636401,405856151004844,2405:0200:5213:2A:3903:220:2:6,Jionet,4058560158b12,4058560c3458002,2026/06/11 20:40:55,88.576,8263280,12055797,HOME,Bihar,
,,,,,917301042183,917301042183,2409:40e4:1103:59d5:e0ce:3cff:fee1:f5f7,40321,,,2001:4860:4802:34::223,443,Dynamic,20:30:28,20:47:47,2026/06/11,2026/06/11,866726066636401,405856151004844,2405:0200:5213:2A:3903:220:2:6,Jionet,4058560158b12,4058560c3458002,2026/06/11 20:40:56,100.903,8263280,12055797,HOME,Bihar,
,,,,,917301042183,917301042183,2409:40e4:1103:59d5:e0ce:3cff:fee1:f5f7,44836,,,2a03:2880:f346:3:face:b00c:0:4c63,443,Dynamic,20:30:28,20:47:47,2026/06/11,2026/06/11,866726066636401,405856151004844,2405:0200:5213:2A:3903:220:2:6,Jionet,4058560158b12,4058560c3458002,2026/06/11 20:39:50,152.78,8263280,12055797,HOME,Bihar,
,,,,,917301042183,917301042183,2409:40e4:1103:59d5:e0ce:3cff:fee1:f5f7,48896,,,2001:4860:4802:38::87,443,Dynamic,20:30:28,20:47:47,2026/06/11,2026/06/11,866726066636401,405856151004844,2405:0200:5213:2A:3903:220:2:6,Jionet,4058560158b12,4058560c3458002,2026/06/11 20:40:51,120.603,8263280,12055797,HOME,Bihar,
,,,,,917301042183,917301042183,2409:40e4:1103:59d5:e0ce:3cff:fee1:f5f7,48876,,,2001:4860:4802:38::87,443,Dynamic,20:30:28,20:47:47,2026/06/11,2026/06/11,866726066636401,405856151004844,2405:0200:5213:2A:3903:220:2:6,Jionet,4058560158b12,4058560c3458002,2026/06/11 20:40:51,90.955,8263280,12055797,HOME,Bihar,
,,,,,917301042183,917301042183,2409:40e4:1103:59d5:e0ce:3cff:fee1:f5f7,43417,,,2001:4860:4802:38::87,443,Dynamic,20:30:28,20:47:47,2026/06/11,2026/06/11,866726066636401,405856151004844,2405:0200:5213:2A:3903:220:2:6,Jionet,4058560158b12,4058560c3458002,2026/06/11 20:40:51,112.336,8263280,12055797,HOME,Bihar,
,,,,,917301042183,917301042183,2409:40e4:1103:59d5:e0ce:3cff:fee1:f5f7,46707,,,2405:200:1630:ff8f:face:b00c:3333:4df0,3478,Dynamic,20:30:28,20:47:47,2026/06/11,2026/06/11,866726066636401,405856151004844,2405:0200:5213:2A:3903:220:2:6,Jionet,4058560158b12,4058560c3458002,2026/06/11 20:40:27,118.875,8263280,12055797,HOME,Bihar,
,,,,,917301042183,917301042183,2409:40e4:1103:59d5:e0ce:3cff:fee1:f5f7,40202,,,2404:6800:4000:100e::64,443,Dynamic,20:30:28,20:47:47,2026/06/11,2026/06/11,866726066636401,405856151004844,2405:0200:5213:2A:3903:220:2:6,Jionet,4058560158b12,4058560c3458002,2026/06/11 20:40:56,96.58,8263280,12055797,HOME,Bihar,
,,,,,917301042183,917301042183,2409:40e4:1103:59d5:e0ce:3cff:fee1:f5f7,46066,,,2001:4860:4802:38::223,443,Dynamic,20:30:28,20:47:47,2026/06/11,2026/06/11,866726066636401,405856151004844,2405:0200:5213:2A:3903:220:2:6,Jionet,4058560158b12,4058560c3458002,2026/06/11 20:42:12,13.177,8263280,12055797,HOME,Bihar,
,,,,,917301042183,917301042183,2409:40e4:1103:59d5:e0ce:3cff:fee1:f5f7,47365,,,2405:200:1630:b79:face:b00c:3333:a3f,443,Dynamic,20:02:11,20:24:51,2026/06/11,2026/06/11,866726066636401,405856151004844,2405:0200:5213:2A:3903:220:2:6,Jionet,405856044a323,4058560c345c000,2026/06/11 20:21:02,120.872,18757320,21412176,HOME,Bihar,
,,,,,917301042183,917301042183,2409:40e4:1103:59d5:e0ce:3cff:fee1:f5f7,37352,,,2a03:2880:f346:3:face:b00c:0:4c63,443,Dynamic,20:02:11,20:24:51,2026/06/11,2026/06/11,866726066636401,405856151004844,2405:0200:5213:2A:3903:220:2:6,Jionet,405856044a323,4058560c345c000,2026/06/11 20:20:41,153.236,18757320,21412176,HOME,Bihar,
,,,,,917301042183,917301042183,2409:40e4:1103:59d5:e0ce:3cff:fee1:f5f7,37582,,,2405:200:1633:2885:face:b00c:3333:a3f,443,Dynamic,20:02:11,20:24:51,2026/06/11,2026/06/11,866726066636401,405856151004844,2405:0200:5213:2A:3903:220:2:6,Jionet,405856044a323,4058560c345c000,2026/06/11 20:23:48,2.048,18757320,21412176,HOME,Bihar,
,,,,,917301042183,917301042183,2409:40e4:1103:59d5:e0ce:3cff:fee1:f5f7,38466,,,2a03:2880:f311:c4:face:b00c:0:21ba,443,Dynamic,20:02:11,20:24:51,2026/06/11,2026/06/11,866726066636401,405856151004844,2405:0200:5213:2A:3903:220:2:6,Jionet,405856044a323,4058560c345c000,2026/06/11 20:23:48,2.088,18757320,21412176,HOME,Bihar,
,,,,,917301042183,917301042183,2409:40e4:1103:59d5:e0ce:3cff:fee1:f5f7,45420,,,2a03:2880:f311:c0:face:b00c:0:43fe,443,Dynamic,20:02:11,20:24:51,2026/06/11,2026/06/11,866726066636401,405856151004844,2405:0200:5213:2A:3903:220:2:6,Jionet,405856044a323,4058560c345c000,2026/06/11 20:23:48,2.044,18757320,21412176,HOME,Bihar,
,,,,,917301042183,917301042183,2409:40e4:1103:59d5:e0ce:3cff:fee1:f5f7,40254,,,2a03:2880:f311:8d:face:b00c:0:2,443,Dynamic,20:02:11,20:24:51,2026/06/11,2026/06/11,866726066636401,405856151004844,2405:0200:5213:2A:3903:220:2:6,Jionet,405856044a323,4058560c345c000,2026/06/11 20:23:47,2.744,18757320,21412176,HOME,Bihar,
,,,,,917301042183,917301042183,2409:40e4:1103:59d5:e0ce:3cff:fee1:f5f7,46194,,,2001:b28:f23f:f005::a,443,Dynamic,20:24:51,20:30:28,2026/06/11,2026/06/11,866726066636401,405856151004844,2405:0200:5213:2A:3903:220:2:6,Jionet,4058560c3474010,405856044a323,2026/06/11 20:27:08,74.259,101822,372134,HOME,Bihar,
,,,,,917301042183,917301042183,2409:40e4:1103:59d5:e0ce:3cff:fee1:f5f7,37352,,,2a03:2880:f346:3:face:b00c:0:4c63,443,Dynamic,20:24:51,20:30:28,2026/06/11,2026/06/11,866726066636401,405856151004844,2405:0200:5213:2A:3903:220:2:6,Jionet,4058560c3474010,405856044a323,2026/06/11 20:25:42,152.877,101822,372134,HOME,Bihar,
,,,,,917301042183,917301042183,2409:40e4:1103:59d5:e0ce:3cff:fee1:f5f7,45777,,,2001:4860:4802:32::223,443,Dynamic,20:24:51,20:30:28,2026/06/11,2026/06/11,866726066636401,405856151004844,2405:0200:5213:2A:3903:220:2:6,Jionet,4058560c3474010,405856044a323,2026/06/11 20:30:00,116.54,101822,372134,HOME,Bihar,
,,,,,917301042183,917301042183,2409:40e4:1103:59d5:e0ce:3cff:fee1:f5f7,46552,,,2404:6800:4009:815::2002,443,Dynamic,20:30:28,20:47:47,2026/06/11,2026/06/11,866726066636401,405856151004844,2405:0200:5213:2A:3903:220:2:6,Jionet,4058560158b12,4058560c3458002,2026/06/11 20:31:19,11.469,8263280,12055797,HOME,Bihar,
,,,,,917301042183,917301042183,2409:40e4:1103:59d5:e0ce:3cff:fee1:f5f7,46608,,,2606:4700:3036::ac43:97bb,443,Dynamic,20:24:51,20:30:28,2026/06/11,2026/06/11,866726066636401,405856151004844,2405:0200:5213:2A:3903:220:2:6,Jionet,4058560c3474010,405856044a323,2026/06/11 20:30:25,89.949,101822,372134,HOME,Bihar,
,,,,,917301042183,917301042183,2409:40e4:1103:59d5:e0ce:3cff:fee1:f5f7,40448,,,2405:200:1630:b79:face:b00c:3333:7020,443,Dynamic,20:24:51,20:30:28,2026/06/11,2026/06/11,866726066636401,405856151004844,2405:0200:5213:2A:3903:220:2:6,Jionet,4058560c3474010,405856044a323,2026/06/11 20:30:25,68.962,101822,372134,HOME,Bihar,
,,,,,917301042183,917301042183,2409:40e4:1103:59d5:e0ce:3cff:fee1:f5f7,40234,,,2404:6800:4009:815::2002,443,Dynamic,20:30:28,20:47:47,2026/06/11,2026/06/11,866726066636401,405856151004844,2405:0200:5213:2A:3903:220:2:6,Jionet,4058560158b12,4058560c3458002,2026/06/11 20:31:40,11.524,8263280,12055797,HOME,Bihar,
,,,,,917301042183,917301042183,2409:40e4:1103:59d5:e0ce:3cff:fee1:f5f7,39028,,,2600:1901:0:8956::,443,Dynamic,20:30:28,20:47:47,2026/06/11,2026/06/11,866726066636401,405856151004844,2405:0200:5213:2A:3903:220:2:6,Jionet,4058560158b12,4058560c3458002,2026/06/11 20:30:53,36.346,8263280,12055797,HOME,Bihar,
,,,,,917301042183,917301042183,2409:40e4:1103:59d5:e0ce:3cff:fee1:f5f7,48126,,,2600:1901:0:8956::,443,Dynamic,20:24:51,20:30:28,2026/06/11,2026/06/11,866726066636401,405856151004844,2405:0200:5213:2A:3903:220:2:6,Jionet,4058560c3474010,405856044a323,2026/06/11 20:30:25,37.714,101822,372134,HOME,Bihar,
,,,,,917301042183,917301042183,2409:40e4:1103:59d5:e0ce:3cff:fee1:f5f7,46948,,,2a04:4e42:59::820,443,Dynamic,20:30:28,20:47:47,2026/06/11,2026/06/11,866726066636401,405856151004844,2405:0200:5213:2A:3903:220:2:6,Jionet,4058560158b12,4058560c3458002,2026/06/11 20:31:01,22.839,8263280,12055797,HOME,Bihar,
,,,,,917301042183,917301042183,2409:40e4:1103:59d5:e0ce:3cff:fee1:f5f7,41876,,,2404:6800:4009:815::2002,443,Dynamic,20:30:28,20:47:47,2026/06/11,2026/06/11,866726066636401,405856151004844,2405:0200:5213:2A:3903:220:2:6,Jionet,4058560158b12,4058560c3458002,2026/06/11 20:30:42,11.448,8263280,12055797,HOME,Bihar,
,,,,,917301042183,917301042183,2409:40e4:1103:59d5:e0ce:3cff:fee1:f5f7,46974,,,2a04:4e42:59::820,443,Dynamic,20:30:28,20:47:47,2026/06/11,2026/06/11,866726066636401,405856151004844,2405:0200:5213:2A:3903:220:2:6,Jionet,4058560158b12,4058560c3458002,2026/06/11 20:31:01,27.695,8263280,12055797,HOME,Bihar,
,,,,,917301042183,917301042183,2409:40e4:1103:59d5:e0ce:3cff:fee1:f5f7,37702,,,2404:6800:4009:815::2002,443,Dynamic,20:30:28,20:47:47,2026/06/11,2026/06/11,866726066636401,405856151004844,2405:0200:5213:2A:3903:220:2:6,Jionet,4058560158b12,4058560c3458002,2026/06/11 20:31:00,11.443,8263280,12055797,HOME,Bihar,
,,,,,917301042183,917301042183,2409:40e4:1103:59d5:e0ce:3cff:fee1:f5f7,46964,,,2a04:4e42:59::820,443,Dynamic,20:30:28,20:47:47,2026/06/11,2026/06/11,866726066636401,405856151004844,2405:0200:5213:2A:3903:220:2:6,Jionet,4058560158b12,4058560c3458002,2026/06/11 20:31:01,25.507,8263280,12055797,HOME,Bihar,
,,,,,917301042183,917301042183,2409:40e4:1103:59d5:e0ce:3cff:fee1:f5f7,41526,,,2600:9000:2003:e400:8:d483:80c0:93a1,443,Dynamic,20:24:51,20:30:28,2026/06/11,2026/06/11,866726066636401,405856151004844,2405:0200:5213:2A:3903:220:2:6,Jionet,4058560c3474010,405856044a323,2026/06/11 20:30:26,46.678,101822,372134,HOME,Bihar,
,,,,,917301042183,917301042183,2409:40e4:1103:59d5:e0ce:3cff:fee1:f5f7,46194,,,2001:b28:f23f:f005::a,443,Dynamic,20:24:51,20:30:28,2026/06/11,2026/06/11,866726066636401,405856151004844,2405:0200:5213:2A:3903:220:2:6,Jionet,4058560c3474010,405856044a323,2026/06/11 20:30:06,75.956,101822,372134,HOME,Bihar,
,,,,,917301042183,917301042183,2409:40e4:1103:59d5:e0ce:3cff:fee1:f5f7,37690,,,2404:6800:4009:815::2002,443,Dynamic,20:30:28,20:47:47,2026/06/11,2026/06/11,866726066636401,405856151004844,2405:0200:5213:2A:3903:220:2:6,Jionet,4058560158b12,4058560c3458002,2026/06/11 20:30:55,11.821,8263280,12055797,HOME,Bihar,
,,,,,917301042183,917301042183,2409:40e4:1103:59d5:e0ce:3cff:fee1:f5f7,46990,,,2a04:4e42:59::820,443,Dynamic,20:30:28,20:47:47,2026/06/11,2026/06/11,866726066636401,405856151004844,2405:0200:5213:2A:3903:220:2:6,Jionet,4058560158b12,4058560c3458002,2026/06/11 20:31:01,25.791,8263280,12055797,HOME,Bihar,
,,,,,917301042183,917301042183,2409:40e4:1103:59d5:e0ce:3cff:fee1:f5f7,47006,,,2a04:4e42:59::820,443,Dynamic,20:30:28,20:47:47,2026/06/11,2026/06/11,866726066636401,405856151004844,2405:0200:5213:2A:3903:220:2:6,Jionet,4058560158b12,4058560c3458002,2026/06/11 20:31:01,2.964,8263280,12055797,HOME,Bihar,
,,,,,917301042183,917301042183,2409:40e4:1103:59d5:e0ce:3cff:fee1:f5f7,44836,,,2a03:2880:f346:3:face:b00c:0:4c63,443,Dynamic,20:02:11,20:24:51,2026/06/11,2026/06/11,866726066636401,405856151004844,2405:0200:5213:2A:3903:220:2:6,Jionet,405856044a323,4058560c345c000,2026/06/11 20:10:17,65.412,18757320,21412176,HOME,Bihar,
,,,,,917301042183,917301042183,2409:40e4:1103:59d5:e0ce:3cff:fee1:f5f7,39784,,,2001:4860:4802:34::223,443,Dynamic,20:02:11,20:24:51,2026/06/11,2026/06/11,866726066636401,405856151004844,2405:0200:5213:2A:3903:220:2:6,Jionet,405856044a323,4058560c345c000,2026/06/11 20:09:54,115.433,18757320,21412176,HOME,Bihar,
,,,,,917301042183,917301042183,2409:40e4:1103:59d5:e0ce:3cff:fee1:f5f7,49026,,,2001:4860:4802:36::9e,443,Dynamic,20:02:11,20:24:51,2026/06/11,2026/06/11,866726066636401,405856151004844,2405:0200:5213:2A:3903:220:2:6,Jionet,405856044a323,4058560c345c000,2026/06/11 20:10:17,63.204,18757320,21412176,HOME,Bihar,
,,,,,917301042183,917301042183,2409:40e4:1103:59d5:e0ce:3cff:fee1:f5f7,38035,,,2001:4860:4802:36::9e,443,Dynamic,20:02:11,20:24:51,2026/06/11,2026/06/11,866726066636401,405856151004844,2405:0200:5213:2A:3903:220:2:6,Jionet,405856044a323,4058560c345c000,2026/06/11 20:10:16,96.44,18757320,21412176,HOME,Bihar,
,,,,,917301042183,917301042183,2409:40e4:1103:59d5:e0ce:3cff:fee1:f5f7,39429,,,2001:4860:4802:34::223,443,Dynamic,20:02:11,20:24:51,2026/06/11,2026/06/11,866726066636401,405856151004844,2405:0200:5213:2A:3903:220:2:6,Jionet,405856044a323,4058560c345c000,2026/06/11 20:09:54,98.704,18757320,21412176,HOME,Bihar,
,,,,,917301042183,917301042183,2409:40e4:1103:59d5:e0ce:3cff:fee1:f5f7,44256,,,2404:6800:4000:1006::65,443,Dynamic,20:02:11,20:24:51,2026/06/11,2026/06/11,866726066636401,405856151004844,2405:0200:5213:2A:3903:220:2:6,Jionet,405856044a323,4058560c345c000,2026/06/11 20:09:51,121.224,18757320,21412176,HOME,Bihar,
,,,,,917301042183,917301042183,2409:40e4:1103:59d5:e0ce:3cff:fee1:f5f7,49723,,,2404:6800:4000:1006::65,443,Dynamic,20:02:11,20:24:51,2026/06/11,2026/06/11,866726066636401,405856151004844,2405:0200:5213:2A:3903:220:2:6,Jionet,405856044a323,4058560c345c000,2026/06/11 20:09:51,96.463,18757320,21412176,HOME,Bihar,
,,,,,917301042183,917301042183,2409:40e4:1103:59d5:e0ce:3cff:fee1:f5f7,40782,,,2001:4860:4802:36::223,443,Dynamic,20:02:11,20:24:51,2026/06/11,2026/06/11,866726066636401,405856151004844,2405:0200:5213:2A:3903:220:2:6,Jionet,405856044a323,4058560c345c000,2026/06/11 20:10:13,103.369,18757320,21412176,HOME,Bihar,
,,,,,917301042183,917301042183,2409:40e4:1103:59d5:e0ce:3cff:fee1:f5f7,44436,,,2404:6800:4000:1006::65,443,Dynamic,20:02:11,20:24:51,2026/06/11,2026/06/11,866726066636401,405856151004844,2405:0200:5213:2A:3903:220:2:6,Jionet,405856044a323,4058560c345c000,2026/06/11 20:09:50,90.204,18757320,21412176,HOME,Bihar,
,,,,,917301042183,917301042183,2409:40e4:1103:59d5:e0ce:3cff:fee1:f5f7,38413,,,2001:4860:4802:34::223,443,Dynamic,20:02:11,20:24:51,2026/06/11,2026/06/11,866726066636401,405856151004844,2405:0200:5213:2A:3903:220:2:6,Jionet,405856044a323,4058560c345c000,2026/06/11 20:09:56,117.161,18757320,21412176,HOME,Bihar,
,,,,,917301042183,917301042183,2409:40e4:1103:59d5:e0ce:3cff:fee1:f5f7,48374,,,2404:6800:4000:1006::65,443,Dynamic,20:02:11,20:24:51,2026/06/11,2026/06/11,866726066636401,405856151004844,2405:0200:5213:2A:3903:220:2:6,Jionet,405856044a323,4058560c345c000,2026/06/11 20:09:50,104.373,18757320,21412176,HOME,Bihar,
,,,,,917301042183,917301042183,2409:40e4:1103:59d5:e0ce:3cff:fee1:f5f7,37695,,,2001:4860:4802:34::223,443,Dynamic,20:02:11,20:24:51,2026/06/11,2026/06/11,866726066636401,405856151004844,2405:0200:5213:2A:3903:220:2:6,Jionet,405856044a323,4058560c345c000,2026/06/11 20:09:57,111.45,18757320,21412176,HOME,Bihar,
,,,,,917301042183,917301042183,2409:40e4:1103:59d5:e0ce:3cff:fee1:f5f7,37024,,,2001:4860:4802:34::223,443,Dynamic,20:02:11,20:24:51,2026/06/11,2026/06/11,866726066636401,405856151004844,2405:0200:5213:2A:3903:220:2:6,Jionet,405856044a323,4058560c345c000,2026/06/11 20:09:50,127.136,18757320,21412176,HOME,Bihar,
,,,,,917301042183,917301042183,2409:40e4:1103:59d5:e0ce:3cff:fee1:f5f7,47458,,,2404:6800:4003:c20::bc,5228,Dynamic,20:02:11,20:24:51,2026/06/11,2026/06/11,866726066636401,405856151004844,2405:0200:5213:2A:3903:220:2:6,Jionet,405856044a323,4058560c345c000,2026/06/11 20:09:39,96.579,18757320,21412176,HOME,Bihar,
,,,,,917301042183,917301042183,2409:40e4:1103:59d5:e0ce:3cff:fee1:f5f7,37352,,,2a03:2880:f346:3:face:b00c:0:4c63,443,Dynamic,20:02:11,20:24:51,2026/06/11,2026/06/11,866726066636401,405856151004844,2405:0200:5213:2A:3903:220:2:6,Jionet,405856044a323,4058560c345c000,2026/06/11 20:07:40,214.788,18757320,21412176,HOME,Bihar,
,,,,,917301042183,917301042183,2409:40e4:1103:59d5:e0ce:3cff:fee1:f5f7,37440,,,2a03:2880:f346:8d:face:b00c:0:2,443,Dynamic,20:30:28,20:47:47,2026/06/11,2026/06/11,866726066636401,405856151004844,2405:0200:5213:2A:3903:220:2:6,Jionet,4058560158b12,4058560c3458002,2026/06/11 20:45:26,11.62,8263280,12055797,HOME,Bihar,
,,,,,917301042183,917301042183,2409:40e4:1103:59d5:e0ce:3cff:fee1:f5f7,48020,,,2404:6800:4000:101f::8b,443,Dynamic,20:47:47,21:00:44,2026/06/11,2026/06/11,866726066636401,405856151004844,2405:0200:5213:2A:3903:220:2:6,Jionet,4058560c3478002,4058560139324,2026/06/11 20:49:11,35.64,1170045,1304921,HOME,Bihar,
,,,,,917301042183,917301042183,2409:40e4:1103:59d5:e0ce:3cff:fee1:f5f7,39690,,,2001:4860:4802:38::223,443,Dynamic,20:47:47,21:00:44,2026/06/11,2026/06/11,866726066636401,405856151004844,2405:0200:5213:2A:3903:220:2:6,Jionet,4058560c3478002,4058560139324,2026/06/11 20:48:18,81.073,1170045,1304921,HOME,Bihar,
,,,,,917301042183,917301042183,2409:40e4:1103:59d5:e0ce:3cff:fee1:f5f7,39694,,,2001:4860:4802:38::223,443,Dynamic,20:47:47,21:00:44,2026/06/11,2026/06/11,866726066636401,405856151004844,2405:0200:5213:2A:3903:220:2:6,Jionet,4058560c3478002,4058560139324,2026/06/11 20:48:18,87.479,1170045,1304921,HOME,Bihar,
,,,,,917301042183,917301042183,2409:40e4:1103:59d5:e0ce:3cff:fee1:f5f7,47150,,,2001:4860:4802:38::223,443,Dynamic,20:47:47,21:00:44,2026/06/11,2026/06/11,866726066636401,405856151004844,2405:0200:5213:2A:3903:220:2:6,Jionet,4058560c3478002,4058560139324,2026/06/11 20:49:11,11.768,1170045,1304921,HOME,Bihar,
,,,,,917301042183,917301042183,2409:40e4:1103:59d5:e0ce:3cff:fee1:f5f7,40970,,,2404:6800:4000:101f::66,443,Dynamic,20:47:47,21:00:44,2026/06/11,2026/06/11,866726066636401,405856151004844,2405:0200:5213:2A:3903:220:2:6,Jionet,4058560c3478002,4058560139324,2026/06/11 20:49:11,35.64,1170045,1304921,HOME,Bihar,
,,,,,917301042183,917301042183,2409:40e4:1103:59d5:e0ce:3cff:fee1:f5f7,44836,,,2a03:2880:f346:3:face:b00c:0:4c63,443,Dynamic,20:47:47,20:47:48,2026/06/11,2026/06/11,866726066636401,405856151004844,2405:0200:5213:2A:3903:220:2:6,Jionet,4058560c3458002,4058560c3458002,2026/06/11 20:47:48,94.424,0,0,HOME,Bihar,
,,,,,917301042183,917301042183,2409:40e4:1103:59d5:e0ce:3cff:fee1:f5f7,44836,,,2a03:2880:f346:3:face:b00c:0:4c63,443,Dynamic,20:47:47,21:00:44,2026/06/11,2026/06/11,866726066636401,405856151004844,2405:0200:5213:2A:3903:220:2:6,Jionet,4058560c3478002,4058560139324,2026/06/11 20:47:48,94.424,1170045,1304921,HOME,Bihar,
,,,,,917301042183,917301042183,2409:40e4:1103:59d5:e0ce:3cff:fee1:f5f7,39688,,,2001:4860:4802:38::223,443,Dynamic,20:47:47,21:00:44,2026/06/11,2026/06/11,866726066636401,405856151004844,2405:0200:5213:2A:3903:220:2:6,Jionet,4058560c3478002,4058560139324,2026/06/11 20:48:18,88.761,1170045,1304921,HOME,Bihar,
,,,,,917301042183,917301042183,2409:40e4:1103:59d5:e0ce:3cff:fee1:f5f7,47148,,,2001:4860:4802:38::223,443,Dynamic,20:47:47,21:00:44,2026/06/11,2026/06/11,866726066636401,405856151004844,2405:0200:5213:2A:3903:220:2:6,Jionet,4058560c3478002,4058560139324,2026/06/11 20:49:11,11.795,1170045,1304921,HOME,Bihar,
,,,,,917301042183,917301042183,2409:40e4:1103:59d5:e0ce:3cff:fee1:f5f7,46194,,,2001:b28:f23f:f005::a,443,Dynamic,20:02:11,20:24:51,2026/06/11,2026/06/11,866726066636401,405856151004844,2405:0200:5213:2A:3903:220:2:6,Jionet,405856044a323,4058560c345c000,2026/06/11 20:18:04,78.273,18757320,21412176,HOME,Bihar,
,,,,,917301042183,917301042183,2409:40e4:1103:59d5:e0ce:3cff:fee1:f5f7,37352,,,2a03:2880:f346:3:face:b00c:0:4c63,443,Dynamic,20:02:11,20:24:51,2026/06/11,2026/06/11,866726066636401,405856151004844,2405:0200:5213:2A:3903:220:2:6,Jionet,405856044a323,4058560c345c000,2026/06/11 20:15:41,213.493,18757320,21412176,HOME,Bihar,
,,,,,917301042183,917301042183,2409:40e4:1103:59d5:e0ce:3cff:fee1:f5f7,44836,,,2a03:2880:f346:3:face:b00c:0:4c63,443,Dynamic,20:02:11,20:24:51,2026/06/11,2026/06/11,866726066636401,405856151004844,2405:0200:5213:2A:3903:220:2:6,Jionet,405856044a323,4058560c345c000,2026/06/11 20:17:41,161.779,18757320,21412176,HOME,Bihar,
,,,,,917301042183,917301042183,2409:40e4:1103:59d5:e0ce:3cff:fee1:f5f7,39128,,,2a03:2880:f346:90:face:b00c:0:8e,443,Dynamic,20:02:11,20:24:51,2026/06/11,2026/06/11,866726066636401,405856151004844,2405:0200:5213:2A:3903:220:2:6,Jionet,405856044a323,4058560c345c000,2026/06/11 20:21:01,14.888,18757320,21412176,HOME,Bihar,
,,,,,917301042183,917301042183,2409:40e4:1103:59d5:e0ce:3cff:fee1:f5f7,49076,,,2405:200:1630:b79:face:b00c:3333:a3f,443,Dynamic,20:02:11,20:24:51,2026/06/11,2026/06/11,866726066636401,405856151004844,2405:0200:5213:2A:3903:220:2:6,Jionet,405856044a323,4058560c345c000,2026/06/11 20:21:02,11.052,18757320,21412176,HOME,Bihar,
,,,,,917301042183,917301042183,2409:40e4:1103:59d5:e0ce:3cff:fee1:f5f7,41908,,,2a03:2880:f346:c4:face:b00c:0:21ba,443,Dynamic,20:02:11,20:24:51,2026/06/11,2026/06/11,866726066636401,405856151004844,2405:0200:5213:2A:3903:220:2:6,Jionet,405856044a323,4058560c345c000,2026/06/11 20:21:01,11.281,18757320,21412176,HOME,Bihar,
,,,,,917301042183,917301042183,2409:40e4:1103:59d5:e0ce:3cff:fee1:f5f7,44786,,,2a03:2880:f346:8d:face:b00c:0:2,443,Dynamic,20:02:11,20:24:51,2026/06/11,2026/06/11,866726066636401,405856151004844,2405:0200:5213:2A:3903:220:2:6,Jionet,405856044a323,4058560c345c000,2026/06/11 20:21:01,11.277,18757320,21412176,HOME,Bihar,
,,,,,917301042183,917301042183,2409:40e4:1103:59d5:e0ce:3cff:fee1:f5f7,39378,,,2a03:2880:f311:c0:face:b00c:0:43fe,443,Dynamic,20:02:11,20:24:51,2026/06/11,2026/06/11,866726066636401,405856151004844,2405:0200:5213:2A:3903:220:2:6,Jionet,405856044a323,4058560c345c000,2026/06/11 20:21:01,11.281,18757320,21412176,HOME,Bihar,
,,,,,917301042183,917301042183,2409:40e4:1103:59d5:e0ce:3cff:fee1:f5f7,45942,,,2405:200:1630:ff95:face:b00c:3333:a3f,443,Dynamic,20:02:11,20:24:51,2026/06/11,2026/06/11,866726066636401,405856151004844,2405:0200:5213:2A:3903:220:2:6,Jionet,405856044a323,4058560c345c000,2026/06/11 20:21:02,11.056,18757320,21412176,HOME,Bihar,
,,,,,917301042183,917301042183,2409:40e4:1103:59d5:e0ce:3cff:fee1:f5f7,39384,,,2a03:2880:f311:c0:face:b00c:0:43fe,443,Dynamic,20:02:11,20:24:51,2026/06/11,2026/06/11,866726066636401,405856151004844,2405:0200:5213:2A:3903:220:2:6,Jionet,405856044a323,4058560c345c000,2026/06/11 20:21:01,11.281,18757320,21412176,HOME,Bihar,
,,,,,917301042183,917301042183,2409:40e4:1103:59d5:e0ce:3cff:fee1:f5f7,39400,,,2a03:2880:f311:c0:face:b00c:0:43fe,443,Dynamic,20:02:11,20:24:51,2026/06/11,2026/06/11,866726066636401,405856151004844,2405:0200:5213:2A:3903:220:2:6,Jionet,405856044a323,4058560c345c000,2026/06/11 20:21:01,2.056,18757320,21412176,HOME,Bihar,
,,,,,917301042183,917301042183,2409:40e4:1103:59d5:e0ce:3cff:fee1:f5f7,48892,,,2001:4860:4802:38::87,443,Dynamic,20:30:28,20:47:47,2026/06/11,2026/06/11,866726066636401,405856151004844,2405:0200:5213:2A:3903:220:2:6,Jionet,4058560158b12,4058560c3458002,2026/06/11 20:44:52,85.836,8263280,12055797,HOME,Bihar,
,,,,,917301042183,917301042183,2409:40e4:1103:59d5:e0ce:3cff:fee1:f5f7,48934,,,2001:4860:4802:38::87,443,Dynamic,20:30:28,20:47:47,2026/06/11,2026/06/11,866726066636401,405856151004844,2405:0200:5213:2A:3903:220:2:6,Jionet,4058560158b12,4058560c3458002,2026/06/11 20:44:52,106.92,8263280,12055797,HOME,Bihar,
,,,,,917301042183,917301042183,2409:40e4:1103:59d5:e0ce:3cff:fee1:f5f7,48876,,,2001:4860:4802:38::87,443,Dynamic,20:30:28,20:47:47,2026/06/11,2026/06/11,866726066636401,405856151004844,2405:0200:5213:2A:3903:220:2:6,Jionet,4058560158b12,4058560c3458002,2026/06/11 20:44:52,90.356,8263280,12055797,HOME,Bihar,
,,,,,917301042183,917301042183,2409:40e4:1103:59d5:e0ce:3cff:fee1:f5f7,40070,,,2001:4860:4802:34::223,443,Dynamic,20:30:28,20:47:47,2026/06/11,2026/06/11,866726066636401,405856151004844,2405:0200:5213:2A:3903:220:2:6,Jionet,4058560158b12,4058560c3458002,2026/06/11 20:45:22,74.951,8263280,12055797,HOME,Bihar,
,,,,,917301042183,917301042183,2409:40e4:1103:59d5:e0ce:3cff:fee1:f5f7,48182,,,2001:b28:f23f:f005::a,443,Dynamic,20:30:28,20:47:47,2026/06/11,2026/06/11,866726066636401,405856151004844,2405:0200:5213:2A:3903:220:2:6,Jionet,4058560158b12,4058560c3458002,2026/06/11 20:45:54,21.951,8263280,12055797,HOME,Bihar,
,,,,,917301042183,917301042183,2409:40e4:1103:59d5:e0ce:3cff:fee1:f5f7,39618,,,2001:b28:f23f:f005::a,443,Dynamic,20:30:28,20:47:47,2026/06/11,2026/06/11,866726066636401,405856151004844,2405:0200:5213:2A:3903:220:2:6,Jionet,4058560158b12,4058560c3458002,2026/06/11 20:45:58,15.932,8263280,12055797,HOME,Bihar,
,,,,,917301042183,917301042183,2409:40e4:1103:59d5:e0ce:3cff:fee1:f5f7,48910,,,2001:4860:4802:38::87,443,Dynamic,20:30:28,20:47:47,2026/06/11,2026/06/11,866726066636401,405856151004844,2405:0200:5213:2A:3903:220:2:6,Jionet,4058560158b12,4058560c3458002,2026/06/11 20:44:52,74.896,8263280,12055797,HOME,Bihar,
,,,,,917301042183,917301042183,2409:40e4:1103:59d5:e0ce:3cff:fee1:f5f7,44760,,,2a03:2880:f346:8d:face:b00c:0:2,443,Dynamic,20:24:51,20:30:28,2026/06/11,2026/06/11,866726066636401,405856151004844,2405:0200:5213:2A:3903:220:2:6,Jionet,4058560c3474010,405856044a323,2026/06/11 20:28:48,11.588,101822,372134,HOME,Bihar,
,,,,,917301042183,917301042183,2409:40e4:1103:59d5:e0ce:3cff:fee1:f5f7,42952,,,2a03:2880:f311:121:face:b00c:0:7260,443,Dynamic,20:24:51,20:30:28,2026/06/11,2026/06/11,866726066636401,405856151004844,2405:0200:5213:2A:3903:220:2:6,Jionet,4058560c3474010,405856044a323,2026/06/11 20:28:19,86.521,101822,372134,HOME,Bihar,
,,,,,917301042183,917301042183,2409:40e4:1103:59d5:e0ce:3cff:fee1:f5f7,40448,,,2405:200:1630:b79:face:b00c:3333:7020,443,Dynamic,20:24:51,20:30:28,2026/06/11,2026/06/11,866726066636401,405856151004844,2405:0200:5213:2A:3903:220:2:6,Jionet,4058560c3474010,405856044a323,2026/06/11 20:28:20,74.208,101822,372134,HOME,Bihar,
,,,,,917301042183,917301042183,2409:40e4:1103:59d5:e0ce:3cff:fee1:f5f7,44836,,,2a03:2880:f346:3:face:b00c:0:4c63,443,Dynamic,20:24:51,20:30:28,2026/06/11,2026/06/11,866726066636401,405856151004844,2405:0200:5213:2A:3903:220:2:6,Jionet,4058560c3474010,405856044a323,2026/06/11 20:27:30,113.364,101822,372134,HOME,Bihar,
,,,,,917301042183,917301042183,2409:40e4:1103:59d5:e0ce:3cff:fee1:f5f7,46098,,,2405:200:1630:b79:face:b00c:3333:a3f,443,Dynamic,20:02:11,20:24:51,2026/06/11,2026/06/11,866726066636401,405856151004844,2405:0200:5213:2A:3903:220:2:6,Jionet,405856044a323,4058560c345c000,2026/06/11 20:16:45,74.757,18757320,21412176,HOME,Bihar,
,,,,,917301042183,917301042183,2409:40e4:1103:59d5:e0ce:3cff:fee1:f5f7,48280,,,2a03:2880:f346:121:face:b00c:0:7260,443,Dynamic,20:30:28,20:47:47,2026/06/11,2026/06/11,866726066636401,405856151004844,2405:0200:5213:2A:3903:220:2:6,Jionet,4058560158b12,4058560c3458002,2026/06/11 20:42:22,402.963,8263280,12055797,HOME,Bihar,
,,,,,917301042183,917301042183,2409:40e4:1103:59d5:e0ce:3cff:fee1:f5f7,37352,,,2a03:2880:f346:3:face:b00c:0:4c63,443,Dynamic,20:30:28,20:47:47,2026/06/11,2026/06/11,866726066636401,405856151004844,2405:0200:5213:2A:3903:220:2:6,Jionet,4058560158b12,4058560c3458002,2026/06/11 20:45:44,210.95,8263280,12055797,HOME,Bihar,
,,,,,917301042183,917301042183,2409:40e4:1103:59d5:e0ce:3cff:fee1:f5f7,47458,,,2404:6800:4003:c20::bc,5228,Dynamic,20:30:28,20:47:47,2026/06/11,2026/06/11,866726066636401,405856151004844,2405:0200:5213:2A:3903:220:2:6,Jionet,4058560158b12,4058560c3458002,2026/06/11 20:45:54,141.636,8263280,12055797,HOME,Bihar,
,,,,,917301042183,917301042183,2409:40e4:1103:59d5:e0ce:3cff:fee1:f5f7,41590,,,2001:4860:4802:36::223,443,Dynamic,20:30:28,20:47:47,2026/06/11,2026/06/11,866726066636401,405856151004844,2405:0200:5213:2A:3903:220:2:6,Jionet,4058560158b12,4058560c3458002,2026/06/11 20:46:56,84.745,8263280,12055797,HOME,Bihar,
,,,,,917301042183,917301042183,2409:40e4:1103:59d5:e0ce:3cff:fee1:f5f7,37118,,,2600:1901:0:8956::,443,Dynamic,20:47:47,21:00:44,2026/06/11,2026/06/11,866726066636401,405856151004844,2405:0200:5213:2A:3903:220:2:6,Jionet,4058560c3478002,4058560139324,2026/06/11 20:56:44,36.464,1170045,1304921,HOME,Bihar,
,,,,,917301042183,917301042183,2409:40e4:1103:59d5:e0ce:3cff:fee1:f5f7,44836,,,2a03:2880:f346:3:face:b00c:0:4c63,443,Dynamic,20:47:47,21:00:44,2026/06/11,2026/06/11,866726066636401,405856151004844,2405:0200:5213:2A:3903:220:2:6,Jionet,4058560c3478002,4058560139324,2026/06/11 20:55:12,71.34,1170045,1304921,HOME,Bihar,
,,,,,917301042183,917301042183,2409:40e4:1103:59d5:e0ce:3cff:fee1:f5f7,41378,,,2404:6800:4009:80e::2002,443,Dynamic,20:47:47,21:00:44,2026/06/11,2026/06/11,866726066636401,405856151004844,2405:0200:5213:2A:3903:220:2:6,Jionet,4058560c3478002,4058560139324,2026/06/11 20:57:02,11.479,1170045,1304921,HOME,Bihar,
,,,,,917301042183,917301042183,2409:40e4:1103:59d5:e0ce:3cff:fee1:f5f7,47796,,,2a03:2880:f369:136:face:b00c:0:b1,3478,Dynamic,20:47:47,21:00:44,2026/06/11,2026/06/11,866726066636401,405856151004844,2405:0200:5213:2A:3903:220:2:6,Jionet,4058560c3478002,4058560139324,2026/06/11 20:55:13,70.36,1170045,1304921,HOME,Bihar,
,,,,,917301042183,917301042183,2409:40e4:1103:59d5:e0ce:3cff:fee1:f5f7,37132,,,2600:1901:0:8956::,443,Dynamic,20:47:47,21:00:44,2026/06/11,2026/06/11,866726066636401,405856151004844,2405:0200:5213:2A:3903:220:2:6,Jionet,4058560c3478002,4058560139324,2026/06/11 20:56:47,36.519,1170045,1304921,HOME,Bihar,
,,,,,917301042183,917301042183,2409:40e4:1103:59d5:e0ce:3cff:fee1:f5f7,47796,,,2a03:2880:f358:136:face:b00c:0:b1,3478,Dynamic,20:47:47,21:00:44,2026/06/11,2026/06/11,866726066636401,405856151004844,2405:0200:5213:2A:3903:220:2:6,Jionet,4058560c3478002,4058560139324,2026/06/11 20:55:13,72.921,1170045,1304921,HOME,Bihar,
,,,,,917301042183,917301042183,2409:40e4:1103:59d5:e0ce:3cff:fee1:f5f7,44048,,,2001:4860:4802:38::223,443,Dynamic,20:47:47,21:00:44,2026/06/11,2026/06/11,866726066636401,405856151004844,2405:0200:5213:2A:3903:220:2:6,Jionet,4058560c3478002,4058560139324,2026/06/11 20:55:58,11.138,1170045,1304921,HOME,Bihar,
,,,,,917301042183,917301042183,2409:40e4:1103:59d5:e0ce:3cff:fee1:f5f7,40463,,,2001:4860:4802:34::223,443,Dynamic,20:47:47,21:00:44,2026/06/11,2026/06/11,866726066636401,405856151004844,2405:0200:5213:2A:3903:220:2:6,Jionet,4058560c3478002,4058560139324,2026/06/11 20:55:04,100.997,1170045,1304921,HOME,Bihar,
,,,,,917301042183,917301042183,2409:40e4:1103:59d5:e0ce:3cff:fee1:f5f7,37352,,,2a03:2880:f346:3:face:b00c:0:4c63,443,Dynamic,20:47:47,21:00:44,2026/06/11,2026/06/11,866726066636401,405856151004844,2405:0200:5213:2A:3903:220:2:6,Jionet,4058560c3478002,4058560139324,2026/06/11 20:52:45,210.163,1170045,1304921,HOME,Bihar,
,,,,,917301042183,917301042183,2409:40e4:1103:59d5:e0ce:3cff:fee1:f5f7,47796,,,2a03:2880:f322:136:face:b00c:0:b1,3478,Dynamic,20:47:47,21:00:44,2026/06/11,2026/06/11,866726066636401,405856151004844,2405:0200:5213:2A:3903:220:2:6,Jionet,4058560c3478002,4058560139324,2026/06/11 20:55:13,86.385,1170045,1304921,HOME,Bihar,
,,,,,917301042183,917301042183,2409:40e4:1103:59d5:e0ce:3cff:fee1:f5f7,38660,,,2001:b28:f23f:f005::a,443,Dynamic,20:47:47,21:00:44,2026/06/11,2026/06/11,866726066636401,405856151004844,2405:0200:5213:2A:3903:220:2:6,Jionet,4058560c3478002,4058560139324,2026/06/11 20:56:48,16.44,1170045,1304921,HOME,Bihar,
,,,,,917301042183,917301042183,2409:40e4:1103:59d5:e0ce:3cff:fee1:f5f7,38956,,,2001:b28:f23f:f005::a,443,Dynamic,20:47:47,21:00:44,2026/06/11,2026/06/11,866726066636401,405856151004844,2405:0200:5213:2A:3903:220:2:6,Jionet,4058560c3478002,4058560139324,2026/06/11 20:56:44,21.388,1170045,1304921,HOME,Bihar,
,,,,,917301042183,917301042183,2409:40e4:1103:59d5:e0ce:3cff:fee1:f5f7,37924,,,2404:6800:4009:80e::2002,443,Dynamic,20:47:47,21:00:44,2026/06/11,2026/06/11,866726066636401,405856151004844,2405:0200:5213:2A:3903:220:2:6,Jionet,4058560c3478002,4058560139324,2026/06/11 20:56:49,11.524,1170045,1304921,HOME,Bihar,
,,,,,917301042183,917301042183,2409:40e4:1103:59d5:e0ce:3cff:fee1:f5f7,40362,,,2401:4900:b57b:ff6:e4e5:abff:fe8d:2879,53762,Dynamic,20:47:47,21:00:44,2026/06/11,2026/06/11,866726066636401,405856151004844,2405:0200:5213:2A:3903:220:2:6,Jionet,4058560c3478002,4058560139324,2026/06/11 20:56:06,96.423,1170045,1304921,HOME,Bihar,
,,,,,917301042183,917301042183,2409:40e4:1103:59d5:e0ce:3cff:fee1:f5f7,40362,,,2a03:2880:f322:136:face:b00c:0:b1,3478,Dynamic,20:47:47,21:00:44,2026/06/11,2026/06/11,866726066636401,405856151004844,2405:0200:5213:2A:3903:220:2:6,Jionet,4058560c3478002,4058560139324,2026/06/11 20:56:01,83.516,1170045,1304921,HOME,Bihar,
,,,,,917301042183,917301042183,2409:40e4:1103:59d5:e0ce:3cff:fee1:f5f7,38556,,,2600:9000:2003:ba00:8:d483:80c0:93a1,443,Dynamic,20:47:47,21:00:44,2026/06/11,2026/06/11,866726066636401,405856151004844,2405:0200:5213:2A:3903:220:2:6,Jionet,4058560c3478002,4058560139324,2026/06/11 20:56:49,63.714,1170045,1304921,HOME,Bihar,
,,,,,917301042183,917301042183,2409:40e4:1103:59d5:e0ce:3cff:fee1:f5f7,39664,,,2600:1901:0:8956::,443,Dynamic,20:47:47,21:00:44,2026/06/11,2026/06/11,866726066636401,405856151004844,2405:0200:5213:2A:3903:220:2:6,Jionet,4058560c3478002,4058560139324,2026/06/11 20:56:44,45.94,1170045,1304921,HOME,Bihar,
,,,,,917301042183,917301042183,2409:40e4:1103:59d5:e0ce:3cff:fee1:f5f7,40362,,,2a03:2880:f334:136:face:b00c:0:b1,3478,Dynamic,20:47:47,21:00:44,2026/06/11,2026/06/11,866726066636401,405856151004844,2405:0200:5213:2A:3903:220:2:6,Jionet,4058560c3478002,4058560139324,2026/06/11 20:56:01,109.012,1170045,1304921,HOME,Bihar,
,,,,,917301042183,917301042183,2409:40e4:1103:59d5:e0ce:3cff:fee1:f5f7,45882,,,2404:6800:4009:80e::2002,443,Dynamic,20:47:47,21:00:44,2026/06/11,2026/06/11,866726066636401,405856151004844,2405:0200:5213:2A:3903:220:2:6,Jionet,4058560c3478002,4058560139324,2026/06/11 20:57:24,11.359,1170045,1304921,HOME,Bihar,
,,,,,917301042183,917301042183,2409:40e4:1103:59d5:e0ce:3cff:fee1:f5f7,39676,,,2600:1901:0:8956::,443,Dynamic,20:47:47,21:00:44,2026/06/11,2026/06/11,866726066636401,405856151004844,2405:0200:5213:2A:3903:220:2:6,Jionet,4058560c3478002,4058560139324,2026/06/11 20:57:21,36.553,1170045,1304921,HOME,Bihar,
,,,,,917301042183,917301042183,2409:40e4:1103:59d5:e0ce:3cff:fee1:f5f7,48546,,,2a03:2880:f346:121:face:b00c:0:7260,443,Dynamic,20:47:47,21:00:44,2026/06/11,2026/06/11,866726066636401,405856151004844,2405:0200:5213:2A:3903:220:2:6,Jionet,4058560c3478002,4058560139324,2026/06/11 20:52:35,295.508,1170045,1304921,HOME,Bihar,
,,,,,917301042183,917301042183,2409:40e4:1103:59d5:e0ce:3cff:fee1:f5f7,38934,,,2404:6800:4009:80e::2002,443,Dynamic,20:47:47,21:00:44,2026/06/11,2026/06/11,866726066636401,405856151004844,2405:0200:5213:2A:3903:220:2:6,Jionet,4058560c3478002,4058560139324,2026/06/11 20:57:43,11.919,1170045,1304921,HOME,Bihar,
,,,,,917301042183,917301042183,2409:40e4:1103:59d5:e0ce:3cff:fee1:f5f7,40362,,,2a03:2880:f288:1c6:face:b00c:0:177,3478,Dynamic,20:47:47,21:00:44,2026/06/11,2026/06/11,866726066636401,405856151004844,2405:0200:5213:2A:3903:220:2:6,Jionet,4058560c3478002,4058560139324,2026/06/11 20:56:01,91.792,1170045,1304921,HOME,Bihar,
,,,,,917301042183,917301042183,2409:40e4:1103:59d5:e0ce:3cff:fee1:f5f7,45534,,,2001:4860:4802:36::223,443,Dynamic,20:47:47,21:00:44,2026/06/11,2026/06/11,866726066636401,405856151004844,2405:0200:5213:2A:3903:220:2:6,Jionet,4058560c3478002,4058560139324,2026/06/11 20:56:37,77.784,1170045,1304921,HOME,Bihar,
,,,,,917301042183,917301042183,2409:40e4:1103:59d5:e0ce:3cff:fee1:f5f7,44836,,,2a03:2880:f346:3:face:b00c:0:4c63,443,Dynamic,20:47:47,21:00:44,2026/06/11,2026/06/11,866726066636401,405856151004844,2405:0200:5213:2A:3903:220:2:6,Jionet,4058560c3478002,4058560139324,2026/06/11 20:56:49,94.373,1170045,1304921,HOME,Bihar,
,,,,,917301042183,917301042183,2409:40e4:1103:59d5:e0ce:3cff:fee1:f5f7,45083,,,2001:4860:4802:36::223,443,Dynamic,20:47:47,21:00:44,2026/06/11,2026/06/11,866726066636401,405856151004844,2405:0200:5213:2A:3903:220:2:6,Jionet,4058560c3478002,4058560139324,2026/06/11 20:57:34,109.497,1170045,1304921,HOME,Bihar,
,,,,,917301042183,917301042183,2409:40e4:1103:59d5:e0ce:3cff:fee1:f5f7,38214,,,2001:4860:4802:36::223,443,Dynamic,20:47:47,21:00:44,2026/06/11,2026/06/11,866726066636401,405856151004844,2405:0200:5213:2A:3903:220:2:6,Jionet,4058560c3478002,4058560139324,2026/06/11 20:56:48,92.128,1170045,1304921,HOME,Bihar,
,,,,,917301042183,917301042183,2409:40e4:1103:59d5:e0ce:3cff:fee1:f5f7,41150,,,2405:200:1607:2820:41::36,443,Dynamic,20:47:47,21:00:44,2026/06/11,2026/06/11,866726066636401,405856151004844,2405:0200:5213:2A:3903:220:2:6,Jionet,4058560c3478002,4058560139324,2026/06/11 20:57:45,94.567,1170045,1304921,HOME,Bihar,
,,,,,917301042183,917301042183,2409:40e4:1103:59d5:e0ce:3cff:fee1:f5f7,38258,,,2405:200:1607:2820:41::36,443,Dynamic,20:47:47,21:00:44,2026/06/11,2026/06/11,866726066636401,405856151004844,2405:0200:5213:2A:3903:220:2:6,Jionet,4058560c3478002,4058560139324,2026/06/11 20:56:46,96.857,1170045,1304921,HOME,Bihar,
,,,,,917301042183,917301042183,2409:40e4:1103:59d5:e0ce:3cff:fee1:f5f7,48690,,,2600:1901:0:8956::,443,Dynamic,20:47:47,21:00:44,2026/06/11,2026/06/11,866726066636401,405856151004844,2405:0200:5213:2A:3903:220:2:6,Jionet,4058560c3478002,4058560139324,2026/06/11 20:58:58,37.06,1170045,1304921,HOME,Bihar,
,,,,,917301042183,917301042183,2409:40e4:1103:59d5:e0ce:3cff:fee1:f5f7,48216,,,2404:6800:4000:1006::9b,443,Dynamic,20:47:47,21:00:44,2026/06/11,2026/06/11,866726066636401,405856151004844,2405:0200:5213:2A:3903:220:2:6,Jionet,4058560c3478002,4058560139324,2026/06/11 20:57:22,86.355,1170045,1304921,HOME,Bihar,
,,,,,917301042183,917301042183,2409:40e4:1103:59d5:e0ce:3cff:fee1:f5f7,45127,,,2a03:2880:f311:8d:face:b00c:0:2,443,Dynamic,20:47:47,21:00:44,2026/06/11,2026/06/11,866726066636401,405856151004844,2405:0200:5213:2A:3903:220:2:6,Jionet,4058560c3478002,4058560139324,2026/06/11 20:56:49,103.651,1170045,1304921,HOME,Bihar,
,,,,,917301042183,917301042183,2409:40e4:1103:59d5:e0ce:3cff:fee1:f5f7,39940,,,2404:6800:4009:80b::2002,443,Dynamic,20:47:47,21:00:44,2026/06/11,2026/06/11,866726066636401,405856151004844,2405:0200:5213:2A:3903:220:2:6,Jionet,4058560c3478002,4058560139324,2026/06/11 20:59:21,11.371,1170045,1304921,HOME,Bihar,
,,,,,917301042183,917301042183,2409:40e4:1103:59d5:e0ce:3cff:fee1:f5f7,37496,,,2405:200:1607:2820:41::36,443,Dynamic,20:47:47,21:00:44,2026/06/11,2026/06/11,866726066636401,405856151004844,2405:0200:5213:2A:3903:220:2:6,Jionet,4058560c3478002,4058560139324,2026/06/11 20:57:23,73.319,1170045,1304921,HOME,Bihar,
,,,,,917301042183,917301042183,2409:40e4:1103:59d5:e0ce:3cff:fee1:f5f7,37352,,,2a03:2880:f346:3:face:b00c:0:4c63,443,Dynamic,20:47:47,21:00:44,2026/06/11,2026/06/11,866726066636401,405856151004844,2405:0200:5213:2A:3903:220:2:6,Jionet,4058560c3478002,4058560139324,2026/06/11 20:56:45,89.956,1170045,1304921,HOME,Bihar,
,,,,,917301042183,917301042183,2409:40e4:1103:59d5:e0ce:3cff:fee1:f5f7,46480,,,2600:1901:0:8956::,443,Dynamic,20:47:47,21:00:44,2026/06/11,2026/06/11,866726066636401,405856151004844,2405:0200:5213:2A:3903:220:2:6,Jionet,4058560c3478002,4058560139324,2026/06/11 20:57:48,41.208,1170045,1304921,HOME,Bihar,
,,,,,917301042183,917301042183,2409:40e4:1103:59d5:e0ce:3cff:fee1:f5f7,46160,,,2600:1901:0:8956::,443,Dynamic,20:47:47,21:00:44,2026/06/11,2026/06/11,866726066636401,405856151004844,2405:0200:5213:2A:3903:220:2:6,Jionet,4058560c3478002,4058560139324,2026/06/11 20:57:33,36.641,1170045,1304921,HOME,Bihar,
,,,,,917301042183,917301042183,2409:40e4:1103:59d5:e0ce:3cff:fee1:f5f7,39652,,,2600:1901:0:8956::,443,Dynamic,20:47:47,21:00:44,2026/06/11,2026/06/11,866726066636401,405856151004844,2405:0200:5213:2A:3903:220:2:6,Jionet,4058560c3478002,4058560139324,2026/06/11 20:56:44,135.923,1170045,1304921,HOME,Bihar,
,,,,,917301042183,917301042183,2409:40e4:1103:59d5:e0ce:3cff:fee1:f5f7,44362,,,2404:6800:4009:80b::2002,443,Dynamic,20:47:47,21:00:44,2026/06/11,2026/06/11,866726066636401,405856151004844,2405:0200:5213:2A:3903:220:2:6,Jionet,4058560c3478002,4058560139324,2026/06/11 20:58:01,11.496,1170045,1304921,HOME,Bihar,
,,,,,917301042183,917301042183,2409:40e4:1103:59d5:e0ce:3cff:fee1:f5f7,47440,,,2404:6800:4009:80b::2002,443,Dynamic,20:47:47,21:00:44,2026/06/11,2026/06/11,866726066636401,405856151004844,2405:0200:5213:2A:3903:220:2:6,Jionet,4058560c3478002,4058560139324,2026/06/11 20:59:01,11.439,1170045,1304921,HOME,Bihar,
,,,,,917301042183,917301042183,2409:40e4:1103:59d5:e0ce:3cff:fee1:f5f7,37382,,,2606:4700:99e2:98e3:bd59:c1c:895:a7f2,443,Dynamic,20:47:47,21:00:44,2026/06/11,2026/06/11,866726066636401,405856151004844,2405:0200:5213:2A:3903:220:2:6,Jionet,4058560c3478002,4058560139324,2026/06/11 20:59:01,11.108,1170045,1304921,HOME,Bihar,
,,,,,917301042183,917301042183,2409:40e4:1103:59d5:e0ce:3cff:fee1:f5f7,48010,,,2405:200:1607:2820:41::36,443,Dynamic,20:30:28,20:47:47,2026/06/11,2026/06/11,866726066636401,405856151004844,2405:0200:5213:2A:3903:220:2:6,Jionet,4058560158b12,4058560c3458002,2026/06/11 20:33:04,95.788,8263280,12055797,HOME,Bihar,
,,,,,917301042183,917301042183,2409:40e4:1103:59d5:e0ce:3cff:fee1:f5f7,41436,,,2a03:2880:f368:136:face:b00c:0:b1,3478,Dynamic,20:30:28,20:47:47,2026/06/11,2026/06/11,866726066636401,405856151004844,2405:0200:5213:2A:3903:220:2:6,Jionet,4058560158b12,4058560c3458002,2026/06/11 20:33:36,102.276,8263280,12055797,HOME,Bihar,
,,,,,917301042183,917301042183,2409:40e4:1103:59d5:e0ce:3cff:fee1:f5f7,45142,,,2600:1901:0:8956::,443,Dynamic,20:30:28,20:47:47,2026/06/11,2026/06/11,866726066636401,405856151004844,2405:0200:5213:2A:3903:220:2:6,Jionet,4058560158b12,4058560c3458002,2026/06/11 20:33:01,100.445,8263280,12055797,HOME,Bihar,
,,,,,917301042183,917301042183,2409:40e4:1103:59d5:e0ce:3cff:fee1:f5f7,44836,,,2a03:2880:f346:3:face:b00c:0:4c63,443,Dynamic,20:30:28,20:47:47,2026/06/11,2026/06/11,866726066636401,405856151004844,2405:0200:5213:2A:3903:220:2:6,Jionet,4058560158b12,4058560c3458002,2026/06/11 20:33:35,107.644,8263280,12055797,HOME,Bihar,
,,,,,917301042183,917301042183,2409:40e4:1103:59d5:e0ce:3cff:fee1:f5f7,47101,,,2401:4900:b57b:ff6:e4e5:abff:fe8d:2879,52578,Dynamic,20:30:28,20:47:47,2026/06/11,2026/06/11,866726066636401,405856151004844,2405:0200:5213:2A:3903:220:2:6,Jionet,4058560158b12,4058560c3458002,2026/06/11 20:32:11,157.828,8263280,12055797,HOME,Bihar,
,,,,,917301042183,917301042183,2409:40e4:1103:59d5:e0ce:3cff:fee1:f5f7,47458,,,2404:6800:4003:c20::bc,5228,Dynamic,20:30:28,20:47:47,2026/06/11,2026/06/11,866726066636401,405856151004844,2405:0200:5213:2A:3903:220:2:6,Jionet,4058560158b12,4058560c3458002,2026/06/11 20:33:35,100.069,8263280,12055797,HOME,Bihar,
,,,,,917301042183,917301042183,2409:40e4:1103:59d5:e0ce:3cff:fee1:f5f7,41436,,,2a03:2880:f358:136:face:b00c:0:b1,3478,Dynamic,20:30:28,20:47:47,2026/06/11,2026/06/11,866726066636401,405856151004844,2405:0200:5213:2A:3903:220:2:6,Jionet,4058560158b12,4058560c3458002,2026/06/11 20:33:36,82.16,8263280,12055797,HOME,Bihar,
,,,,,917301042183,917301042183,2409:40e4:1103:59d5:e0ce:3cff:fee1:f5f7,44518,,,2404:6800:4000:1006::9d,443,Dynamic,20:30:28,20:47:47,2026/06/11,2026/06/11,866726066636401,405856151004844,2405:0200:5213:2A:3903:220:2:6,Jionet,4058560158b12,4058560c3458002,2026/06/11 20:33:22,73.913,8263280,12055797,HOME,Bihar,
,,,,,917301042183,917301042183,2409:40e4:1103:59d5:e0ce:3cff:fee1:f5f7,41436,,,2a03:2880:f322:136:face:b00c:0:b1,3478,Dynamic,20:30:28,20:47:47,2026/06/11,2026/06/11,866726066636401,405856151004844,2405:0200:5213:2A:3903:220:2:6,Jionet,4058560158b12,4058560c3458002,2026/06/11 20:33:36,96.927,8263280,12055797,HOME,Bihar,
,,,,,917301042183,917301042183,2409:40e4:1103:59d5:e0ce:3cff:fee1:f5f7,38793,,,2a03:2880:f311:8d:face:b00c:0:2,443,Dynamic,20:30:28,20:47:47,2026/06/11,2026/06/11,866726066636401,405856151004844,2405:0200:5213:2A:3903:220:2:6,Jionet,4058560158b12,4058560c3458002,2026/06/11 20:32:39,111.969,8263280,12055797,HOME,Bihar,
,,,,,917301042183,917301042183,2409:40e4:1103:59d5:e0ce:3cff:fee1:f5f7,39688,,,2405:200:1607:2820:41::36,443,Dynamic,20:30:28,20:47:47,2026/06/11,2026/06/11,866726066636401,405856151004844,2405:0200:5213:2A:3903:220:2:6,Jionet,4058560158b12,4058560c3458002,2026/06/11 20:33:23,94.231,8263280,12055797,HOME,Bihar,
,,,,,917301042183,917301042183,2409:40e4:1103:59d5:e0ce:3cff:fee1:f5f7,41302,,,2600:9000:2738:1600:3:145:eb40:93a1,443,Dynamic,20:30:28,20:47:47,2026/06/11,2026/06/11,866726066636401,405856151004844,2405:0200:5213:2A:3903:220:2:6,Jionet,4058560158b12,4058560c3458002,2026/06/11 20:33:49,37.089,8263280,12055797,HOME,Bihar,
,,,,,917301042183,917301042183,2409:40e4:1103:59d5:e0ce:3cff:fee1:f5f7,41172,,,2404:6800:4000:1006::9b,443,Dynamic,20:24:51,20:30:28,2026/06/11,2026/06/11,866726066636401,405856151004844,2405:0200:5213:2A:3903:220:2:6,Jionet,4058560c3474010,405856044a323,2026/06/11 20:30:25,272.289,101822,372134,HOME,Bihar,
,,,,,917301042183,917301042183,2409:40e4:1103:59d5:e0ce:3cff:fee1:f5f7,42755,,,2001:4860:4802:32::223,443,Dynamic,20:30:28,20:47:47,2026/06/11,2026/06/11,866726066636401,405856151004844,2405:0200:5213:2A:3903:220:2:6,Jionet,4058560158b12,4058560c3458002,2026/06/11 20:33:02,75.994,8263280,12055797,HOME,Bihar,
,,,,,917301042183,917301042183,2409:40e4:1103:59d5:e0ce:3cff:fee1:f5f7,49094,,,2600:9000:2738:6600:19:14ed:c7c0:93a1,443,Dynamic,20:30:28,20:47:47,2026/06/11,2026/06/11,866726066636401,405856151004844,2405:0200:5213:2A:3903:220:2:6,Jionet,4058560158b12,4058560c3458002,2026/06/11 20:33:48,37.161,8263280,12055797,HOME,Bihar,
,,,,,917301042183,917301042183,2409:40e4:1103:59d5:e0ce:3cff:fee1:f5f7,46608,,,2606:4700:3036::ac43:97bb,443,Dynamic,20:30:28,20:47:47,2026/06/11,2026/06/11,866726066636401,405856151004844,2405:0200:5213:2A:3903:220:2:6,Jionet,4058560158b12,4058560c3458002,2026/06/11 20:35:32,12.627,8263280,12055797,HOME,Bihar,
,,,,,917301042183,917301042183,2409:40e4:1103:59d5:e0ce:3cff:fee1:f5f7,46190,,,2001:b28:f23f:f005::a,443,Dynamic,20:02:11,20:24:51,2026/06/11,2026/06/11,866726066636401,405856151004844,2405:0200:5213:2A:3903:220:2:6,Jionet,405856044a323,4058560c345c000,2026/06/11 20:05:57,484.803,18757320,21412176,HOME,Bihar,
,,,,,917301042183,917301042183,2409:40e4:1103:59d5:e0ce:3cff:fee1:f5f7,42478,,,2600:1901:0:8956::,443,Dynamic,20:02:11,20:24:51,2026/06/11,2026/06/11,866726066636401,405856151004844,2405:0200:5213:2A:3903:220:2:6,Jionet,405856044a323,4058560c345c000,2026/06/11 20:12:31,117.879,18757320,21412176,HOME,Bihar,
,,,,,917301042183,917301042183,2409:40e4:1103:59d5:e0ce:3cff:fee1:f5f7,49057,,,2001:4860:482c:7700::,443,Dynamic,20:02:11,20:24:51,2026/06/11,2026/06/11,866726066636401,405856151004844,2405:0200:5213:2A:3903:220:2:6,Jionet,405856044a323,4058560c345c000,2026/06/11 20:14:01,83.212,18757320,21412176,HOME,Bihar,
,,,,,917301042183,917301042183,2409:40e4:1103:59d5:e0ce:3cff:fee1:f5f7,39254,,,2001:4860:4802:38::223,443,Dynamic,20:02:11,20:24:51,2026/06/11,2026/06/11,866726066636401,405856151004844,2405:0200:5213:2A:3903:220:2:6,Jionet,405856044a323,4058560c345c000,2026/06/11 20:12:31,104.492,18757320,21412176,HOME,Bihar,
,,,,,917301042183,917301042183,2409:40e4:1103:59d5:e0ce:3cff:fee1:f5f7,45778,,,2405:200:1607:2820:41::36,443,Dynamic,20:02:11,20:24:51,2026/06/11,2026/06/11,866726066636401,405856151004844,2405:0200:5213:2A:3903:220:2:6,Jionet,405856044a323,4058560c345c000,2026/06/11 20:12:33,117.058,18757320,21412176,HOME,Bihar,
,,,,,917301042183,917301042183,2409:40e4:1103:59d5:e0ce:3cff:fee1:f5f7,44836,,,2a03:2880:f346:3:face:b00c:0:4c63,443,Dynamic,20:02:11,20:24:51,2026/06/11,2026/06/11,866726066636401,405856151004844,2405:0200:5213:2A:3903:220:2:6,Jionet,405856044a323,4058560c345c000,2026/06/11 20:14:00,83.093,18757320,21412176,HOME,Bihar,
,,,,,917301042183,917301042183,2409:40e4:1103:59d5:e0ce:3cff:fee1:f5f7,39116,,,2a03:2880:f311:8d:face:b00c:0:2,443,Dynamic,20:02:11,20:24:51,2026/06/11,2026/06/11,866726066636401,405856151004844,2405:0200:5213:2A:3903:220:2:6,Jionet,405856044a323,4058560c345c000,2026/06/11 20:14:06,2.052,18757320,21412176,HOME,Bihar,
,,,,,917301042183,917301042183,2409:40e4:1103:59d5:e0ce:3cff:fee1:f5f7,46968,,,2001:4860:4802:38::223,443,Dynamic,20:02:11,20:24:51,2026/06/11,2026/06/11,866726066636401,405856151004844,2405:0200:5213:2A:3903:220:2:6,Jionet,405856044a323,4058560c345c000,2026/06/11 20:13:22,68.712,18757320,21412176,HOME,Bihar,
,,,,,917301042183,917301042183,2409:40e4:1103:59d5:e0ce:3cff:fee1:f5f7,48670,,,2404:6800:4000:1006::9b,443,Dynamic,20:02:11,20:24:51,2026/06/11,2026/06/11,866726066636401,405856151004844,2405:0200:5213:2A:3903:220:2:6,Jionet,405856044a323,4058560c345c000,2026/06/11 20:12:32,126.624,18757320,21412176,HOME,Bihar,
,,,,,917301042183,917301042183,2409:40e4:1103:59d5:e0ce:3cff:fee1:f5f7,44334,,,2404:6800:4000:1006::9b,443,Dynamic,20:02:11,20:24:51,2026/06/11,2026/06/11,866726066636401,405856151004844,2405:0200:5213:2A:3903:220:2:6,Jionet,405856044a323,4058560c345c000,2026/06/11 20:13:02,88.66,18757320,21412176,HOME,Bihar,
,,,,,917301042183,917301042183,2409:40e4:1103:59d5:e0ce:3cff:fee1:f5f7,43568,,,2001:4860:4802:32::223,443,Dynamic,20:02:11,20:24:51,2026/06/11,2026/06/11,866726066636401,405856151004844,2405:0200:5213:2A:3903:220:2:6,Jionet,405856044a323,4058560c345c000,2026/06/11 20:14:46,11.018,18757320,21412176,HOME,Bihar,
,,,,,917301042183,917301042183,2409:40e4:1103:59d5:e0ce:3cff:fee1:f5f7,47458,,,2404:6800:4003:c20::bc,5228,Dynamic,20:02:11,20:24:51,2026/06/11,2026/06/11,866726066636401,405856151004844,2405:0200:5213:2A:3903:220:2:6,Jionet,405856044a323,4058560c345c000,2026/06/11 20:13:56,79.328,18757320,21412176,HOME,Bihar,
,,,,,917301042183,917301042183,2409:40e4:1103:59d5:e0ce:3cff:fee1:f5f7,44130,,,2606:4700:3117::6812:3222,443,Dynamic,20:02:11,20:24:51,2026/06/11,2026/06/11,866726066636401,405856151004844,2405:0200:5213:2A:3903:220:2:6,Jionet,405856044a323,4058560c345c000,2026/06/11 20:13:20,88.709,18757320,21412176,HOME,Bihar,
,,,,,917301042183,917301042183,2409:40e4:1103:59d5:e0ce:3cff:fee1:f5f7,37352,,,2a03:2880:f346:3:face:b00c:0:4c63,443,Dynamic,20:02:11,20:24:51,2026/06/11,2026/06/11,866726066636401,405856151004844,2405:0200:5213:2A:3903:220:2:6,Jionet,405856044a323,4058560c345c000,2026/06/11 20:11:40,214.368,18757320,21412176,HOME,Bihar,
,,,,,917301042183,917301042183,2409:40e4:1103:59d5:e0ce:3cff:fee1:f5f7,47430,,,2001:4860:482c:7700::,443,Dynamic,20:02:11,20:24:51,2026/06/11,2026/06/11,866726066636401,405856151004844,2405:0200:5213:2A:3903:220:2:6,Jionet,405856044a323,4058560c345c000,2026/06/11 20:14:01,95.209,18757320,21412176,HOME,Bihar,
,,,,,917301042183,917301042183,2409:40e4:1103:59d5:e0ce:3cff:fee1:f5f7,45756,,,2405:200:1607:2820:41::36,443,Dynamic,20:02:11,20:24:51,2026/06/11,2026/06/11,866726066636401,405856151004844,2405:0200:5213:2A:3903:220:2:6,Jionet,405856044a323,4058560c345c000,2026/06/11 20:13:03,123.744,18757320,21412176,HOME,Bihar,
,,,,,917301042183,917301042183,2409:40e4:1103:59d5:e0ce:3cff:fee1:f5f7,46098,,,2404:6800:4009:802::2003,443,Dynamic,20:02:11,20:24:51,2026/06/11,2026/06/11,866726066636401,405856151004844,2405:0200:5213:2A:3903:220:2:6,Jionet,405856044a323,4058560c345c000,2026/06/11 20:13:58,78.012,18757320,21412176,HOME,Bihar,
,,,,,917301042183,917301042183,2409:40e4:1103:59d5:e0ce:3cff:fee1:f5f7,43836,,,2401:4900:b57b:ff6:e4e5:abff:fe8d:2879,48337,Dynamic,20:02:11,20:24:51,2026/06/11,2026/06/11,866726066636401,405856151004844,2405:0200:5213:2A:3903:220:2:6,Jionet,405856044a323,4058560c345c000,2026/06/11 20:05:17,123.908,18757320,21412176,HOME,Bihar,
,,,,,917301042183,917301042183,2409:40e4:1103:59d5:e0ce:3cff:fee1:f5f7,37358,,,2001:67c:4e8:f002::a,443,Dynamic,20:02:11,20:24:51,2026/06/11,2026/06/11,866726066636401,405856151004844,2405:0200:5213:2A:3903:220:2:6,Jionet,405856044a323,4058560c345c000,2026/06/11 20:06:38,13.005,18757320,21412176,HOME,Bihar,
,,,,,917301042183,917301042183,2409:40e4:1103:59d5:e0ce:3cff:fee1:f5f7,37376,,,2a03:2880:f346:c0:face:b00c:0:43fe,443,Dynamic,20:02:11,20:24:51,2026/06/11,2026/06/11,866726066636401,405856151004844,2405:0200:5213:2A:3903:220:2:6,Jionet,405856044a323,4058560c345c000,2026/06/11 20:05:57,76.701,18757320,21412176,HOME,Bihar,
,,,,,917301042183,917301042183,2409:40e4:1103:59d5:e0ce:3cff:fee1:f5f7,37356,,,2001:67c:4e8:f002::a,443,Dynamic,20:02:11,20:24:51,2026/06/11,2026/06/11,866726066636401,405856151004844,2405:0200:5213:2A:3903:220:2:6,Jionet,405856044a323,4058560c345c000,2026/06/11 20:06:36,12.976,18757320,21412176,HOME,Bihar,
,,,,,917301042183,917301042183,2409:40e4:1103:59d5:e0ce:3cff:fee1:f5f7,48608,,,2001:67c:4e8:f002::a,443,Dynamic,20:02:11,20:24:51,2026/06/11,2026/06/11,866726066636401,405856151004844,2405:0200:5213:2A:3903:220:2:6,Jionet,405856044a323,4058560c345c000,2026/06/11 20:06:32,45.02,18757320,21412176,HOME,Bihar,
,,,,,917301042183,917301042183,2409:40e4:1103:59d5:e0ce:3cff:fee1:f5f7,48616,,,2001:67c:4e8:f002::a,443,Dynamic,20:02:11,20:24:51,2026/06/11,2026/06/11,866726066636401,405856151004844,2405:0200:5213:2A:3903:220:2:6,Jionet,405856044a323,4058560c345c000,2026/06/11 20:06:33,12.8,18757320,21412176,HOME,Bihar,
,,,,,917301042183,917301042183,2409:40e4:1103:59d5:e0ce:3cff:fee1:f5f7,43399,,,2405:200:1613:2885:face:b00c:3333:a3f,443,Dynamic,20:02:11,20:24:51,2026/06/11,2026/06/11,866726066636401,405856151004844,2405:0200:5213:2A:3903:220:2:6,Jionet,405856044a323,4058560c345c000,2026/06/11 20:05:58,80.507,18757320,21412176,HOME,Bihar,
,,,,,917301042183,917301042183,2409:40e4:1103:59d5:e0ce:3cff:fee1:f5f7,37344,,,2001:67c:4e8:f002::a,443,Dynamic,20:02:11,20:24:51,2026/06/11,2026/06/11,866726066636401,405856151004844,2405:0200:5213:2A:3903:220:2:6,Jionet,405856044a323,4058560c345c000,2026/06/11 20:06:34,12.819,18757320,21412176,HOME,Bihar,
,,,,,917301042183,917301042183,2409:40e4:1103:59d5:e0ce:3cff:fee1:f5f7,37352,,,2a03:2880:f346:3:face:b00c:0:4c63,443,Dynamic,20:02:11,20:24:51,2026/06/11,2026/06/11,866726066636401,405856151004844,2405:0200:5213:2A:3903:220:2:6,Jionet,405856044a323,4058560c345c000,2026/06/11 20:04:40,154.913,18757320,21412176,HOME,Bihar,
,,,,,917301042183,917301042183,2409:40e4:1103:59d5:e0ce:3cff:fee1:f5f7,37372,,,2001:67c:4e8:f002::a,443,Dynamic,20:02:11,20:24:51,2026/06/11,2026/06/11,866726066636401,405856151004844,2405:0200:5213:2A:3903:220:2:6,Jionet,405856044a323,4058560c345c000,2026/06/11 20:06:40,57.307,18757320,21412176,HOME,Bihar,
,,,,,917301042183,917301042183,2409:40e4:1103:59d5:e0ce:3cff:fee1:f5f7,46194,,,2001:b28:f23f:f005::a,443,Dynamic,20:02:11,20:24:51,2026/06/11,2026/06/11,866726066636401,405856151004844,2405:0200:5213:2A:3903:220:2:6,Jionet,405856044a323,4058560c345c000,2026/06/11 20:06:02,80.44,18757320,21412176,HOME,Bihar,
,,,,,917301042183,917301042183,2409:40e4:1103:59d5:e0ce:3cff:fee1:f5f7,44374,,,2405:200:1630:b79:face:b00c:3333:a3f,443,Dynamic,20:02:11,20:24:51,2026/06/11,2026/06/11,866726066636401,405856151004844,2405:0200:5213:2A:3903:220:2:6,Jionet,405856044a323,4058560c345c000,2026/06/11 20:05:58,101.017,18757320,21412176,HOME,Bihar,
,,,,,917301042183,917301042183,2409:40e4:1103:59d5:e0ce:3cff:fee1:f5f7,48771,,,2a03:2880:f346:c0:face:b00c:0:43fe,443,Dynamic,20:02:11,20:24:51,2026/06/11,2026/06/11,866726066636401,405856151004844,2405:0200:5213:2A:3903:220:2:6,Jionet,405856044a323,4058560c345c000,2026/06/11 20:05:58,71.895,18757320,21412176,HOME,Bihar,
,,,,,917301042183,917301042183,2409:40e4:1103:59d5:e0ce:3cff:fee1:f5f7,49126,,,2a03:2880:f346:90:face:b00c:0:8e,443,Dynamic,20:02:11,20:24:51,2026/06/11,2026/06/11,866726066636401,405856151004844,2405:0200:5213:2A:3903:220:2:6,Jionet,405856044a323,4058560c345c000,2026/06/11 20:05:57,10.915,18757320,21412176,HOME,Bihar,
,,,,,917301042183,917301042183,2409:40e4:1103:59d5:e0ce:3cff:fee1:f5f7,43570,,,2405:200:1613:2885:face:b00c:3333:a3f,443,Dynamic,20:02:11,20:24:51,2026/06/11,2026/06/11,866726066636401,405856151004844,2405:0200:5213:2A:3903:220:2:6,Jionet,405856044a323,4058560c345c000,2026/06/11 20:05:58,2.105,18757320,21412176,HOME,Bihar,
,,,,,917301042183,917301042183,2409:40e4:1103:59d5:e0ce:3cff:fee1:f5f7,49814,,,2405:200:1630:b79:face:b00c:3333:a3f,443,Dynamic,20:02:11,20:24:51,2026/06/11,2026/06/11,866726066636401,405856151004844,2405:0200:5213:2A:3903:220:2:6,Jionet,405856044a323,4058560c345c000,2026/06/11 20:05:58,2.063,18757320,21412176,HOME,Bihar,
,,,,,917301042183,917301042183,2409:40e4:1103:59d5:e0ce:3cff:fee1:f5f7,40338,,,2a03:2880:f346:c4:face:b00c:0:21ba,443,Dynamic,20:02:11,20:24:51,2026/06/11,2026/06/11,866726066636401,405856151004844,2405:0200:5213:2A:3903:220:2:6,Jionet,405856044a323,4058560c345c000,2026/06/11 20:05:57,105.492,18757320,21412176,HOME,Bihar,
,,,,,917301042183,917301042183,2409:40e4:1103:59d5:e0ce:3cff:fee1:f5f7,47044,,,2001:67c:4e8:f002::a,443,Dynamic,20:02:11,20:24:51,2026/06/11,2026/06/11,866726066636401,405856151004844,2405:0200:5213:2A:3903:220:2:6,Jionet,405856044a323,4058560c345c000,2026/06/11 20:07:42,12.871,18757320,21412176,HOME,Bihar,
,,,,,917301042183,917301042183,2409:40e4:1103:59d5:e0ce:3cff:fee1:f5f7,47034,,,2001:67c:4e8:f002::a,443,Dynamic,20:02:11,20:24:51,2026/06/11,2026/06/11,866726066636401,405856151004844,2405:0200:5213:2A:3903:220:2:6,Jionet,405856044a323,4058560c345c000,2026/06/11 20:07:40,12.916,18757320,21412176,HOME,Bihar,
,,,,,917301042183,917301042183,2409:40e4:1103:59d5:e0ce:3cff:fee1:f5f7,47008,,,2001:67c:4e8:f002::a,443,Dynamic,20:02:11,20:24:51,2026/06/11,2026/06/11,866726066636401,405856151004844,2405:0200:5213:2A:3903:220:2:6,Jionet,405856044a323,4058560c345c000,2026/06/11 20:07:36,12.892,18757320,21412176,HOME,Bihar,
,,,,,917301042183,917301042183,2409:40e4:1103:59d5:e0ce:3cff:fee1:f5f7,39633,,,2a03:2880:f311:8d:face:b00c:0:2,443,Dynamic,20:02:11,20:24:51,2026/06/11,2026/06/11,866726066636401,405856151004844,2405:0200:5213:2A:3903:220:2:6,Jionet,405856044a323,4058560c345c000,2026/06/11 20:05:58,109.445,18757320,21412176,HOME,Bihar,
,,,,,917301042183,917301042183,2409:40e4:1103:59d5:e0ce:3cff:fee1:f5f7,47018,,,2001:67c:4e8:f002::a,443,Dynamic,20:02:11,20:24:51,2026/06/11,2026/06/11,866726066636401,405856151004844,2405:0200:5213:2A:3903:220:2:6,Jionet,405856044a323,4058560c345c000,2026/06/11 20:07:38,12.9,18757320,21412176,HOME,Bihar,
,,,,,917301042183,917301042183,2409:40e4:1103:59d5:e0ce:3cff:fee1:f5f7,42948,,,2404:6800:4009:802::2003,443,Dynamic,20:02:11,20:24:51,2026/06/11,2026/06/11,866726066636401,405856151004844,2405:0200:5213:2A:3903:220:2:6,Jionet,405856044a323,4058560c345c000,2026/06/11 20:13:58,110.561,18757320,21412176,HOME,Bihar,
,,,,,917301042183,917301042183,2409:40e4:1103:59d5:e0ce:3cff:fee1:f5f7,44019,,,2405:200:1630:b79:face:b00c:0:a7,443,Dynamic,20:02:11,20:24:51,2026/06/11,2026/06/11,866726066636401,405856151004844,2405:0200:5213:2A:3903:220:2:6,Jionet,405856044a323,4058560c345c000,2026/06/11 20:14:07,111.501,18757320,21412176,HOME,Bihar,
,,,,,917301042183,917301042183,2409:40e4:1103:59d5:e0ce:3cff:fee1:f5f7,40408,,,2a03:2880:f311:8d:face:b00c:0:2,443,Dynamic,20:02:11,20:24:51,2026/06/11,2026/06/11,866726066636401,405856151004844,2405:0200:5213:2A:3903:220:2:6,Jionet,405856044a323,4058560c345c000,2026/06/11 20:14:06,103.016,18757320,21412176,HOME,Bihar,
,,,,,917301042183,917301042183,2409:40e4:1103:59d5:e0ce:3cff:fee1:f5f7,40439,,,2a03:2880:f346:c4:face:b00c:0:21ba,443,Dynamic,20:02:11,20:24:51,2026/06/11,2026/06/11,866726066636401,405856151004844,2405:0200:5213:2A:3903:220:2:6,Jionet,405856044a323,4058560c345c000,2026/06/11 20:21:01,75.732,18757320,21412176,HOME,Bihar,
,,,,,917301042183,917301042183,2409:40e4:1103:59d5:e0ce:3cff:fee1:f5f7,40637,,,2a03:2880:f311:c0:face:b00c:0:43fe,443,Dynamic,20:02:11,20:24:51,2026/06/11,2026/06/11,866726066636401,405856151004844,2405:0200:5213:2A:3903:220:2:6,Jionet,405856044a323,4058560c345c000,2026/06/11 20:21:01,96.168,18757320,21412176,HOME,Bihar,
,,,,,917301042183,917301042183,2409:40e4:1103:59d5:e0ce:3cff:fee1:f5f7,46322,,,2405:200:1630:ff95:face:b00c:3333:a3f,443,Dynamic,20:02:11,20:24:51,2026/06/11,2026/06/11,866726066636401,405856151004844,2405:0200:5213:2A:3903:220:2:6,Jionet,405856044a323,4058560c345c000,2026/06/11 20:21:02,62.453,18757320,21412176,HOME,Bihar,
,,,,,917301042183,917301042183,2409:40e4:1103:59d5:e0ce:3cff:fee1:f5f7,40510,,,2a03:2880:f346:8d:face:b00c:0:2,443,Dynamic,20:02:11,20:24:51,2026/06/11,2026/06/11,866726066636401,405856151004844,2405:0200:5213:2A:3903:220:2:6,Jionet,405856044a323,4058560c345c000,2026/06/11 20:21:01,96.92,18757320,21412176,HOME,Bihar,
,,,,,917301042183,917301042183,2409:40e4:1103:59d5:e0ce:3cff:fee1:f5f7,46194,,,2001:b28:f23f:f005::a,443,Dynamic,20:02:11,20:24:51,2026/06/11,2026/06/11,866726066636401,405856151004844,2405:0200:5213:2A:3903:220:2:6,Jionet,405856044a323,4058560c345c000,2026/06/11 20:21:05,77.022,18757320,21412176,HOME,Bihar,
,,,,,917301042183,917301042183,2409:40e4:1103:59d5:e0ce:3cff:fee1:f5f7,45935,,,2a03:2880:f311:c0:face:b00c:0:43fe,443,Dynamic,20:02:11,20:24:51,2026/06/11,2026/06/11,866726066636401,405856151004844,2405:0200:5213:2A:3903:220:2:6,Jionet,405856044a323,4058560c345c000,2026/06/11 20:21:01,76.177,18757320,21412176,HOME,Bihar,
,,,,,917301042183,917301042183,2409:40e4:1103:59d5:e0ce:3cff:fee1:f5f7,49028,,,2404:6800:4009:815::2002,443,Dynamic,20:30:28,20:47:47,2026/06/11,2026/06/11,866726066636401,405856151004844,2405:0200:5213:2A:3903:220:2:6,Jionet,4058560158b12,4058560c3458002,2026/06/11 20:32:15,11.456,8263280,12055797,HOME,Bihar,
,,,,,917301042183,917301042183,2409:40e4:1103:59d5:e0ce:3cff:fee1:f5f7,43348,,,2606:4700:3113::6812:362d,443,Dynamic,20:30:28,20:47:47,2026/06/11,2026/06/11,866726066636401,405856151004844,2405:0200:5213:2A:3903:220:2:6,Jionet,4058560158b12,4058560c3458002,2026/06/11 20:31:00,111.701,8263280,12055797,HOME,Bihar,
,,,,,917301042183,917301042183,2409:40e4:1103:59d5:e0ce:3cff:fee1:f5f7,45166,,,2405:200:1607:2820:41::36,443,Dynamic,20:24:51,20:30:28,2026/06/11,2026/06/11,866726066636401,405856151004844,2405:0200:5213:2A:3903:220:2:6,Jionet,4058560c3474010,405856044a323,2026/06/11 20:30:26,118.581,101822,372134,HOME,Bihar,
,,,,,917301042183,917301042183,2409:40e4:1103:59d5:e0ce:3cff:fee1:f5f7,45142,,,2600:1901:0:8956::,443,Dynamic,20:24:51,20:30:28,2026/06/11,2026/06/11,866726066636401,405856151004844,2405:0200:5213:2A:3903:220:2:6,Jionet,4058560c3474010,405856044a323,2026/06/11 20:30:23,138.608,101822,372134,HOME,Bihar,
,,,,,917301042183,917301042183,2409:40e4:1103:59d5:e0ce:3cff:fee1:f5f7,37260,,,2600:1901:0:8956::,443,Dynamic,20:30:28,20:47:47,2026/06/11,2026/06/11,866726066636401,405856151004844,2405:0200:5213:2A:3903:220:2:6,Jionet,4058560158b12,4058560c3458002,2026/06/11 20:31:56,36.468,8263280,12055797,HOME,Bihar,
,,,,,917301042183,917301042183,2409:40e4:1103:59d5:e0ce:3cff:fee1:f5f7,46720,,,2405:200:1607:2820:41::36,443,Dynamic,20:30:28,20:47:47,2026/06/11,2026/06/11,866726066636401,405856151004844,2405:0200:5213:2A:3903:220:2:6,Jionet,4058560158b12,4058560c3458002,2026/06/11 20:31:01,98.248,8263280,12055797,HOME,Bihar,
,,,,,917301042183,917301042183,2409:40e4:1103:59d5:e0ce:3cff:fee1:f5f7,39286,,,2606:4700:3117::6812:3222,443,Dynamic,20:30:28,20:47:47,2026/06/11,2026/06/11,866726066636401,405856151004844,2405:0200:5213:2A:3903:220:2:6,Jionet,4058560158b12,4058560c3458002,2026/06/11 20:31:00,79.537,8263280,12055797,HOME,Bihar,
,,,,,917301042183,917301042183,2409:40e4:1103:59d5:e0ce:3cff:fee1:f5f7,48894,,,2001:4860:4802:32::223,443,Dynamic,20:30:28,20:47:47,2026/06/11,2026/06/11,866726066636401,405856151004844,2405:0200:5213:2A:3903:220:2:6,Jionet,4058560158b12,4058560c3458002,2026/06/11 20:31:26,88.537,8263280,12055797,HOME,Bihar,
,,,,,917301042183,917301042183,2409:40e4:1103:59d5:e0ce:3cff:fee1:f5f7,48216,,,2404:6800:4000:1006::9b,443,Dynamic,20:47:47,21:00:44,2026/06/11,2026/06/11,866726066636401,405856151004844,2405:0200:5213:2A:3903:220:2:6,Jionet,4058560c3478002,4058560139324,2026/06/11 20:59:00,228.932,1170045,1304921,HOME,Bihar,
,,,,,917301042183,917301042183,2409:40e4:1103:59d5:e0ce:3cff:fee1:f5f7,45410,,,2405:200:1607:2820:41::36,443,Dynamic,20:30:28,20:47:47,2026/06/11,2026/06/11,866726066636401,405856151004844,2405:0200:5213:2A:3903:220:2:6,Jionet,4058560158b12,4058560c3458002,2026/06/11 20:31:24,75.82,8263280,12055797,HOME,Bihar,
,,,,,917301042183,917301042183,2409:40e4:1103:59d5:e0ce:3cff:fee1:f5f7,39652,,,2600:1901:0:8956::,443,Dynamic,20:47:47,21:00:44,2026/06/11,2026/06/11,866726066636401,405856151004844,2405:0200:5213:2A:3903:220:2:6,Jionet,4058560c3478002,4058560139324,2026/06/11 20:59:00,239.792,1170045,1304921,HOME,Bihar,
,,,,,917301042183,917301042183,2409:40e4:1103:59d5:e0ce:3cff:fee1:f5f7,45054,,,2001:4860:4802:32::223,443,Dynamic,20:24:51,20:30:28,2026/06/11,2026/06/11,866726066636401,405856151004844,2405:0200:5213:2A:3903:220:2:6,Jionet,4058560c3474010,405856044a323,2026/06/11 20:30:25,103.88,101822,372134,HOME,Bihar,
,,,,,917301042183,917301042183,2409:40e4:1103:59d5:e0ce:3cff:fee1:f5f7,38346,,,2404:6800:4000:1006::9b,443,Dynamic,20:47:47,21:00:44,2026/06/11,2026/06/11,866726066636401,405856151004844,2405:0200:5213:2A:3903:220:2:6,Jionet,4058560c3478002,4058560139324,2026/06/11 20:56:45,411.521,1170045,1304921,HOME,Bihar,
,,,,,917301042183,917301042183,2409:40e4:1103:59d5:e0ce:3cff:fee1:f5f7,38584,,,2600:1901:0:8956::,443,Dynamic,20:30:28,20:47:47,2026/06/11,2026/06/11,866726066636401,405856151004844,2405:0200:5213:2A:3903:220:2:6,Jionet,4058560158b12,4058560c3458002,2026/06/11 20:31:26,38.64,8263280,12055797,HOME,Bihar,
,,,,,917301042183,917301042183,2409:40e4:1103:59d5:e0ce:3cff:fee1:f5f7,43046,,,2404:6800:4009:815::2002,443,Dynamic,20:30:28,20:47:47,2026/06/11,2026/06/11,866726066636401,405856151004844,2405:0200:5213:2A:3903:220:2:6,Jionet,4058560158b12,4058560c3458002,2026/06/11 20:31:58,11.384,8263280,12055797,HOME,Bihar,
,,,,,917301042183,917301042183,2409:40e4:1103:59d5:e0ce:3cff:fee1:f5f7,46244,,,2405:200:1630:a0a::312c:c30a,443,Dynamic,20:30:28,20:47:47,2026/06/11,2026/06/11,866726066636401,405856151004844,2405:0200:5213:2A:3903:220:2:6,Jionet,4058560158b12,4058560c3458002,2026/06/11 20:31:56,10.777,8263280,12055797,HOME,Bihar,
,,,,,917301042183,917301042183,2409:40e4:1103:59d5:e0ce:3cff:fee1:f5f7,47422,,,2405:200:1607:2820:41::36,443,Dynamic,20:30:28,20:47:47,2026/06/11,2026/06/11,866726066636401,405856151004844,2405:0200:5213:2A:3903:220:2:6,Jionet,4058560158b12,4058560c3458002,2026/06/11 20:30:44,80.983,8263280,12055797,HOME,Bihar,
,,,,,917301042183,917301042183,2409:40e4:1103:59d5:e0ce:3cff:fee1:f5f7,37352,,,2a03:2880:f346:3:face:b00c:0:4c63,443,Dynamic,20:24:51,20:30:28,2026/06/11,2026/06/11,866726066636401,405856151004844,2405:0200:5213:2A:3903:220:2:6,Jionet,4058560c3474010,405856044a323,2026/06/11 20:28:42,212.282,101822,372134,HOME,Bihar,
,,,,,917301042183,917301042183,2409:40e4:1103:59d5:e0ce:3cff:fee1:f5f7,43050,,,2404:6800:4009:815::2002,443,Dynamic,20:30:28,20:47:47,2026/06/11,2026/06/11,866726066636401,405856151004844,2405:0200:5213:2A:3903:220:2:6,Jionet,4058560158b12,4058560c3458002,2026/06/11 20:31:58,11.425,8263280,12055797,HOME,Bihar,
,,,,,917301042183,917301042183,2409:40e4:1103:59d5:e0ce:3cff:fee1:f5f7,46968,,,2a03:2880:f311:121:face:b00c:0:7260,443,Dynamic,20:47:47,21:00:44,2026/06/11,2026/06/11,866726066636401,405856151004844,2405:0200:5213:2A:3903:220:2:6,Jionet,4058560c3478002,4058560139324,2026/06/11 20:49:26,169.336,1170045,1304921,HOME,Bihar,
,,,,,917301042183,917301042183,2409:40e4:1103:59d5:e0ce:3cff:fee1:f5f7,47101,,,2a03:2880:f334:136:face:b00c:0:b1,3478,Dynamic,20:30:28,20:47:47,2026/06/11,2026/06/11,866726066636401,405856151004844,2405:0200:5213:2A:3903:220:2:6,Jionet,4058560158b12,4058560c3458002,2026/06/11 20:31:59,99.521,8263280,12055797,HOME,Bihar,
,,,,,917301042183,917301042183,2409:40e4:1103:59d5:e0ce:3cff:fee1:f5f7,37352,,,2a03:2880:f346:3:face:b00c:0:4c63,443,Dynamic,20:47:47,21:00:44,2026/06/11,2026/06/11,866726066636401,405856151004844,2405:0200:5213:2A:3903:220:2:6,Jionet,4058560c3478002,4058560139324,2026/06/11 20:49:44,150.372,1170045,1304921,HOME,Bihar,
,,,,,917301042183,917301042183,2409:40e4:1103:59d5:e0ce:3cff:fee1:f5f7,49182,,,2001:4860:4802:32::223,443,Dynamic,20:30:28,20:47:47,2026/06/11,2026/06/11,866726066636401,405856151004844,2405:0200:5213:2A:3903:220:2:6,Jionet,4058560158b12,4058560c3458002,2026/06/11 20:31:26,120.024,8263280,12055797,HOME,Bihar,
,,,,,917301042183,917301042183,2409:40e4:1103:59d5:e0ce:3cff:fee1:f5f7,38418,,,2a03:2880:f26b:1c9:face:b00c:0:43fe,443,Dynamic,20:47:47,21:00:44,2026/06/11,2026/06/11,866726066636401,405856151004844,2405:0200:5213:2A:3903:220:2:6,Jionet,4058560c3478002,4058560139324,2026/06/11 20:52:16,11.089,1170045,1304921,HOME,Bihar,
,,,,,917301042183,917301042183,2409:40e4:1103:59d5:e0ce:3cff:fee1:f5f7,39744,,,2405:200:1607:2820:41::36,443,Dynamic,20:30:28,20:47:47,2026/06/11,2026/06/11,866726066636401,405856151004844,2405:0200:5213:2A:3903:220:2:6,Jionet,4058560158b12,4058560c3458002,2026/06/11 20:31:59,95.508,8263280,12055797,HOME,Bihar,
,,,,,917301042183,917301042183,2409:40e4:1103:59d5:e0ce:3cff:fee1:f5f7,47733,,,2001:4860:4802:38::223,443,Dynamic,20:47:47,21:00:44,2026/06/11,2026/06/11,866726066636401,405856151004844,2405:0200:5213:2A:3903:220:2:6,Jionet,4058560c3478002,4058560139324,2026/06/11 20:51:08,75.273,1170045,1304921,HOME,Bihar,
,,,,,917301042183,917301042183,2409:40e4:1103:59d5:e0ce:3cff:fee1:f5f7,45616,,,2404:6800:4009:815::2002,443,Dynamic,20:30:28,20:47:47,2026/06/11,2026/06/11,866726066636401,405856151004844,2405:0200:5213:2A:3903:220:2:6,Jionet,4058560158b12,4058560c3458002,2026/06/11 20:33:23,11.428,8263280,12055797,HOME,Bihar,
,,,,,917301042183,917301042183,2409:40e4:1103:59d5:e0ce:3cff:fee1:f5f7,38114,,,2a03:2880:f311:90:face:b00c:0:8e,443,Dynamic,20:47:47,21:00:44,2026/06/11,2026/06/11,866726066636401,405856151004844,2405:0200:5213:2A:3903:220:2:6,Jionet,4058560c3478002,4058560139324,2026/06/11 20:52:15,10.5,1170045,1304921,HOME,Bihar,
,,,,,917301042183,917301042183,2409:40e4:1103:59d5:e0ce:3cff:fee1:f5f7,49460,,,2405:200:1607:2820:41::36,443,Dynamic,20:30:28,20:47:47,2026/06/11,2026/06/11,866726066636401,405856151004844,2405:0200:5213:2A:3903:220:2:6,Jionet,4058560158b12,4058560c3458002,2026/06/11 20:31:42,116.212,8263280,12055797,HOME,Bihar,
,,,,,917301042183,917301042183,2409:40e4:1103:59d5:e0ce:3cff:fee1:f5f7,39186,,,2a03:2880:f349:c0:face:b00c:0:43fe,443,Dynamic,20:47:47,21:00:44,2026/06/11,2026/06/11,866726066636401,405856151004844,2405:0200:5213:2A:3903:220:2:6,Jionet,4058560c3478002,4058560139324,2026/06/11 20:52:16,2.451,1170045,1304921,HOME,Bihar,
,,,,,917301042183,917301042183,2409:40e4:1103:59d5:e0ce:3cff:fee1:f5f7,45608,,,2404:6800:4009:815::2002,443,Dynamic,20:30:28,20:47:47,2026/06/11,2026/06/11,866726066636401,405856151004844,2405:0200:5213:2A:3903:220:2:6,Jionet,4058560158b12,4058560c3458002,2026/06/11 20:33:20,11.4,8263280,12055797,HOME,Bihar,
,,,,,917301042183,917301042183,2409:40e4:1103:59d5:e0ce:3cff:fee1:f5f7,46756,,,2600:1901:0:8956::,443,Dynamic,20:30:28,20:47:47,2026/06/11,2026/06/11,866726066636401,405856151004844,2405:0200:5213:2A:3903:220:2:6,Jionet,4058560158b12,4058560c3458002,2026/06/11 20:33:01,53.133,8263280,12055797,HOME,Bihar,
,,,,,917301042183,917301042183,2409:40e4:1103:59d5:e0ce:3cff:fee1:f5f7,40468,,,2001:b28:f23f:f005::a,443,Dynamic,20:30:28,20:47:47,2026/06/11,2026/06/11,866726066636401,405856151004844,2405:0200:5213:2A:3903:220:2:6,Jionet,4058560158b12,4058560c3458002,2026/06/11 20:33:05,16.516,8263280,12055797,HOME,Bihar,
,,,,,917301042183,917301042183,2409:40e4:1103:59d5:e0ce:3cff:fee1:f5f7,39124,,,2404:6800:4009:815::2002,443,Dynamic,20:30:28,20:47:47,2026/06/11,2026/06/11,866726066636401,405856151004844,2405:0200:5213:2A:3903:220:2:6,Jionet,4058560158b12,4058560c3458002,2026/06/11 20:33:39,11.602,8263280,12055797,HOME,Bihar,
,,,,,917301042183,917301042183,2409:40e4:1103:59d5:e0ce:3cff:fee1:f5f7,38712,,,2001:4860:4802:32::223,443,Dynamic,20:30:28,20:47:47,2026/06/11,2026/06/11,866726066636401,405856151004844,2405:0200:5213:2A:3903:220:2:6,Jionet,4058560158b12,4058560c3458002,2026/06/11 20:31:22,113.047,8263280,12055797,HOME,Bihar,
,,,,,917301042183,917301042183,2409:40e4:1103:59d5:e0ce:3cff:fee1:f5f7,47101,,,2a03:2880:f288:1c6:face:b00c:0:177,3478,Dynamic,20:30:28,20:47:47,2026/06/11,2026/06/11,866726066636401,405856151004844,2405:0200:5213:2A:3903:220:2:6,Jionet,4058560158b12,4058560c3458002,2026/06/11 20:31:59,112.336,8263280,12055797,HOME,Bihar,
,,,,,917301042183,917301042183,2409:40e4:1103:59d5:e0ce:3cff:fee1:f5f7,40448,,,2405:200:1630:b79:face:b00c:3333:7020,443,Dynamic,20:30:28,20:47:47,2026/06/11,2026/06/11,866726066636401,405856151004844,2405:0200:5213:2A:3903:220:2:6,Jionet,4058560158b12,4058560c3458002,2026/06/11 20:33:21,2.003,8263280,12055797,HOME,Bihar,
,,,,,917301042183,917301042183,2409:40e4:1103:59d5:e0ce:3cff:fee1:f5f7,44836,,,2a03:2880:f346:3:face:b00c:0:4c63,443,Dynamic,20:30:28,20:47:47,2026/06/11,2026/06/11,866726066636401,405856151004844,2405:0200:5213:2A:3903:220:2:6,Jionet,4058560158b12,4058560c3458002,2026/06/11 20:31:11,132.043,8263280,12055797,HOME,Bihar,
,,,,,917301042183,917301042183,2409:40e4:1103:59d5:e0ce:3cff:fee1:f5f7,47458,,,2404:6800:4003:c20::bc,5228,Dynamic,20:30:28,20:47:47,2026/06/11,2026/06/11,866726066636401,405856151004844,2405:0200:5213:2A:3903:220:2:6,Jionet,4058560158b12,4058560c3458002,2026/06/11 20:30:29,166.577,8263280,12055797,HOME,Bihar,
,,,,,917301042183,917301042183,2409:40e4:1103:59d5:e0ce:3cff:fee1:f5f7,47101,,,2a03:2880:f26b:1c5:face:b00c:0:177,3478,Dynamic,20:30:28,20:47:47,2026/06/11,2026/06/11,866726066636401,405856151004844,2405:0200:5213:2A:3903:220:2:6,Jionet,4058560158b12,4058560c3458002,2026/06/11 20:31:59,73.221,8263280,12055797,HOME,Bihar,
,,,,,917301042183,917301042183,2409:40e4:1103:59d5:e0ce:3cff:fee1:f5f7,46194,,,2001:b28:f23f:f005::a,443,Dynamic,20:02:11,20:24:51,2026/06/11,2026/06/11,866726066636401,405856151004844,2405:0200:5213:2A:3903:220:2:6,Jionet,405856044a323,4058560c345c000,2026/06/11 20:09:02,80.197,18757320,21412176,HOME,Bihar,
,,,,,917301042183,917301042183,2409:40e4:1103:59d5:e0ce:3cff:fee1:f5f7,46260,,,2600:9000:2573:f000:1d:e2ad:55c0:93a1,443,Dynamic,19:32:11,20:02:11,2026/06/11,2026/06/11,866726066636401,405856151004844,2405:0200:5213:2A:3903:220:2:6,Jionet,405856044a323,405856044a323,2026/06/11 20:01:27,10.2,123355877,133715544,HOME,Bihar,
,,,,,917301042183,917301042183,2409:40e4:1103:59d5:e0ce:3cff:fee1:f5f7,46260,,,2600:9000:2573:f000:1d:e2ad:55c0:93a1,443,Dynamic,19:32:11,20:02:11,2026/06/11,2026/06/11,866726066636401,405856151004844,2405:0200:5213:2A:3903:220:2:6,Jionet,405856044a323,405856044a323,2026/06/11 20:01:27,10.2,24520,41344,HOME,Bihar,
,,,,,917301042183,917301042183,2409:40e4:1103:59d5:e0ce:3cff:fee1:f5f7,37110,,,2a03:2880:f311:8d:face:b00c:0:2,443,Dynamic,19:32:11,20:02:11,2026/06/11,2026/06/11,866726066636401,405856151004844,2405:0200:5213:2A:3903:220:2:6,Jionet,405856044a323,405856044a323,2026/06/11 20:00:17,11.511,123355877,133715544,HOME,Bihar,
,,,,,917301042183,917301042183,2409:40e4:1103:59d5:e0ce:3cff:fee1:f5f7,37110,,,2a03:2880:f311:8d:face:b00c:0:2,443,Dynamic,19:32:11,20:02:11,2026/06/11,2026/06/11,866726066636401,405856151004844,2405:0200:5213:2A:3903:220:2:6,Jionet,405856044a323,405856044a323,2026/06/11 20:00:17,11.511,24520,41344,HOME,Bihar,
,,,,,917301042183,917301042183,2409:40e4:1103:59d5:e0ce:3cff:fee1:f5f7,41752,,,2404:6800:4009:803::2003,443,Dynamic,19:32:11,20:02:11,2026/06/11,2026/06/11,866726066636401,405856151004844,2405:0200:5213:2A:3903:220:2:6,Jionet,405856044a323,405856044a323,2026/06/11 20:01:25,13.58,123355877,133715544,HOME,Bihar,
,,,,,917301042183,917301042183,2409:40e4:1103:59d5:e0ce:3cff:fee1:f5f7,41752,,,2404:6800:4009:803::2003,443,Dynamic,19:32:11,20:02:11,2026/06/11,2026/06/11,866726066636401,405856151004844,2405:0200:5213:2A:3903:220:2:6,Jionet,405856044a323,405856044a323,2026/06/11 20:01:25,13.58,24520,41344,HOME,Bihar,
,,,,,917301042183,917301042183,2409:40e4:1103:59d5:e0ce:3cff:fee1:f5f7,48544,,,2a03:2880:f346:8d:face:b00c:0:2,443,Dynamic,19:32:11,20:02:11,2026/06/11,2026/06/11,866726066636401,405856151004844,2405:0200:5213:2A:3903:220:2:6,Jionet,405856044a323,405856044a323,2026/06/11 20:01:25,11.479,123355877,133715544,HOME,Bihar,
,,,,,917301042183,917301042183,2409:40e4:1103:59d5:e0ce:3cff:fee1:f5f7,48544,,,2a03:2880:f346:8d:face:b00c:0:2,443,Dynamic,19:32:11,20:02:11,2026/06/11,2026/06/11,866726066636401,405856151004844,2405:0200:5213:2A:3903:220:2:6,Jionet,405856044a323,405856044a323,2026/06/11 20:01:25,11.479,24520,41344,HOME,Bihar,
,,,,,917301042183,917301042183,2409:40e4:1103:59d5:e0ce:3cff:fee1:f5f7,48530,,,2a03:2880:f346:8d:face:b00c:0:2,443,Dynamic,19:32:11,20:02:11,2026/06/11,2026/06/11,866726066636401,405856151004844,2405:0200:5213:2A:3903:220:2:6,Jionet,405856044a323,405856044a323,2026/06/11 20:01:25,11.471,123355877,133715544,HOME,Bihar,
,,,,,917301042183,917301042183,2409:40e4:1103:59d5:e0ce:3cff:fee1:f5f7,48530,,,2a03:2880:f346:8d:face:b00c:0:2,443,Dynamic,19:32:11,20:02:11,2026/06/11,2026/06/11,866726066636401,405856151004844,2405:0200:5213:2A:3903:220:2:6,Jionet,405856044a323,405856044a323,2026/06/11 20:01:25,11.471,24520,41344,HOME,Bihar,
,,,,,917301042183,917301042183,2409:40e4:1103:59d5:e0ce:3cff:fee1:f5f7,42372,,,2a03:2880:f311:c0:face:b00c:0:43fe,443,Dynamic,19:32:11,20:02:11,2026/06/11,2026/06/11,866726066636401,405856151004844,2405:0200:5213:2A:3903:220:2:6,Jionet,405856044a323,405856044a323,2026/06/11 20:01:25,11.079,123355877,133715544,HOME,Bihar,
,,,,,917301042183,917301042183,2409:40e4:1103:59d5:e0ce:3cff:fee1:f5f7,42372,,,2a03:2880:f311:c0:face:b00c:0:43fe,443,Dynamic,19:32:11,20:02:11,2026/06/11,2026/06/11,866726066636401,405856151004844,2405:0200:5213:2A:3903:220:2:6,Jionet,405856044a323,405856044a323,2026/06/11 20:01:25,11.079,24520,41344,HOME,Bihar,
,,,,,917301042183,917301042183,2409:40e4:1103:59d5:e0ce:3cff:fee1:f5f7,42374,,,2a03:2880:f311:c0:face:b00c:0:43fe,443,Dynamic,19:32:11,20:02:11,2026/06/11,2026/06/11,866726066636401,405856151004844,2405:0200:5213:2A:3903:220:2:6,Jionet,405856044a323,405856044a323,2026/06/11 20:01:25,11.079,123355877,133715544,HOME,Bihar,
,,,,,917301042183,917301042183,2409:40e4:1103:59d5:e0ce:3cff:fee1:f5f7,42374,,,2a03:2880:f311:c0:face:b00c:0:43fe,443,Dynamic,19:32:11,20:02:11,2026/06/11,2026/06/11,866726066636401,405856151004844,2405:0200:5213:2A:3903:220:2:6,Jionet,405856044a323,405856044a323,2026/06/11 20:01:25,11.079,24520,41344,HOME,Bihar,
,,,,,917301042183,917301042183,2409:40e4:1103:59d5:e0ce:3cff:fee1:f5f7,37730,,,2a03:2880:f311:90:face:b00c:0:8e,443,Dynamic,19:32:11,20:02:11,2026/06/11,2026/06/11,866726066636401,405856151004844,2405:0200:5213:2A:3903:220:2:6,Jionet,405856044a323,405856044a323,2026/06/11 20:01:25,11.926,123355877,133715544,HOME,Bihar,
,,,,,917301042183,917301042183,2409:40e4:1103:59d5:e0ce:3cff:fee1:f5f7,37730,,,2a03:2880:f311:90:face:b00c:0:8e,443,Dynamic,19:32:11,20:02:11,2026/06/11,2026/06/11,866726066636401,405856151004844,2405:0200:5213:2A:3903:220:2:6,Jionet,405856044a323,405856044a323,2026/06/11 20:01:25,11.926,24520,41344,HOME,Bihar,
,,,,,917301042183,917301042183,2409:40e4:1103:59d5:e0ce:3cff:fee1:f5f7,49040,,,2001:67c:4e8:f002::a,443,Dynamic,19:32:11,20:02:11,2026/06/11,2026/06/11,866726066636401,405856151004844,2405:0200:5213:2A:3903:220:2:6,Jionet,405856044a323,405856044a323,2026/06/11 20:01:35,12.828,123355877,133715544,HOME,Bihar,
,,,,,917301042183,917301042183,2409:40e4:1103:59d5:e0ce:3cff:fee1:f5f7,49040,,,2001:67c:4e8:f002::a,443,Dynamic,19:32:11,20:02:11,2026/06/11,2026/06/11,866726066636401,405856151004844,2405:0200:5213:2A:3903:220:2:6,Jionet,405856044a323,405856044a323,2026/06/11 20:01:35,12.828,24520,41344,HOME,Bihar,
,,,,,917301042183,917301042183,2409:40e4:1103:59d5:e0ce:3cff:fee1:f5f7,41750,,,2404:6800:4009:803::2003,443,Dynamic,19:32:11,20:02:11,2026/06/11,2026/06/11,866726066636401,405856151004844,2405:0200:5213:2A:3903:220:2:6,Jionet,405856044a323,405856044a323,2026/06/11 20:01:25,11.479,123355877,133715544,HOME,Bihar,
,,,,,917301042183,917301042183,2409:40e4:1103:59d5:e0ce:3cff:fee1:f5f7,41750,,,2404:6800:4009:803::2003,443,Dynamic,19:32:11,20:02:11,2026/06/11,2026/06/11,866726066636401,405856151004844,2405:0200:5213:2A:3903:220:2:6,Jionet,405856044a323,405856044a323,2026/06/11 20:01:25,11.479,24520,41344,HOME,Bihar,
,,,,,917301042183,917301042183,2409:40e4:1103:59d5:e0ce:3cff:fee1:f5f7,48554,,,2a03:2880:f346:8d:face:b00c:0:2,443,Dynamic,19:32:11,20:02:11,2026/06/11,2026/06/11,866726066636401,405856151004844,2405:0200:5213:2A:3903:220:2:6,Jionet,405856044a323,405856044a323,2026/06/11 20:01:26,11.167,123355877,133715544,HOME,Bihar,
,,,,,917301042183,917301042183,2409:40e4:1103:59d5:e0ce:3cff:fee1:f5f7,48554,,,2a03:2880:f346:8d:face:b00c:0:2,443,Dynamic,19:32:11,20:02:11,2026/06/11,2026/06/11,866726066636401,405856151004844,2405:0200:5213:2A:3903:220:2:6,Jionet,405856044a323,405856044a323,2026/06/11 20:01:26,11.167,24520,41344,HOME,Bihar,
,,,,,917301042183,917301042183,2409:40e4:1103:59d5:e0ce:3cff:fee1:f5f7,48530,,,2001:67c:4e8:f002::a,443,Dynamic,19:32:11,20:02:11,2026/06/11,2026/06/11,866726066636401,405856151004844,2405:0200:5213:2A:3903:220:2:6,Jionet,405856044a323,405856044a323,2026/06/11 20:01:29,13.32,123355877,133715544,HOME,Bihar,
,,,,,917301042183,917301042183,2409:40e4:1103:59d5:e0ce:3cff:fee1:f5f7,48530,,,2001:67c:4e8:f002::a,443,Dynamic,19:32:11,20:02:11,2026/06/11,2026/06/11,866726066636401,405856151004844,2405:0200:5213:2A:3903:220:2:6,Jionet,405856044a323,405856044a323,2026/06/11 20:01:29,13.32,24520,41344,HOME,Bihar,
,,,,,917301042183,917301042183,2409:40e4:1103:59d5:e0ce:3cff:fee1:f5f7,48536,,,2001:67c:4e8:f002::a,443,Dynamic,19:32:11,20:02:11,2026/06/11,2026/06/11,866726066636401,405856151004844,2405:0200:5213:2A:3903:220:2:6,Jionet,405856044a323,405856044a323,2026/06/11 20:01:32,13.99,123355877,133715544,HOME,Bihar,
,,,,,917301042183,917301042183,2409:40e4:1103:59d5:e0ce:3cff:fee1:f5f7,48536,,,2001:67c:4e8:f002::a,443,Dynamic,19:32:11,20:02:11,2026/06/11,2026/06/11,866726066636401,405856151004844,2405:0200:5213:2A:3903:220:2:6,Jionet,405856044a323,405856044a323,2026/06/11 20:01:32,13.99,24520,41344,HOME,Bihar,
,,,,,917301042183,917301042183,2409:40e4:1103:59d5:e0ce:3cff:fee1:f5f7,42542,,,2405:200:1630:a0a::312c:c30a,443,Dynamic,19:32:11,20:02:11,2026/06/11,2026/06/11,866726066636401,405856151004844,2405:0200:5213:2A:3903:220:2:6,Jionet,405856044a323,405856044a323,2026/06/11 20:01:25,12.04,123355877,133715544,HOME,Bihar,
,,,,,917301042183,917301042183,2409:40e4:1103:59d5:e0ce:3cff:fee1:f5f7,42542,,,2405:200:1630:a0a::312c:c30a,443,Dynamic,19:32:11,20:02:11,2026/06/11,2026/06/11,866726066636401,405856151004844,2405:0200:5213:2A:3903:220:2:6,Jionet,405856044a323,405856044a323,2026/06/11 20:01:25,12.04,24520,41344,HOME,Bihar,
,,,,,917301042183,917301042183,2409:40e4:1103:59d5:e0ce:3cff:fee1:f5f7,47768,,,2600:140f:7::17d4:a4db,443,Dynamic,19:32:11,20:02:11,2026/06/11,2026/06/11,866726066636401,405856151004844,2405:0200:5213:2A:3903:220:2:6,Jionet,405856044a323,405856044a323,2026/06/11 20:01:28,8.799,123355877,133715544,HOME,Bihar,
,,,,,917301042183,917301042183,2409:40e4:1103:59d5:e0ce:3cff:fee1:f5f7,47768,,,2600:140f:7::17d4:a4db,443,Dynamic,19:32:11,20:02:11,2026/06/11,2026/06/11,866726066636401,405856151004844,2405:0200:5213:2A:3903:220:2:6,Jionet,405856044a323,405856044a323,2026/06/11 20:01:28,8.799,24520,41344,HOME,Bihar,
,,,,,917301042183,917301042183,2409:40e4:1103:59d5:e0ce:3cff:fee1:f5f7,41916,,,2a03:2880:f315:136:face:b00c:0:b1,3478,Dynamic,20:30:28,20:47:47,2026/06/11,2026/06/11,866726066636401,405856151004844,2405:0200:5213:2A:3903:220:2:6,Jionet,4058560158b12,4058560c3458002,2026/06/11 20:43:26,66.912,8263280,12055797,HOME,Bihar,
,,,,,917301042183,917301042183,2409:40e4:1103:59d5:e0ce:3cff:fee1:f5f7,41916,,,2a03:2880:f346:136:face:b00c:0:b1,3478,Dynamic,20:30:28,20:47:47,2026/06/11,2026/06/11,866726066636401,405856151004844,2405:0200:5213:2A:3903:220:2:6,Jionet,4058560158b12,4058560c3458002,2026/06/11 20:43:26,119.964,8263280,12055797,HOME,Bihar,
,,,,,917301042183,917301042183,2409:40e4:1103:59d5:e0ce:3cff:fee1:f5f7,48415,,,2401:4900:b57b:ff6:e4e5:abff:fe8d:2879,40391,Dynamic,20:30:28,20:47:47,2026/06/11,2026/06/11,866726066636401,405856151004844,2405:0200:5213:2A:3903:220:2:6,Jionet,4058560158b12,4058560c3458002,2026/06/11 20:42:33,110.12,8263280,12055797,HOME,Bihar,
,,,,,917301042183,917301042183,2409:40e4:1103:59d5:e0ce:3cff:fee1:f5f7,38516,,,2a03:2880:f26b:1d2:face:b00c:0:167,443,Dynamic,20:30:28,20:47:47,2026/06/11,2026/06/11,866726066636401,405856151004844,2405:0200:5213:2A:3903:220:2:6,Jionet,4058560158b12,4058560c3458002,2026/06/11 20:42:34,116.616,8263280,12055797,HOME,Bihar,
,,,,,917301042183,917301042183,2409:40e4:1103:59d5:e0ce:3cff:fee1:f5f7,46292,,,2001:4860:4802:34::223,443,Dynamic,20:30:28,20:47:47,2026/06/11,2026/06/11,866726066636401,405856151004844,2405:0200:5213:2A:3903:220:2:6,Jionet,4058560158b12,4058560c3458002,2026/06/11 20:45:15,11.52,8263280,12055797,HOME,Bihar,
,,,,,917301042183,917301042183,2409:40e4:1103:59d5:e0ce:3cff:fee1:f5f7,48415,,,2a03:2880:f379:136:face:b00c:0:b1,3478,Dynamic,20:30:28,20:47:47,2026/06/11,2026/06/11,866726066636401,405856151004844,2405:0200:5213:2A:3903:220:2:6,Jionet,4058560158b12,4058560c3458002,2026/06/11 20:42:27,121.466,8263280,12055797,HOME,Bihar,
,,,,,917301042183,917301042183,2409:40e4:1103:59d5:e0ce:3cff:fee1:f5f7,37352,,,2a03:2880:f346:3:face:b00c:0:4c63,443,Dynamic,20:30:28,20:47:47,2026/06/11,2026/06/11,866726066636401,405856151004844,2405:0200:5213:2A:3903:220:2:6,Jionet,4058560158b12,4058560c3458002,2026/06/11 20:41:43,211.315,8263280,12055797,HOME,Bihar,
,,,,,917301042183,917301042183,2409:40e4:1103:59d5:e0ce:3cff:fee1:f5f7,48415,,,2a03:2880:f36a:136:face:b00c:0:b1,3478,Dynamic,20:30:28,20:47:47,2026/06/11,2026/06/11,866726066636401,405856151004844,2405:0200:5213:2A:3903:220:2:6,Jionet,4058560158b12,4058560c3458002,2026/06/11 20:42:27,107.686,8263280,12055797,HOME,Bihar,
,,,,,917301042183,917301042183,2409:40e4:1103:59d5:e0ce:3cff:fee1:f5f7,44836,,,2a03:2880:f346:3:face:b00c:0:4c63,443,Dynamic,20:30:28,20:47:47,2026/06/11,2026/06/11,866726066636401,405856151004844,2405:0200:5213:2A:3903:220:2:6,Jionet,4058560158b12,4058560c3458002,2026/06/11 20:44:07,76.304,8263280,12055797,HOME,Bihar,
,,,,,917301042183,917301042183,2409:40e4:1103:59d5:e0ce:3cff:fee1:f5f7,41916,,,2a03:2880:f358:136:face:b00c:0:b1,3478,Dynamic,20:30:28,20:47:47,2026/06/11,2026/06/11,866726066636401,405856151004844,2405:0200:5213:2A:3903:220:2:6,Jionet,4058560158b12,4058560c3458002,2026/06/11 20:43:26,116.968,8263280,12055797,HOME,Bihar,
,,,,,917301042183,917301042183,2409:40e4:1103:59d5:e0ce:3cff:fee1:f5f7,49052,,,2001:67c:4e8:f002::a,443,Dynamic,19:32:11,20:02:11,2026/06/11,2026/06/11,866726066636401,405856151004844,2405:0200:5213:2A:3903:220:2:6,Jionet,405856044a323,405856044a323,2026/06/11 20:01:36,13.02,123355877,133715544,HOME,Bihar,
,,,,,917301042183,917301042183,2409:40e4:1103:59d5:e0ce:3cff:fee1:f5f7,49052,,,2001:67c:4e8:f002::a,443,Dynamic,19:32:11,20:02:11,2026/06/11,2026/06/11,866726066636401,405856151004844,2405:0200:5213:2A:3903:220:2:6,Jionet,405856044a323,405856044a323,2026/06/11 20:01:36,13.02,24520,41344,HOME,Bihar,
,,,,,917301042183,917301042183,2409:40e4:1103:59d5:e0ce:3cff:fee1:f5f7,42837,,,2404:6800:4009:807::2002,443,Dynamic,19:32:11,20:02:11,2026/06/11,2026/06/11,866726066636401,405856151004844,2405:0200:5213:2A:3903:220:2:6,Jionet,405856044a323,405856044a323,2026/06/11 20:00:31,85.354,123355877,133715544,HOME,Bihar,
,,,,,917301042183,917301042183,2409:40e4:1103:59d5:e0ce:3cff:fee1:f5f7,42837,,,2404:6800:4009:807::2002,443,Dynamic,19:32:11,20:02:11,2026/06/11,2026/06/11,866726066636401,405856151004844,2405:0200:5213:2A:3903:220:2:6,Jionet,405856044a323,405856044a323,2026/06/11 20:00:31,85.354,24520,41344,HOME,Bihar,
,,,,,917301042183,917301042183,2409:40e4:1103:59d5:e0ce:3cff:fee1:f5f7,38515,,,2001:4860:4802:32::223,443,Dynamic,20:24:51,20:30:28,2026/06/11,2026/06/11,866726066636401,405856151004844,2405:0200:5213:2A:3903:220:2:6,Jionet,4058560c3474010,405856044a323,2026/06/11 20:29:15,72.647,101822,372134,HOME,Bihar,
,,,,,917301042183,917301042183,2409:40e4:1103:59d5:e0ce:3cff:fee1:f5f7,47458,,,2404:6800:4003:c20::bc,5228,Dynamic,20:24:51,20:30:28,2026/06/11,2026/06/11,866726066636401,405856151004844,2405:0200:5213:2A:3903:220:2:6,Jionet,4058560c3474010,405856044a323,2026/06/11 20:28:19,116.731,101822,372134,HOME,Bihar,
,,,,,917301042183,917301042183,2409:40e4:1103:59d5:e0ce:3cff:fee1:f5f7,48565,,,2401:4900:b4d7:6ae2:6057:22e2:39f5:ee15,43390,Dynamic,20:30:28,20:47:47,2026/06/11,2026/06/11,866726066636401,405856151004844,2405:0200:5213:2A:3903:220:2:6,Jionet,4058560158b12,4058560c3458002,2026/06/11 20:38:45,115.829,8263280,12055797,HOME,Bihar,
,,,,,917301042183,917301042183,2409:40e4:1103:59d5:e0ce:3cff:fee1:f5f7,37352,,,2a03:2880:f346:3:face:b00c:0:4c63,443,Dynamic,20:30:28,20:47:47,2026/06/11,2026/06/11,866726066636401,405856151004844,2405:0200:5213:2A:3903:220:2:6,Jionet,4058560158b12,4058560c3458002,2026/06/11 20:38:43,151.837,8263280,12055797,HOME,Bihar,
,,,,,917301042183,917301042183,2409:40e4:1103:59d5:e0ce:3cff:fee1:f5f7,49536,,,2a03:2880:f358:136:face:b00c:0:b1,3478,Dynamic,20:30:28,20:47:47,2026/06/11,2026/06/11,866726066636401,405856151004844,2405:0200:5213:2A:3903:220:2:6,Jionet,4058560158b12,4058560c3458002,2026/06/11 20:39:25,89.704,8263280,12055797,HOME,Bihar,
,,,,,917301042183,917301042183,2409:40e4:1103:59d5:e0ce:3cff:fee1:f5f7,38516,,,2a03:2880:f26b:1d2:face:b00c:0:167,443,Dynamic,20:30:28,20:47:47,2026/06/11,2026/06/11,866726066636401,405856151004844,2405:0200:5213:2A:3903:220:2:6,Jionet,4058560158b12,4058560c3458002,2026/06/11 20:37:32,178.964,8263280,12055797,HOME,Bihar,
,,,,,917301042183,917301042183,2409:40e4:1103:59d5:e0ce:3cff:fee1:f5f7,49196,,,2a03:2880:f346:8d:face:b00c:0:2,443,Dynamic,20:30:28,20:47:47,2026/06/11,2026/06/11,866726066636401,405856151004844,2405:0200:5213:2A:3903:220:2:6,Jionet,4058560158b12,4058560c3458002,2026/06/11 20:38:40,110.292,8263280,12055797,HOME,Bihar,
,,,,,917301042183,917301042183,2409:40e4:1103:59d5:e0ce:3cff:fee1:f5f7,46707,,,2a03:2880:f28a:1c5:face:b00c:0:177,3478,Dynamic,20:30:28,20:47:47,2026/06/11,2026/06/11,866726066636401,405856151004844,2405:0200:5213:2A:3903:220:2:6,Jionet,4058560158b12,4058560c3458002,2026/06/11 20:40:27,74.832,8263280,12055797,HOME,Bihar,
,,,,,917301042183,917301042183,2409:40e4:1103:59d5:e0ce:3cff:fee1:f5f7,49536,,,2a03:2880:f347:136:face:b00c:0:b1,3478,Dynamic,20:30:28,20:47:47,2026/06/11,2026/06/11,866726066636401,405856151004844,2405:0200:5213:2A:3903:220:2:6,Jionet,4058560158b12,4058560c3458002,2026/06/11 20:39:25,121.485,8263280,12055797,HOME,Bihar,
,,,,,917301042183,917301042183,2409:40e4:1103:59d5:e0ce:3cff:fee1:f5f7,41902,,,2a03:2880:f311:121:face:b00c:0:7260,443,Dynamic,20:30:28,20:47:47,2026/06/11,2026/06/11,866726066636401,405856151004844,2405:0200:5213:2A:3903:220:2:6,Jionet,4058560158b12,4058560c3458002,2026/06/11 20:31:57,585.379,8263280,12055797,HOME,Bihar,
,,,,,917301042183,917301042183,2409:40e4:1103:59d5:e0ce:3cff:fee1:f5f7,46707,,,2a03:2880:f346:136:face:b00c:0:b1,3478,Dynamic,20:30:28,20:47:47,2026/06/11,2026/06/11,866726066636401,405856151004844,2405:0200:5213:2A:3903:220:2:6,Jionet,4058560158b12,4058560c3458002,2026/06/11 20:40:27,72.02,8263280,12055797,HOME,Bihar,
,,,,,917301042183,917301042183,2409:40e4:1103:59d5:e0ce:3cff:fee1:f5f7,40145,,,2404:6800:4000:100e::64,443,Dynamic,20:30:28,20:47:47,2026/06/11,2026/06/11,866726066636401,405856151004844,2405:0200:5213:2A:3903:220:2:6,Jionet,4058560158b12,4058560c3458002,2026/06/11 20:40:56,63.813,8263280,12055797,HOME,Bihar,
,,,,,917301042183,917301042183,2409:40e4:1103:59d5:e0ce:3cff:fee1:f5f7,49536,,,2a03:2880:f335:136:face:b00c:0:b1,3478,Dynamic,20:30:28,20:47:47,2026/06/11,2026/06/11,866726066636401,405856151004844,2405:0200:5213:2A:3903:220:2:6,Jionet,4058560158b12,4058560c3458002,2026/06/11 20:39:25,121.952,8263280,12055797,HOME,Bihar,
,,,,,917301042183,917301042183,2409:40e4:1103:59d5:e0ce:3cff:fee1:f5f7,48238,,,2a03:2880:f349:136:face:b00c:0:b1,3478,Dynamic,20:30:28,20:47:47,2026/06/11,2026/06/11,866726066636401,405856151004844,2405:0200:5213:2A:3903:220:2:6,Jionet,4058560158b12,4058560c3458002,2026/06/11 20:37:37,108.069,8263280,12055797,HOME,Bihar,
,,,,,917301042183,917301042183,2409:40e4:1103:59d5:e0ce:3cff:fee1:f5f7,38456,,,2001:b28:f23f:f005::a,443,Dynamic,20:30:28,20:47:47,2026/06/11,2026/06/11,866726066636401,405856151004844,2405:0200:5213:2A:3903:220:2:6,Jionet,4058560158b12,4058560c3458002,2026/06/11 20:38:21,77.519,8263280,12055797,HOME,Bihar,
,,,,,917301042183,917301042183,2409:40e4:1103:59d5:e0ce:3cff:fee1:f5f7,48050,,,2001:b28:f23f:f005::a,443,Dynamic,20:30:28,20:47:47,2026/06/11,2026/06/11,866726066636401,405856151004844,2405:0200:5213:2A:3903:220:2:6,Jionet,4058560158b12,4058560c3458002,2026/06/11 20:38:25,72.799,8263280,12055797,HOME,Bihar,
,,,,,917301042183,917301042183,2409:40e4:1103:59d5:e0ce:3cff:fee1:f5f7,37542,,,2001:67c:4e8:f002::b,443,Dynamic,20:30:28,20:47:47,2026/06/11,2026/06/11,866726066636401,405856151004844,2405:0200:5213:2A:3903:220:2:6,Jionet,4058560158b12,4058560c3458002,2026/06/11 20:38:44,37.115,8263280,12055797,HOME,Bihar,
,,,,,917301042183,917301042183,2409:40e4:1103:59d5:e0ce:3cff:fee1:f5f7,49185,,,2a03:2880:f311:c0:face:b00c:0:43fe,443,Dynamic,20:30:28,20:47:47,2026/06/11,2026/06/11,866726066636401,405856151004844,2405:0200:5213:2A:3903:220:2:6,Jionet,4058560158b12,4058560c3458002,2026/06/11 20:36:49,97.684,8263280,12055797,HOME,Bihar,
,,,,,917301042183,917301042183,2409:40e4:1103:59d5:e0ce:3cff:fee1:f5f7,37030,,,2a03:2880:f36a:136:face:b00c:0:b1,3478,Dynamic,20:30:28,20:47:47,2026/06/11,2026/06/11,866726066636401,405856151004844,2405:0200:5213:2A:3903:220:2:6,Jionet,4058560158b12,4058560c3458002,2026/06/11 20:36:00,161.323,8263280,12055797,HOME,Bihar,
,,,,,917301042183,917301042183,2409:40e4:1103:59d5:e0ce:3cff:fee1:f5f7,41172,,,2404:6800:4000:1006::9b,443,Dynamic,20:30:28,20:47:47,2026/06/11,2026/06/11,866726066636401,405856151004844,2405:0200:5213:2A:3903:220:2:6,Jionet,4058560158b12,4058560c3458002,2026/06/11 20:37:24,70.955,8263280,12055797,HOME,Bihar,
,,,,,917301042183,917301042183,2409:40e4:1103:59d5:e0ce:3cff:fee1:f5f7,49264,,,2a03:2880:f346:8d:face:b00c:0:2,443,Dynamic,20:30:28,20:47:47,2026/06/11,2026/06/11,866726066636401,405856151004844,2405:0200:5213:2A:3903:220:2:6,Jionet,4058560158b12,4058560c3458002,2026/06/11 20:38:41,2.953,8263280,12055797,HOME,Bihar,
,,,,,917301042183,917301042183,2409:40e4:1103:59d5:e0ce:3cff:fee1:f5f7,44518,,,2404:6800:4000:1006::9d,443,Dynamic,20:30:28,20:47:47,2026/06/11,2026/06/11,866726066636401,405856151004844,2405:0200:5213:2A:3903:220:2:6,Jionet,4058560158b12,4058560c3458002,2026/06/11 20:37:23,71.045,8263280,12055797,HOME,Bihar,
,,,,,917301042183,917301042183,2409:40e4:1103:59d5:e0ce:3cff:fee1:f5f7,37466,,,2a03:2880:f311:c0:face:b00c:0:43fe,443,Dynamic,20:30:28,20:47:47,2026/06/11,2026/06/11,866726066636401,405856151004844,2405:0200:5213:2A:3903:220:2:6,Jionet,4058560158b12,4058560c3458002,2026/06/11 20:36:50,106.029,8263280,12055797,HOME,Bihar,
,,,,,917301042183,917301042183,2409:40e4:1103:59d5:e0ce:3cff:fee1:f5f7,44836,,,2a03:2880:f346:3:face:b00c:0:4c63,443,Dynamic,20:30:28,20:47:47,2026/06/11,2026/06/11,866726066636401,405856151004844,2405:0200:5213:2A:3903:220:2:6,Jionet,4058560158b12,4058560c3458002,2026/06/11 20:36:27,115.871,8263280,12055797,HOME,Bihar,
,,,,,917301042183,917301042183,2409:40e4:1103:59d5:e0ce:3cff:fee1:f5f7,49983,,,2405:200:1630:b79:face:b00c:3333:a3f,443,Dynamic,20:30:28,20:47:47,2026/06/11,2026/06/11,866726066636401,405856151004844,2405:0200:5213:2A:3903:220:2:6,Jionet,4058560158b12,4058560c3458002,2026/06/11 20:36:50,115.258,8263280,12055797,HOME,Bihar,
,,,,,917301042183,917301042183,2409:40e4:1103:59d5:e0ce:3cff:fee1:f5f7,48238,,,2409:40e5:1137:341c:8000::,37630,Dynamic,20:30:28,20:47:47,2026/06/11,2026/06/11,866726066636401,405856151004844,2405:0200:5213:2A:3903:220:2:6,Jionet,4058560158b12,4058560c3458002,2026/06/11 20:37:43,82.575,8263280,12055797,HOME,Bihar,
,,,,,917301042183,917301042183,2409:40e4:1103:59d5:e0ce:3cff:fee1:f5f7,48238,,,2a03:2880:f322:136:face:b00c:0:b1,3478,Dynamic,20:30:28,20:47:47,2026/06/11,2026/06/11,866726066636401,405856151004844,2405:0200:5213:2A:3903:220:2:6,Jionet,4058560158b12,4058560c3458002,2026/06/11 20:37:37,69.115,8263280,12055797,HOME,Bihar,
,,,,,917301042183,917301042183,2409:40e4:1103:59d5:e0ce:3cff:fee1:f5f7,48238,,,2405:200:1630:ff8f:face:b00c:3333:4df0,3478,Dynamic,20:30:28,20:47:47,2026/06/11,2026/06/11,866726066636401,405856151004844,2405:0200:5213:2A:3903:220:2:6,Jionet,4058560158b12,4058560c3458002,2026/06/11 20:37:37,87.391,8263280,12055797,HOME,Bihar,
,,,,,917301042183,917301042183,2409:40e4:1103:59d5:e0ce:3cff:fee1:f5f7,37128,,,2a03:2880:f26b:1c9:face:b00c:0:43fe,443,Dynamic,20:30:28,20:47:47,2026/06/11,2026/06/11,866726066636401,405856151004844,2405:0200:5213:2A:3903:220:2:6,Jionet,4058560158b12,4058560c3458002,2026/06/11 20:36:50,108.364,8263280,12055797,HOME,Bihar,
,,,,,917301042183,917301042183,2409:40e4:1103:59d5:e0ce:3cff:fee1:f5f7,47458,,,2404:6800:4003:c20::bc,5228,Dynamic,20:30:28,20:47:47,2026/06/11,2026/06/11,866726066636401,405856151004844,2405:0200:5213:2A:3903:220:2:6,Jionet,4058560158b12,4058560c3458002,2026/06/11 20:36:27,108.323,8263280,12055797,HOME,Bihar,
,,,,,917301042183,917301042183,2409:40e4:1103:59d5:e0ce:3cff:fee1:f5f7,37030,,,2401:4900:b57b:ff6:e4e5:abff:fe8d:2879,53195,Dynamic,20:30:28,20:47:47,2026/06/11,2026/06/11,866726066636401,405856151004844,2405:0200:5213:2A:3903:220:2:6,Jionet,4058560158b12,4058560c3458002,2026/06/11 20:36:42,81.633,8263280,12055797,HOME,Bihar,
,,,,,917301042183,917301042183,2409:40e4:1103:59d5:e0ce:3cff:fee1:f5f7,45142,,,2600:1901:0:8956::,443,Dynamic,20:30:28,20:47:47,2026/06/11,2026/06/11,866726066636401,405856151004844,2405:0200:5213:2A:3903:220:2:6,Jionet,4058560158b12,4058560c3458002,2026/06/11 20:38:01,11.381,8263280,12055797,HOME,Bihar,
,,,,,917301042183,917301042183,2409:40e4:1103:59d5:e0ce:3cff:fee1:f5f7,38712,,,2001:4860:4802:32::223,443,Dynamic,20:30:28,20:47:47,2026/06/11,2026/06/11,866726066636401,405856151004844,2405:0200:5213:2A:3903:220:2:6,Jionet,4058560158b12,4058560c3458002,2026/06/11 20:36:22,112.48,8263280,12055797,HOME,Bihar,
,,,,,917301042183,917301042183,2409:40e4:1103:59d5:e0ce:3cff:fee1:f5f7,47458,,,2404:6800:4003:c20::bc,5228,Dynamic,20:02:11,20:24:51,2026/06/11,2026/06/11,866726066636401,405856151004844,2405:0200:5213:2A:3903:220:2:6,Jionet,405856044a323,4058560c345c000,2026/06/11 20:02:18,117.647,18757320,21412176,HOME,Bihar,
,,,,,917301042183,917301042183,2409:40e4:1103:59d5:e0ce:3cff:fee1:f5f7,47850,,,2001:4860:4802:38::223,443,Dynamic,20:02:11,20:24:51,2026/06/11,2026/06/11,866726066636401,405856151004844,2405:0200:5213:2A:3903:220:2:6,Jionet,405856044a323,4058560c345c000,2026/06/11 20:02:44,112.308,18757320,21412176,HOME,Bihar,
,,,,,917301042183,917301042183,2409:40e4:1103:59d5:e0ce:3cff:fee1:f5f7,43836,,,2a03:2880:f347:136:face:b00c:0:b1,3478,Dynamic,20:02:11,20:24:51,2026/06/11,2026/06/11,866726066636401,405856151004844,2405:0200:5213:2A:3903:220:2:6,Jionet,405856044a323,4058560c345c000,2026/06/11 20:02:19,106.152,18757320,21412176,HOME,Bihar,
,,,,,917301042183,917301042183,2409:40e4:1103:59d5:e0ce:3cff:fee1:f5f7,43217,,,2401:4900:b4d7:6ae2:6057:22e2:39f5:ee15,39345,Dynamic,19:32:11,20:02:11,2026/06/11,2026/06/11,866726066636401,405856151004844,2405:0200:5213:2A:3903:220:2:6,Jionet,405856044a323,405856044a323,2026/06/11 20:01:59,145.339,123355877,133715544,HOME,Bihar,
,,,,,917301042183,917301042183,2409:40e4:1103:59d5:e0ce:3cff:fee1:f5f7,43217,,,2401:4900:b4d7:6ae2:6057:22e2:39f5:ee15,39345,Dynamic,19:32:11,20:02:11,2026/06/11,2026/06/11,866726066636401,405856151004844,2405:0200:5213:2A:3903:220:2:6,Jionet,405856044a323,405856044a323,2026/06/11 20:01:59,145.339,24520,41344,HOME,Bihar,
,,,,,917301042183,917301042183,2409:40e4:1103:59d5:e0ce:3cff:fee1:f5f7,48256,,,2001:4860:4802:32::223,443,Dynamic,20:02:11,20:24:51,2026/06/11,2026/06/11,866726066636401,405856151004844,2405:0200:5213:2A:3903:220:2:6,Jionet,405856044a323,4058560c345c000,2026/06/11 20:02:43,113.6,18757320,21412176,HOME,Bihar,
,,,,,917301042183,917301042183,2409:40e4:1103:59d5:e0ce:3cff:fee1:f5f7,43836,,,2401:4900:b57b:ff6:e4e5:abff:fe8d:2879,48337,Dynamic,20:02:11,20:24:51,2026/06/11,2026/06/11,866726066636401,405856151004844,2405:0200:5213:2A:3903:220:2:6,Jionet,405856044a323,4058560c345c000,2026/06/11 20:02:37,104.46,18757320,21412176,HOME,Bihar,
,,,,,917301042183,917301042183,2409:40e4:1103:59d5:e0ce:3cff:fee1:f5f7,39026,,,2a03:2880:f311:8d:face:b00c:0:2,443,Dynamic,20:02:11,20:24:51,2026/06/11,2026/06/11,866726066636401,405856151004844,2405:0200:5213:2A:3903:220:2:6,Jionet,405856044a323,4058560c345c000,2026/06/11 20:05:34,11.527,18757320,21412176,HOME,Bihar,
,,,,,917301042183,917301042183,2409:40e4:1103:59d5:e0ce:3cff:fee1:f5f7,41198,,,2001:4860:4802:36::223,443,Dynamic,20:02:11,20:24:51,2026/06/11,2026/06/11,866726066636401,405856151004844,2405:0200:5213:2A:3903:220:2:6,Jionet,405856044a323,4058560c345c000,2026/06/11 20:03:27,103.577,18757320,21412176,HOME,Bihar,
