Name of Person/Organization,Address,Contact No.,Alternate Contact No.,E-mail Address,Landline/MSISDN/MDN/Leased Circuit ID for Internet Access,User Id for internet Access based on authentication,Source IP Address,Source Port,Translated IP Address,Translated Port,Destination IP Address,Destination Port,Static/Dynamic IP Address Allocation,IST Start Time of Public IP address allocation (hh:mm:ss),IST End Time of Public IP address allocation (hh:mm:ss),Start Date of Public IP Address allocation (dd/mm/yyyy),End Date of Public IP address allocation (dd/mm/yyyy),Source MAC-ID Address/Other device Identification number,IMSI,PGW IP address,Access Point Name,First CELL ID,Last CELL ID,TIME1 (dd/MM/yyyy HH:mm:ss),Session Duration (Seconds),Data Volume Up Link,Data Volume Down Link,Roaming Circle Indicator,Roaming Circle,SIM Type
,,,,,917301042183,917301042183,2409:40e4:5f:f470:88cf:15ff:fe1e:c13,37135,,,2405:200:1613:2885:face:b00c:3333:4df0,3478,Dynamic,16:58:56,17:21:44,2026/06/09,2026/06/09,866726066636401,405856151004844,2405:200:5213:25:3903:110:2:36,Jionet,4058560c3474010,405856044a330,2026/06/09 17:17:47,90.546,44461010,37124569,HOME,Bihar,
,,,,,917301042183,917301042183,2409:40e4:5f:f470:88cf:15ff:fe1e:c13,44196,,,2a03:2880:f346:3:face:b00c:0:4c63,443,Dynamic,16:58:56,17:21:44,2026/06/09,2026/06/09,866726066636401,405856151004844,2405:200:5213:25:3903:110:2:36,Jionet,4058560c3474010,405856044a330,2026/06/09 17:16:51,120.507,44461010,37124569,HOME,Bihar,
,,,,,917301042183,917301042183,2409:40e4:5f:f470:88cf:15ff:fe1e:c13,40366,,,2a03:2880:f346:3:face:b00c:0:4c63,443,Dynamic,16:58:56,17:21:44,2026/06/09,2026/06/09,866726066636401,405856151004844,2405:200:5213:25:3903:110:2:36,Jionet,4058560c3474010,405856044a330,2026/06/09 17:16:19,121.304,44461010,37124569,HOME,Bihar,
,,,,,917301042183,917301042183,2409:40e4:5f:f470:88cf:15ff:fe1e:c13,37135,,,2a03:2880:f26b:1c5:face:b00c:0:177,3478,Dynamic,16:58:56,17:21:44,2026/06/09,2026/06/09,866726066636401,405856151004844,2405:200:5213:25:3903:110:2:36,Jionet,4058560c3474010,405856044a330,2026/06/09 17:17:47,95.831,44461010,37124569,HOME,Bihar,
,,,,,917301042183,917301042183,2409:40e4:5f:f470:88cf:15ff:fe1e:c13,37135,,,2a03:2880:f315:136:face:b00c:0:b1,3478,Dynamic,16:58:56,17:21:44,2026/06/09,2026/06/09,866726066636401,405856151004844,2405:200:5213:25:3903:110:2:36,Jionet,4058560c3474010,405856044a330,2026/06/09 17:17:47,103.319,44461010,37124569,HOME,Bihar,
,,,,,917301042183,917301042183,2409:40e4:5f:f470:88cf:15ff:fe1e:c13,39350,,,2001:4860:4802:34::223,443,Dynamic,17:21:44,17:51:44,2026/06/09,2026/06/09,866726066636401,405856151004844,2405:200:5213:25:3903:110:2:36,Jionet,405856044a330,405856044a330,2026/06/09 17:27:50,63.235,8754,14334,HOME,Bihar,
,,,,,917301042183,917301042183,2409:40e4:5f:f470:88cf:15ff:fe1e:c13,39350,,,2001:4860:4802:34::223,443,Dynamic,17:21:44,17:51:44,2026/06/09,2026/06/09,866726066636401,405856151004844,2405:200:5213:25:3903:110:2:36,Jionet,405856044a330,405856044a330,2026/06/09 17:27:50,63.235,4094505,7113909,HOME,Bihar,
,,,,,917301042183,917301042183,2409:40e4:5f:f470:88cf:15ff:fe1e:c13,43958,,,2600:9000:2003:3800:8:d483:80c0:93a1,443,Dynamic,17:21:44,17:51:44,2026/06/09,2026/06/09,866726066636401,405856151004844,2405:200:5213:25:3903:110:2:36,Jionet,405856044a330,405856044a330,2026/06/09 17:26:56,103.179,8754,14334,HOME,Bihar,
,,,,,917301042183,917301042183,2409:40e4:5f:f470:88cf:15ff:fe1e:c13,43958,,,2600:9000:2003:3800:8:d483:80c0:93a1,443,Dynamic,17:21:44,17:51:44,2026/06/09,2026/06/09,866726066636401,405856151004844,2405:200:5213:25:3903:110:2:36,Jionet,405856044a330,405856044a330,2026/06/09 17:26:56,103.179,4094505,7113909,HOME,Bihar,
,,,,,917301042183,917301042183,2409:40e4:5f:f470:88cf:15ff:fe1e:c13,38822,,,2a03:2880:f347:3:face:b00c:0:4c63,443,Dynamic,17:21:44,17:51:44,2026/06/09,2026/06/09,866726066636401,405856151004844,2405:200:5213:25:3903:110:2:36,Jionet,405856044a330,405856044a330,2026/06/09 17:27:16,127.408,8754,14334,HOME,Bihar,
,,,,,917301042183,917301042183,2409:40e4:5f:f470:88cf:15ff:fe1e:c13,38822,,,2a03:2880:f347:3:face:b00c:0:4c63,443,Dynamic,17:21:44,17:51:44,2026/06/09,2026/06/09,866726066636401,405856151004844,2405:200:5213:25:3903:110:2:36,Jionet,405856044a330,405856044a330,2026/06/09 17:27:16,127.408,4094505,7113909,HOME,Bihar,
,,,,,917301042183,917301042183,2409:40e4:5f:f470:88cf:15ff:fe1e:c13,42932,,,2a03:2880:f322:120:face:b00c:0:167,443,Dynamic,17:21:44,17:51:44,2026/06/09,2026/06/09,866726066636401,405856151004844,2405:200:5213:25:3903:110:2:36,Jionet,405856044a330,405856044a330,2026/06/09 17:42:05,95.383,8754,14334,HOME,Bihar,
,,,,,917301042183,917301042183,2409:40e4:5f:f470:88cf:15ff:fe1e:c13,42932,,,2a03:2880:f322:120:face:b00c:0:167,443,Dynamic,17:21:44,17:51:44,2026/06/09,2026/06/09,866726066636401,405856151004844,2405:200:5213:25:3903:110:2:36,Jionet,405856044a330,405856044a330,2026/06/09 17:42:05,95.383,4094505,7113909,HOME,Bihar,
,,,,,917301042183,917301042183,2409:40e4:5f:f470:88cf:15ff:fe1e:c13,40366,,,2a03:2880:f346:3:face:b00c:0:4c63,443,Dynamic,17:21:44,17:51:44,2026/06/09,2026/06/09,866726066636401,405856151004844,2405:200:5213:25:3903:110:2:36,Jionet,405856044a330,405856044a330,2026/06/09 17:42:19,121.281,8754,14334,HOME,Bihar,
,,,,,917301042183,917301042183,2409:40e4:5f:f470:88cf:15ff:fe1e:c13,40366,,,2a03:2880:f346:3:face:b00c:0:4c63,443,Dynamic,17:21:44,17:51:44,2026/06/09,2026/06/09,866726066636401,405856151004844,2405:200:5213:25:3903:110:2:36,Jionet,405856044a330,405856044a330,2026/06/09 17:42:19,121.281,4094505,7113909,HOME,Bihar,
,,,,,917301042183,917301042183,2409:40e4:5f:f470:88cf:15ff:fe1e:c13,38822,,,2a03:2880:f347:3:face:b00c:0:4c63,443,Dynamic,17:21:44,17:51:44,2026/06/09,2026/06/09,866726066636401,405856151004844,2405:200:5213:25:3903:110:2:36,Jionet,405856044a330,405856044a330,2026/06/09 17:41:16,186.559,8754,14334,HOME,Bihar,
,,,,,917301042183,917301042183,2409:40e4:5f:f470:88cf:15ff:fe1e:c13,38822,,,2a03:2880:f347:3:face:b00c:0:4c63,443,Dynamic,17:21:44,17:51:44,2026/06/09,2026/06/09,866726066636401,405856151004844,2405:200:5213:25:3903:110:2:36,Jionet,405856044a330,405856044a330,2026/06/09 17:41:16,186.559,4094505,7113909,HOME,Bihar,
,,,,,917301042183,917301042183,2409:40e4:5f:f470:88cf:15ff:fe1e:c13,40366,,,2a03:2880:f346:3:face:b00c:0:4c63,443,Dynamic,16:58:56,17:21:44,2026/06/09,2026/06/09,866726066636401,405856151004844,2405:200:5213:25:3903:110:2:36,Jionet,4058560c3474010,405856044a330,2026/06/09 17:07:39,101.301,44461010,37124569,HOME,Bihar,
,,,,,917301042183,917301042183,2409:40e4:5f:f470:88cf:15ff:fe1e:c13,38822,,,2a03:2880:f347:3:face:b00c:0:4c63,443,Dynamic,16:58:56,17:21:44,2026/06/09,2026/06/09,866726066636401,405856151004844,2405:200:5213:25:3903:110:2:36,Jionet,4058560c3474010,405856044a330,2026/06/09 17:07:15,128.34,44461010,37124569,HOME,Bihar,
,,,,,917301042183,917301042183,2409:40e4:5f:f470:88cf:15ff:fe1e:c13,40812,,,2405:200:1613:2885:face:b00c:3333:7020,443,Dynamic,16:58:56,17:21:44,2026/06/09,2026/06/09,866726066636401,405856151004844,2405:200:5213:25:3903:110:2:36,Jionet,4058560c3474010,405856044a330,2026/06/09 17:04:26,89.652,44461010,37124569,HOME,Bihar,
,,,,,917301042183,917301042183,2409:40e4:5f:f470:88cf:15ff:fe1e:c13,38822,,,2a03:2880:f347:3:face:b00c:0:4c63,443,Dynamic,16:58:56,17:21:44,2026/06/09,2026/06/09,866726066636401,405856151004844,2405:200:5213:25:3903:110:2:36,Jionet,4058560c3474010,405856044a330,2026/06/09 17:03:14,188.567,44461010,37124569,HOME,Bihar,
,,,,,917301042183,917301042183,2409:40e4:5f:f470:88cf:15ff:fe1e:c13,40666,,,2405:200:1630:ff74:face:b00c:3333:7020,443,Dynamic,16:58:56,17:21:44,2026/06/09,2026/06/09,866726066636401,405856151004844,2405:200:5213:25:3903:110:2:36,Jionet,4058560c3474010,405856044a330,2026/06/09 17:04:27,66.0,44461010,37124569,HOME,Bihar,
,,,,,917301042183,917301042183,2409:40e4:5f:f470:88cf:15ff:fe1e:c13,44196,,,2a03:2880:f346:3:face:b00c:0:4c63,443,Dynamic,16:58:56,17:21:44,2026/06/09,2026/06/09,866726066636401,405856151004844,2405:200:5213:25:3903:110:2:36,Jionet,4058560c3474010,405856044a330,2026/06/09 17:05:43,68.849,44461010,37124569,HOME,Bihar,
,,,,,917301042183,917301042183,2409:40e4:5f:f470:88cf:15ff:fe1e:c13,43984,,,2a03:2880:f347:8d:face:b00c:0:2,443,Dynamic,17:21:44,17:51:44,2026/06/09,2026/06/09,866726066636401,405856151004844,2405:200:5213:25:3903:110:2:36,Jionet,405856044a330,405856044a330,2026/06/09 17:41:13,98.324,8754,14334,HOME,Bihar,
,,,,,917301042183,917301042183,2409:40e4:5f:f470:88cf:15ff:fe1e:c13,43984,,,2a03:2880:f347:8d:face:b00c:0:2,443,Dynamic,17:21:44,17:51:44,2026/06/09,2026/06/09,866726066636401,405856151004844,2405:200:5213:25:3903:110:2:36,Jionet,405856044a330,405856044a330,2026/06/09 17:41:13,98.324,4094505,7113909,HOME,Bihar,
,,,,,917301042183,917301042183,2409:40e4:5f:f470:88cf:15ff:fe1e:c13,44196,,,2a03:2880:f346:3:face:b00c:0:4c63,443,Dynamic,17:21:44,17:51:44,2026/06/09,2026/06/09,866726066636401,405856151004844,2405:200:5213:25:3903:110:2:36,Jionet,405856044a330,405856044a330,2026/06/09 17:40:10,101.848,8754,14334,HOME,Bihar,
,,,,,917301042183,917301042183,2409:40e4:5f:f470:88cf:15ff:fe1e:c13,44196,,,2a03:2880:f346:3:face:b00c:0:4c63,443,Dynamic,17:21:44,17:51:44,2026/06/09,2026/06/09,866726066636401,405856151004844,2405:200:5213:25:3903:110:2:36,Jionet,405856044a330,405856044a330,2026/06/09 17:40:10,101.848,4094505,7113909,HOME,Bihar,
,,,,,917301042183,917301042183,2409:40e4:5f:f470:88cf:15ff:fe1e:c13,42932,,,2a03:2880:f322:120:face:b00c:0:167,443,Dynamic,17:21:44,17:51:44,2026/06/09,2026/06/09,866726066636401,405856151004844,2405:200:5213:25:3903:110:2:36,Jionet,405856044a330,405856044a330,2026/06/09 17:37:03,157.103,8754,14334,HOME,Bihar,
,,,,,917301042183,917301042183,2409:40e4:5f:f470:88cf:15ff:fe1e:c13,42932,,,2a03:2880:f322:120:face:b00c:0:167,443,Dynamic,17:21:44,17:51:44,2026/06/09,2026/06/09,866726066636401,405856151004844,2405:200:5213:25:3903:110:2:36,Jionet,405856044a330,405856044a330,2026/06/09 17:37:03,157.103,4094505,7113909,HOME,Bihar,
,,,,,917301042183,917301042183,2409:40e4:5f:f470:88cf:15ff:fe1e:c13,38822,,,2a03:2880:f347:3:face:b00c:0:4c63,443,Dynamic,17:21:44,17:51:44,2026/06/09,2026/06/09,866726066636401,405856151004844,2405:200:5213:25:3903:110:2:36,Jionet,405856044a330,405856044a330,2026/06/09 17:38:16,126.72,8754,14334,HOME,Bihar,
,,,,,917301042183,917301042183,2409:40e4:5f:f470:88cf:15ff:fe1e:c13,38822,,,2a03:2880:f347:3:face:b00c:0:4c63,443,Dynamic,17:21:44,17:51:44,2026/06/09,2026/06/09,866726066636401,405856151004844,2405:200:5213:25:3903:110:2:36,Jionet,405856044a330,405856044a330,2026/06/09 17:38:16,126.72,4094505,7113909,HOME,Bihar,
,,,,,917301042183,917301042183,2409:40e4:5f:f470:88cf:15ff:fe1e:c13,38782,,,2404:6800:4009:810::2005,443,Dynamic,17:21:44,17:51:44,2026/06/09,2026/06/09,866726066636401,405856151004844,2405:200:5213:25:3903:110:2:36,Jionet,405856044a330,405856044a330,2026/06/09 17:40:08,11.021,8754,14334,HOME,Bihar,
,,,,,917301042183,917301042183,2409:40e4:5f:f470:88cf:15ff:fe1e:c13,38782,,,2404:6800:4009:810::2005,443,Dynamic,17:21:44,17:51:44,2026/06/09,2026/06/09,866726066636401,405856151004844,2405:200:5213:25:3903:110:2:36,Jionet,405856044a330,405856044a330,2026/06/09 17:40:08,11.021,4094505,7113909,HOME,Bihar,
,,,,,917301042183,917301042183,2409:40e4:5f:f470:88cf:15ff:fe1e:c13,40002,,,2a03:2880:f346:8d:face:b00c:0:2,443,Dynamic,16:58:56,17:21:44,2026/06/09,2026/06/09,866726066636401,405856151004844,2405:200:5213:25:3903:110:2:36,Jionet,4058560c3474010,405856044a330,2026/06/09 17:15:37,11.424,44461010,37124569,HOME,Bihar,
,,,,,917301042183,917301042183,2409:40e4:5f:f470:88cf:15ff:fe1e:c13,38822,,,2a03:2880:f347:3:face:b00c:0:4c63,443,Dynamic,16:58:56,17:21:44,2026/06/09,2026/06/09,866726066636401,405856151004844,2405:200:5213:25:3903:110:2:36,Jionet,4058560c3474010,405856044a330,2026/06/09 17:14:15,188.105,44461010,37124569,HOME,Bihar,
,,,,,917301042183,917301042183,2409:40e4:5f:f470:88cf:15ff:fe1e:c13,44824,,,2001:4860:4829:7700::,443,Dynamic,16:58:56,17:21:44,2026/06/09,2026/06/09,866726066636401,405856151004844,2405:200:5213:25:3903:110:2:36,Jionet,4058560c3474010,405856044a330,2026/06/09 17:13:57,96.891,44461010,37124569,HOME,Bihar,
,,,,,917301042183,917301042183,2409:40e4:5f:f470:88cf:15ff:fe1e:c13,45110,,,2404:6800:4009:80a::2002,443,Dynamic,17:21:44,17:51:44,2026/06/09,2026/06/09,866726066636401,405856151004844,2405:200:5213:25:3903:110:2:36,Jionet,405856044a330,405856044a330,2026/06/09 17:44:24,115.898,8754,14334,HOME,Bihar,
,,,,,917301042183,917301042183,2409:40e4:5f:f470:88cf:15ff:fe1e:c13,45110,,,2404:6800:4009:80a::2002,443,Dynamic,17:21:44,17:51:44,2026/06/09,2026/06/09,866726066636401,405856151004844,2405:200:5213:25:3903:110:2:36,Jionet,405856044a330,405856044a330,2026/06/09 17:44:24,115.898,4094505,7113909,HOME,Bihar,
,,,,,917301042183,917301042183,2409:40e4:5f:f470:88cf:15ff:fe1e:c13,44196,,,2a03:2880:f346:3:face:b00c:0:4c63,443,Dynamic,17:21:44,17:51:44,2026/06/09,2026/06/09,866726066636401,405856151004844,2405:200:5213:25:3903:110:2:36,Jionet,405856044a330,405856044a330,2026/06/09 17:43:51,120.528,8754,14334,HOME,Bihar,
,,,,,917301042183,917301042183,2409:40e4:5f:f470:88cf:15ff:fe1e:c13,44196,,,2a03:2880:f346:3:face:b00c:0:4c63,443,Dynamic,17:21:44,17:51:44,2026/06/09,2026/06/09,866726066636401,405856151004844,2405:200:5213:25:3903:110:2:36,Jionet,405856044a330,405856044a330,2026/06/09 17:43:51,120.528,4094505,7113909,HOME,Bihar,
,,,,,917301042183,917301042183,2409:40e4:5f:f470:88cf:15ff:fe1e:c13,38096,,,2a03:2880:f346:c0:face:b00c:0:43fe,443,Dynamic,17:21:44,17:51:44,2026/06/09,2026/06/09,866726066636401,405856151004844,2405:200:5213:25:3903:110:2:36,Jionet,405856044a330,405856044a330,2026/06/09 17:36:04,115.384,8754,14334,HOME,Bihar,
,,,,,917301042183,917301042183,2409:40e4:5f:f470:88cf:15ff:fe1e:c13,38096,,,2a03:2880:f346:c0:face:b00c:0:43fe,443,Dynamic,17:21:44,17:51:44,2026/06/09,2026/06/09,866726066636401,405856151004844,2405:200:5213:25:3903:110:2:36,Jionet,405856044a330,405856044a330,2026/06/09 17:36:04,115.384,4094505,7113909,HOME,Bihar,
,,,,,917301042183,917301042183,2409:40e4:5f:f470:88cf:15ff:fe1e:c13,38782,,,2404:6800:4009:810::2005,443,Dynamic,17:21:44,17:51:44,2026/06/09,2026/06/09,866726066636401,405856151004844,2405:200:5213:25:3903:110:2:36,Jionet,405856044a330,405856044a330,2026/06/09 17:36:07,84.597,8754,14334,HOME,Bihar,
,,,,,917301042183,917301042183,2409:40e4:5f:f470:88cf:15ff:fe1e:c13,38782,,,2404:6800:4009:810::2005,443,Dynamic,17:21:44,17:51:44,2026/06/09,2026/06/09,866726066636401,405856151004844,2405:200:5213:25:3903:110:2:36,Jionet,405856044a330,405856044a330,2026/06/09 17:36:07,84.597,4094505,7113909,HOME,Bihar,
,,,,,917301042183,917301042183,2409:40e4:5f:f470:88cf:15ff:fe1e:c13,41908,,,2a03:2880:f347:8d:face:b00c:0:2,443,Dynamic,17:21:44,17:51:44,2026/06/09,2026/06/09,866726066636401,405856151004844,2405:200:5213:25:3903:110:2:36,Jionet,405856044a330,405856044a330,2026/06/09 17:36:05,114.636,8754,14334,HOME,Bihar,
,,,,,917301042183,917301042183,2409:40e4:5f:f470:88cf:15ff:fe1e:c13,41908,,,2a03:2880:f347:8d:face:b00c:0:2,443,Dynamic,17:21:44,17:51:44,2026/06/09,2026/06/09,866726066636401,405856151004844,2405:200:5213:25:3903:110:2:36,Jionet,405856044a330,405856044a330,2026/06/09 17:36:05,114.636,4094505,7113909,HOME,Bihar,
,,,,,917301042183,917301042183,2409:40e4:5f:f470:88cf:15ff:fe1e:c13,44196,,,2a03:2880:f346:3:face:b00c:0:4c63,443,Dynamic,17:21:44,17:51:44,2026/06/09,2026/06/09,866726066636401,405856151004844,2405:200:5213:25:3903:110:2:36,Jionet,405856044a330,405856044a330,2026/06/09 17:36:28,83.16,8754,14334,HOME,Bihar,
,,,,,917301042183,917301042183,2409:40e4:5f:f470:88cf:15ff:fe1e:c13,44196,,,2a03:2880:f346:3:face:b00c:0:4c63,443,Dynamic,17:21:44,17:51:44,2026/06/09,2026/06/09,866726066636401,405856151004844,2405:200:5213:25:3903:110:2:36,Jionet,405856044a330,405856044a330,2026/06/09 17:36:28,83.16,4094505,7113909,HOME,Bihar,
,,,,,917301042183,917301042183,2409:40e4:5f:f470:88cf:15ff:fe1e:c13,38462,,,2405:200:1630:ff74:face:b00c:3333:a3f,443,Dynamic,17:21:44,17:51:44,2026/06/09,2026/06/09,866726066636401,405856151004844,2405:200:5213:25:3903:110:2:36,Jionet,405856044a330,405856044a330,2026/06/09 17:36:04,103.136,8754,14334,HOME,Bihar,
,,,,,917301042183,917301042183,2409:40e4:5f:f470:88cf:15ff:fe1e:c13,38462,,,2405:200:1630:ff74:face:b00c:3333:a3f,443,Dynamic,17:21:44,17:51:44,2026/06/09,2026/06/09,866726066636401,405856151004844,2405:200:5213:25:3903:110:2:36,Jionet,405856044a330,405856044a330,2026/06/09 17:36:04,103.136,4094505,7113909,HOME,Bihar,
,,,,,917301042183,917301042183,2409:40e4:5f:f470:88cf:15ff:fe1e:c13,49071,,,2405:200:1613:2885:face:b00c:3333:a3f,443,Dynamic,17:21:44,17:51:44,2026/06/09,2026/06/09,866726066636401,405856151004844,2405:200:5213:25:3903:110:2:36,Jionet,405856044a330,405856044a330,2026/06/09 17:36:04,101.496,8754,14334,HOME,Bihar,
,,,,,917301042183,917301042183,2409:40e4:5f:f470:88cf:15ff:fe1e:c13,49071,,,2405:200:1613:2885:face:b00c:3333:a3f,443,Dynamic,17:21:44,17:51:44,2026/06/09,2026/06/09,866726066636401,405856151004844,2405:200:5213:25:3903:110:2:36,Jionet,405856044a330,405856044a330,2026/06/09 17:36:04,101.496,4094505,7113909,HOME,Bihar,
,,,,,917301042183,917301042183,2409:40e4:5f:f470:88cf:15ff:fe1e:c13,47126,,,2a03:2880:f346:c0:face:b00c:0:43fe,443,Dynamic,17:21:44,17:51:44,2026/06/09,2026/06/09,866726066636401,405856151004844,2405:200:5213:25:3903:110:2:36,Jionet,405856044a330,405856044a330,2026/06/09 17:36:04,100.404,8754,14334,HOME,Bihar,
,,,,,917301042183,917301042183,2409:40e4:5f:f470:88cf:15ff:fe1e:c13,47126,,,2a03:2880:f346:c0:face:b00c:0:43fe,443,Dynamic,17:21:44,17:51:44,2026/06/09,2026/06/09,866726066636401,405856151004844,2405:200:5213:25:3903:110:2:36,Jionet,405856044a330,405856044a330,2026/06/09 17:36:04,100.404,4094505,7113909,HOME,Bihar,
,,,,,917301042183,917301042183,2409:40e4:5f:f470:88cf:15ff:fe1e:c13,40366,,,2a03:2880:f346:3:face:b00c:0:4c63,443,Dynamic,17:21:44,17:51:44,2026/06/09,2026/06/09,866726066636401,405856151004844,2405:200:5213:25:3903:110:2:36,Jionet,405856044a330,405856044a330,2026/06/09 17:37:59,81.281,8754,14334,HOME,Bihar,
,,,,,917301042183,917301042183,2409:40e4:5f:f470:88cf:15ff:fe1e:c13,40366,,,2a03:2880:f346:3:face:b00c:0:4c63,443,Dynamic,17:21:44,17:51:44,2026/06/09,2026/06/09,866726066636401,405856151004844,2405:200:5213:25:3903:110:2:36,Jionet,405856044a330,405856044a330,2026/06/09 17:37:59,81.281,4094505,7113909,HOME,Bihar,
,,,,,917301042183,917301042183,2409:40e4:5f:f470:88cf:15ff:fe1e:c13,43406,,,2001:4860:4802:32::223,443,Dynamic,17:21:44,17:51:44,2026/06/09,2026/06/09,866726066636401,405856151004844,2405:200:5213:25:3903:110:2:36,Jionet,405856044a330,405856044a330,2026/06/09 17:37:02,103.656,8754,14334,HOME,Bihar,
,,,,,917301042183,917301042183,2409:40e4:5f:f470:88cf:15ff:fe1e:c13,43406,,,2001:4860:4802:32::223,443,Dynamic,17:21:44,17:51:44,2026/06/09,2026/06/09,866726066636401,405856151004844,2405:200:5213:25:3903:110:2:36,Jionet,405856044a330,405856044a330,2026/06/09 17:37:02,103.656,4094505,7113909,HOME,Bihar,
,,,,,917301042183,917301042183,2409:40e4:5f:f470:88cf:15ff:fe1e:c13,43984,,,2a03:2880:f347:8d:face:b00c:0:2,443,Dynamic,17:21:44,17:51:44,2026/06/09,2026/06/09,866726066636401,405856151004844,2405:200:5213:25:3903:110:2:36,Jionet,405856044a330,405856044a330,2026/06/09 17:36:05,166.269,8754,14334,HOME,Bihar,
,,,,,917301042183,917301042183,2409:40e4:5f:f470:88cf:15ff:fe1e:c13,43984,,,2a03:2880:f347:8d:face:b00c:0:2,443,Dynamic,17:21:44,17:51:44,2026/06/09,2026/06/09,866726066636401,405856151004844,2405:200:5213:25:3903:110:2:36,Jionet,405856044a330,405856044a330,2026/06/09 17:36:05,166.269,4094505,7113909,HOME,Bihar,
,,,,,917301042183,917301042183,2409:40e4:5f:f470:88cf:15ff:fe1e:c13,38938,,,2a03:2880:f346:8d:face:b00c:0:2,443,Dynamic,17:21:44,17:51:44,2026/06/09,2026/06/09,866726066636401,405856151004844,2405:200:5213:25:3903:110:2:36,Jionet,405856044a330,405856044a330,2026/06/09 17:31:44,11.482,8754,14334,HOME,Bihar,
,,,,,917301042183,917301042183,2409:40e4:5f:f470:88cf:15ff:fe1e:c13,38938,,,2a03:2880:f346:8d:face:b00c:0:2,443,Dynamic,17:21:44,17:51:44,2026/06/09,2026/06/09,866726066636401,405856151004844,2405:200:5213:25:3903:110:2:36,Jionet,405856044a330,405856044a330,2026/06/09 17:31:44,11.482,4094505,7113909,HOME,Bihar,
,,,,,917301042183,917301042183,2409:40e4:5f:f470:88cf:15ff:fe1e:c13,38822,,,2a03:2880:f347:3:face:b00c:0:4c63,443,Dynamic,17:21:44,17:51:44,2026/06/09,2026/06/09,866726066636401,405856151004844,2405:200:5213:25:3903:110:2:36,Jionet,405856044a330,405856044a330,2026/06/09 17:30:16,187.219,8754,14334,HOME,Bihar,
,,,,,917301042183,917301042183,2409:40e4:5f:f470:88cf:15ff:fe1e:c13,38822,,,2a03:2880:f347:3:face:b00c:0:4c63,443,Dynamic,17:21:44,17:51:44,2026/06/09,2026/06/09,866726066636401,405856151004844,2405:200:5213:25:3903:110:2:36,Jionet,405856044a330,405856044a330,2026/06/09 17:30:16,187.219,4094505,7113909,HOME,Bihar,
,,,,,917301042183,917301042183,2409:40e4:5f:f470:88cf:15ff:fe1e:c13,42666,,,2001:4860:4802:34::223,443,Dynamic,16:58:56,17:21:44,2026/06/09,2026/06/09,866726066636401,405856151004844,2405:200:5213:25:3903:110:2:36,Jionet,4058560c3474010,405856044a330,2026/06/09 17:18:47,103.495,44461010,37124569,HOME,Bihar,
,,,,,917301042183,917301042183,2409:40e4:5f:f470:88cf:15ff:fe1e:c13,47182,,,2404:6800:4003:c03::bc,5228,Dynamic,16:58:56,17:21:44,2026/06/09,2026/06/09,866726066636401,405856151004844,2405:200:5213:25:3903:110:2:36,Jionet,4058560c3474010,405856044a330,2026/06/09 17:18:45,80.897,44461010,37124569,HOME,Bihar,
,,,,,917301042183,917301042183,2409:40e4:5f:f470:88cf:15ff:fe1e:c13,48738,,,2a03:2880:f346:8d:face:b00c:0:2,443,Dynamic,16:58:56,17:21:44,2026/06/09,2026/06/09,866726066636401,405856151004844,2405:200:5213:25:3903:110:2:36,Jionet,4058560c3474010,405856044a330,2026/06/09 17:20:37,11.44,44461010,37124569,HOME,Bihar,
,,,,,917301042183,917301042183,2409:40e4:5f:f470:88cf:15ff:fe1e:c13,41298,,,2404:6800:4009:810::2005,443,Dynamic,16:58:56,17:21:44,2026/06/09,2026/06/09,866726066636401,405856151004844,2405:200:5213:25:3903:110:2:36,Jionet,4058560c3474010,405856044a330,2026/06/09 17:19:38,94.885,44461010,37124569,HOME,Bihar,
,,,,,917301042183,917301042183,2409:40e4:5f:f470:88cf:15ff:fe1e:c13,48202,,,2001:4860:4802:34::223,443,Dynamic,16:58:56,17:21:44,2026/06/09,2026/06/09,866726066636401,405856151004844,2405:200:5213:25:3903:110:2:36,Jionet,4058560c3474010,405856044a330,2026/06/09 17:18:47,109.426,44461010,37124569,HOME,Bihar,
,,,,,917301042183,917301042183,2409:40e4:5f:f470:88cf:15ff:fe1e:c13,38822,,,2a03:2880:f347:3:face:b00c:0:4c63,443,Dynamic,16:58:56,17:21:44,2026/06/09,2026/06/09,866726066636401,405856151004844,2405:200:5213:25:3903:110:2:36,Jionet,4058560c3474010,405856044a330,2026/06/09 17:18:15,187.872,44461010,37124569,HOME,Bihar,
,,,,,917301042183,917301042183,2409:40e4:5f:f470:88cf:15ff:fe1e:c13,38822,,,2a03:2880:f347:3:face:b00c:0:4c63,443,Dynamic,17:51:44,18:06:01,2026/06/09,2026/06/09,866726066636401,405856151004844,2405:200:5213:25:3903:110:2:36,Jionet,405856044a330,4058560c345c000,2026/06/09 17:56:17,185.779,8624611,41418559,HOME,Bihar,
,,,,,917301042183,917301042183,2409:40e4:5f:f470:88cf:15ff:fe1e:c13,42938,,,2a03:2880:f346:8d:face:b00c:0:2,443,Dynamic,17:51:44,18:06:01,2026/06/09,2026/06/09,866726066636401,405856151004844,2405:200:5213:25:3903:110:2:36,Jionet,405856044a330,4058560c345c000,2026/06/09 17:56:21,93.717,8624611,41418559,HOME,Bihar,
,,,,,917301042183,917301042183,2409:40e4:5f:f470:88cf:15ff:fe1e:c13,49388,,,2a03:2880:f322:120:face:b00c:0:167,443,Dynamic,17:51:44,18:06:01,2026/06/09,2026/06/09,866726066636401,405856151004844,2405:200:5213:25:3903:110:2:36,Jionet,405856044a330,4058560c345c000,2026/06/09 17:55:17,176.481,8624611,41418559,HOME,Bihar,
,,,,,917301042183,917301042183,2409:40e4:5f:f470:88cf:15ff:fe1e:c13,46976,,,2a03:2880:f346:8d:face:b00c:0:2,443,Dynamic,17:51:44,18:06:01,2026/06/09,2026/06/09,866726066636401,405856151004844,2405:200:5213:25:3903:110:2:36,Jionet,405856044a330,4058560c345c000,2026/06/09 17:56:04,114.562,8624611,41418559,HOME,Bihar,
,,,,,917301042183,917301042183,2409:40e4:5f:f470:88cf:15ff:fe1e:c13,44078,,,2a03:2880:f346:8d:face:b00c:0:2,443,Dynamic,17:51:44,18:06:01,2026/06/09,2026/06/09,866726066636401,405856151004844,2405:200:5213:25:3903:110:2:36,Jionet,405856044a330,4058560c345c000,2026/06/09 17:54:53,170.891,8624611,41418559,HOME,Bihar,
,,,,,917301042183,917301042183,2409:40e4:5f:f470:88cf:15ff:fe1e:c13,44196,,,2a03:2880:f346:3:face:b00c:0:4c63,443,Dynamic,17:21:44,17:51:44,2026/06/09,2026/06/09,866726066636401,405856151004844,2405:200:5213:25:3903:110:2:36,Jionet,405856044a330,405856044a330,2026/06/09 17:47:15,96.52,8754,14334,HOME,Bihar,
,,,,,917301042183,917301042183,2409:40e4:5f:f470:88cf:15ff:fe1e:c13,44196,,,2a03:2880:f346:3:face:b00c:0:4c63,443,Dynamic,17:21:44,17:51:44,2026/06/09,2026/06/09,866726066636401,405856151004844,2405:200:5213:25:3903:110:2:36,Jionet,405856044a330,405856044a330,2026/06/09 17:47:15,96.52,4094505,7113909,HOME,Bihar,
,,,,,917301042183,917301042183,2409:40e4:5f:f470:88cf:15ff:fe1e:c13,40366,,,2a03:2880:f346:3:face:b00c:0:4c63,443,Dynamic,17:21:44,17:51:44,2026/06/09,2026/06/09,866726066636401,405856151004844,2405:200:5213:25:3903:110:2:36,Jionet,405856044a330,405856044a330,2026/06/09 17:46:39,101.272,8754,14334,HOME,Bihar,
,,,,,917301042183,917301042183,2409:40e4:5f:f470:88cf:15ff:fe1e:c13,40366,,,2a03:2880:f346:3:face:b00c:0:4c63,443,Dynamic,17:21:44,17:51:44,2026/06/09,2026/06/09,866726066636401,405856151004844,2405:200:5213:25:3903:110:2:36,Jionet,405856044a330,405856044a330,2026/06/09 17:46:39,101.272,4094505,7113909,HOME,Bihar,
,,,,,917301042183,917301042183,2409:40e4:5f:f470:88cf:15ff:fe1e:c13,42351,,,2401:4900:b54a:c2f4:1c30:c8ff:feb3:9e83,56190,Dynamic,17:21:44,17:51:44,2026/06/09,2026/06/09,866726066636401,405856151004844,2405:200:5213:25:3903:110:2:36,Jionet,405856044a330,405856044a330,2026/06/09 17:50:07,735.637,8754,14334,HOME,Bihar,
,,,,,917301042183,917301042183,2409:40e4:5f:f470:88cf:15ff:fe1e:c13,42351,,,2401:4900:b54a:c2f4:1c30:c8ff:feb3:9e83,56190,Dynamic,17:21:44,17:51:44,2026/06/09,2026/06/09,866726066636401,405856151004844,2405:200:5213:25:3903:110:2:36,Jionet,405856044a330,405856044a330,2026/06/09 17:50:07,735.637,4094505,7113909,HOME,Bihar,
,,,,,917301042183,917301042183,2409:40e4:5f:f470:88cf:15ff:fe1e:c13,49539,,,2001:4860:482c:7700::,443,Dynamic,17:21:44,17:51:44,2026/06/09,2026/06/09,866726066636401,405856151004844,2405:200:5213:25:3903:110:2:36,Jionet,405856044a330,405856044a330,2026/06/09 17:49:57,69.818,8754,14334,HOME,Bihar,
,,,,,917301042183,917301042183,2409:40e4:5f:f470:88cf:15ff:fe1e:c13,49539,,,2001:4860:482c:7700::,443,Dynamic,17:21:44,17:51:44,2026/06/09,2026/06/09,866726066636401,405856151004844,2405:200:5213:25:3903:110:2:36,Jionet,405856044a330,405856044a330,2026/06/09 17:49:57,69.818,4094505,7113909,HOME,Bihar,
,,,,,917301042183,917301042183,2409:40e4:5f:f470:88cf:15ff:fe1e:c13,40320,,,2600:1901:0:8956::,443,Dynamic,17:21:44,17:51:44,2026/06/09,2026/06/09,866726066636401,405856151004844,2405:200:5213:25:3903:110:2:36,Jionet,405856044a330,405856044a330,2026/06/09 17:49:13,36.292,8754,14334,HOME,Bihar,
,,,,,917301042183,917301042183,2409:40e4:5f:f470:88cf:15ff:fe1e:c13,40320,,,2600:1901:0:8956::,443,Dynamic,17:21:44,17:51:44,2026/06/09,2026/06/09,866726066636401,405856151004844,2405:200:5213:25:3903:110:2:36,Jionet,405856044a330,405856044a330,2026/06/09 17:49:13,36.292,4094505,7113909,HOME,Bihar,
,,,,,917301042183,917301042183,2409:40e4:5f:f470:88cf:15ff:fe1e:c13,47182,,,2404:6800:4003:c03::bc,5228,Dynamic,17:21:44,17:51:44,2026/06/09,2026/06/09,866726066636401,405856151004844,2405:200:5213:25:3903:110:2:36,Jionet,405856044a330,405856044a330,2026/06/09 17:49:08,118.14,8754,14334,HOME,Bihar,
,,,,,917301042183,917301042183,2409:40e4:5f:f470:88cf:15ff:fe1e:c13,47182,,,2404:6800:4003:c03::bc,5228,Dynamic,17:21:44,17:51:44,2026/06/09,2026/06/09,866726066636401,405856151004844,2405:200:5213:25:3903:110:2:36,Jionet,405856044a330,405856044a330,2026/06/09 17:49:08,118.14,4094505,7113909,HOME,Bihar,
,,,,,917301042183,917301042183,2409:40e4:5f:f470:88cf:15ff:fe1e:c13,38822,,,2a03:2880:f347:3:face:b00c:0:4c63,443,Dynamic,17:21:44,17:51:44,2026/06/09,2026/06/09,866726066636401,405856151004844,2405:200:5213:25:3903:110:2:36,Jionet,405856044a330,405856044a330,2026/06/09 17:49:17,126.16,8754,14334,HOME,Bihar,
,,,,,917301042183,917301042183,2409:40e4:5f:f470:88cf:15ff:fe1e:c13,38822,,,2a03:2880:f347:3:face:b00c:0:4c63,443,Dynamic,17:21:44,17:51:44,2026/06/09,2026/06/09,866726066636401,405856151004844,2405:200:5213:25:3903:110:2:36,Jionet,405856044a330,405856044a330,2026/06/09 17:49:17,126.16,4094505,7113909,HOME,Bihar,
,,,,,917301042183,917301042183,2409:40e4:5f:f470:88cf:15ff:fe1e:c13,42964,,,2001:4860:4802:32::223,443,Dynamic,17:21:44,17:51:44,2026/06/09,2026/06/09,866726066636401,405856151004844,2405:200:5213:25:3903:110:2:36,Jionet,405856044a330,405856044a330,2026/06/09 17:49:16,87.022,8754,14334,HOME,Bihar,
,,,,,917301042183,917301042183,2409:40e4:5f:f470:88cf:15ff:fe1e:c13,42964,,,2001:4860:4802:32::223,443,Dynamic,17:21:44,17:51:44,2026/06/09,2026/06/09,866726066636401,405856151004844,2405:200:5213:25:3903:110:2:36,Jionet,405856044a330,405856044a330,2026/06/09 17:49:16,87.022,4094505,7113909,HOME,Bihar,
,,,,,917301042183,917301042183,2409:40e4:5f:f470:88cf:15ff:fe1e:c13,42351,,,2a03:2880:f36a:136:face:b00c:0:b1,3478,Dynamic,17:21:44,17:51:44,2026/06/09,2026/06/09,866726066636401,405856151004844,2405:200:5213:25:3903:110:2:36,Jionet,405856044a330,405856044a330,2026/06/09 17:49:53,88.537,8754,14334,HOME,Bihar,
,,,,,917301042183,917301042183,2409:40e4:5f:f470:88cf:15ff:fe1e:c13,42351,,,2a03:2880:f36a:136:face:b00c:0:b1,3478,Dynamic,17:21:44,17:51:44,2026/06/09,2026/06/09,866726066636401,405856151004844,2405:200:5213:25:3903:110:2:36,Jionet,405856044a330,405856044a330,2026/06/09 17:49:53,88.537,4094505,7113909,HOME,Bihar,
,,,,,917301042183,917301042183,2409:40e4:5f:f470:88cf:15ff:fe1e:c13,46356,,,2600:9000:213f:be00:0:81a2:1c80:93a1,443,Dynamic,17:21:44,17:51:44,2026/06/09,2026/06/09,866726066636401,405856151004844,2405:200:5213:25:3903:110:2:36,Jionet,405856044a330,405856044a330,2026/06/09 17:49:47,11.398,8754,14334,HOME,Bihar,
,,,,,917301042183,917301042183,2409:40e4:5f:f470:88cf:15ff:fe1e:c13,46356,,,2600:9000:213f:be00:0:81a2:1c80:93a1,443,Dynamic,17:21:44,17:51:44,2026/06/09,2026/06/09,866726066636401,405856151004844,2405:200:5213:25:3903:110:2:36,Jionet,405856044a330,405856044a330,2026/06/09 17:49:47,11.398,4094505,7113909,HOME,Bihar,
,,,,,917301042183,917301042183,2409:40e4:5f:f470:88cf:15ff:fe1e:c13,39150,,,2600:9000:2003:5a00:8:b109:e16:e01,443,Dynamic,17:21:44,17:51:44,2026/06/09,2026/06/09,866726066636401,405856151004844,2405:200:5213:25:3903:110:2:36,Jionet,405856044a330,405856044a330,2026/06/09 17:49:47,11.211,8754,14334,HOME,Bihar,
,,,,,917301042183,917301042183,2409:40e4:5f:f470:88cf:15ff:fe1e:c13,39150,,,2600:9000:2003:5a00:8:b109:e16:e01,443,Dynamic,17:21:44,17:51:44,2026/06/09,2026/06/09,866726066636401,405856151004844,2405:200:5213:25:3903:110:2:36,Jionet,405856044a330,405856044a330,2026/06/09 17:49:47,11.211,4094505,7113909,HOME,Bihar,
,,,,,917301042183,917301042183,2409:40e4:5f:f470:88cf:15ff:fe1e:c13,45336,,,2600:1f18:42f5:7703:c63d:6e20:362e:5e4a,443,Dynamic,17:21:44,17:51:44,2026/06/09,2026/06/09,866726066636401,405856151004844,2405:200:5213:25:3903:110:2:36,Jionet,405856044a330,405856044a330,2026/06/09 17:49:47,11.39,8754,14334,HOME,Bihar,
,,,,,917301042183,917301042183,2409:40e4:5f:f470:88cf:15ff:fe1e:c13,45336,,,2600:1f18:42f5:7703:c63d:6e20:362e:5e4a,443,Dynamic,17:21:44,17:51:44,2026/06/09,2026/06/09,866726066636401,405856151004844,2405:200:5213:25:3903:110:2:36,Jionet,405856044a330,405856044a330,2026/06/09 17:49:47,11.39,4094505,7113909,HOME,Bihar,
,,,,,917301042183,917301042183,2409:40e4:5f:f470:88cf:15ff:fe1e:c13,45062,,,2404:6800:4000:100c::9b,443,Dynamic,16:58:56,17:21:44,2026/06/09,2026/06/09,866726066636401,405856151004844,2405:200:5213:25:3903:110:2:36,Jionet,4058560c3474010,405856044a330,2026/06/09 17:21:29,101.976,44461010,37124569,HOME,Bihar,
,,,,,917301042183,917301042183,2409:40e4:5f:f470:88cf:15ff:fe1e:c13,37750,,,2001:b28:f23f:f005::a,443,Dynamic,16:58:56,17:21:44,2026/06/09,2026/06/09,866726066636401,405856151004844,2405:200:5213:25:3903:110:2:36,Jionet,4058560c3474010,405856044a330,2026/06/09 17:21:28,21.872,44461010,37124569,HOME,Bihar,
,,,,,917301042183,917301042183,2409:40e4:5f:f470:88cf:15ff:fe1e:c13,42112,,,2404:6800:4000:100c::9b,443,Dynamic,17:21:44,17:51:44,2026/06/09,2026/06/09,866726066636401,405856151004844,2405:200:5213:25:3903:110:2:36,Jionet,405856044a330,405856044a330,2026/06/09 17:21:56,68.408,8754,14334,HOME,Bihar,
,,,,,917301042183,917301042183,2409:40e4:5f:f470:88cf:15ff:fe1e:c13,42112,,,2404:6800:4000:100c::9b,443,Dynamic,17:21:44,17:51:44,2026/06/09,2026/06/09,866726066636401,405856151004844,2405:200:5213:25:3903:110:2:36,Jionet,405856044a330,405856044a330,2026/06/09 17:21:56,68.408,4094505,7113909,HOME,Bihar,
,,,,,917301042183,917301042183,2409:40e4:5f:f470:88cf:15ff:fe1e:c13,49086,,,2001:b28:f23f:f005::a,443,Dynamic,16:58:56,17:21:44,2026/06/09,2026/06/09,866726066636401,405856151004844,2405:200:5213:25:3903:110:2:36,Jionet,4058560c3474010,405856044a330,2026/06/09 17:21:33,15.927,44461010,37124569,HOME,Bihar,
,,,,,917301042183,917301042183,2409:40e4:5f:f470:88cf:15ff:fe1e:c13,46374,,,2001:4860:4802:36::223,443,Dynamic,16:58:56,17:21:44,2026/06/09,2026/06/09,866726066636401,405856151004844,2405:200:5213:25:3903:110:2:36,Jionet,4058560c3474010,405856044a330,2026/06/09 17:21:34,101.324,44461010,37124569,HOME,Bihar,
,,,,,917301042183,917301042183,2409:40e4:5f:f470:88cf:15ff:fe1e:c13,41550,,,2404:6800:4009:815::2002,443,Dynamic,16:58:56,17:21:44,2026/06/09,2026/06/09,866726066636401,405856151004844,2405:200:5213:25:3903:110:2:36,Jionet,4058560c3474010,405856044a330,2026/06/09 17:21:33,11.596,44461010,37124569,HOME,Bihar,
,,,,,917301042183,917301042183,2409:40e4:5f:f470:88cf:15ff:fe1e:c13,37297,,,2404:6800:4009:801::200e,443,Dynamic,17:21:44,17:51:44,2026/06/09,2026/06/09,866726066636401,405856151004844,2405:200:5213:25:3903:110:2:36,Jionet,405856044a330,405856044a330,2026/06/09 17:21:56,81.525,8754,14334,HOME,Bihar,
,,,,,917301042183,917301042183,2409:40e4:5f:f470:88cf:15ff:fe1e:c13,37297,,,2404:6800:4009:801::200e,443,Dynamic,17:21:44,17:51:44,2026/06/09,2026/06/09,866726066636401,405856151004844,2405:200:5213:25:3903:110:2:36,Jionet,405856044a330,405856044a330,2026/06/09 17:21:56,81.525,4094505,7113909,HOME,Bihar,
,,,,,917301042183,917301042183,2409:40e4:5f:f470:88cf:15ff:fe1e:c13,46094,,,2404:6800:4009:815::2002,443,Dynamic,17:21:44,17:51:44,2026/06/09,2026/06/09,866726066636401,405856151004844,2405:200:5213:25:3903:110:2:36,Jionet,405856044a330,405856044a330,2026/06/09 17:21:56,11.433,8754,14334,HOME,Bihar,
,,,,,917301042183,917301042183,2409:40e4:5f:f470:88cf:15ff:fe1e:c13,46094,,,2404:6800:4009:815::2002,443,Dynamic,17:21:44,17:51:44,2026/06/09,2026/06/09,866726066636401,405856151004844,2405:200:5213:25:3903:110:2:36,Jionet,405856044a330,405856044a330,2026/06/09 17:21:56,11.433,4094505,7113909,HOME,Bihar,
,,,,,917301042183,917301042183,2409:40e4:5f:f470:88cf:15ff:fe1e:c13,44196,,,2a03:2880:f346:3:face:b00c:0:4c63,443,Dynamic,16:58:56,17:21:44,2026/06/09,2026/06/09,866726066636401,405856151004844,2405:200:5213:25:3903:110:2:36,Jionet,4058560c3474010,405856044a330,2026/06/09 17:20:32,139.213,44461010,37124569,HOME,Bihar,
,,,,,917301042183,917301042183,2409:40e4:5f:f470:88cf:15ff:fe1e:c13,41032,,,2001:b28:f23f:f005::a,443,Dynamic,17:21:44,17:51:44,2026/06/09,2026/06/09,866726066636401,405856151004844,2405:200:5213:25:3903:110:2:36,Jionet,405856044a330,405856044a330,2026/06/09 17:21:58,16.599,8754,14334,HOME,Bihar,
,,,,,917301042183,917301042183,2409:40e4:5f:f470:88cf:15ff:fe1e:c13,41032,,,2001:b28:f23f:f005::a,443,Dynamic,17:21:44,17:51:44,2026/06/09,2026/06/09,866726066636401,405856151004844,2405:200:5213:25:3903:110:2:36,Jionet,405856044a330,405856044a330,2026/06/09 17:21:58,16.599,4094505,7113909,HOME,Bihar,
,,,,,917301042183,917301042183,2409:40e4:5f:f470:88cf:15ff:fe1e:c13,47182,,,2404:6800:4003:c03::bc,5228,Dynamic,16:58:56,17:21:44,2026/06/09,2026/06/09,866726066636401,405856151004844,2405:200:5213:25:3903:110:2:36,Jionet,4058560c3474010,405856044a330,2026/06/09 17:21:07,118.597,44461010,37124569,HOME,Bihar,
,,,,,917301042183,917301042183,2409:40e4:5f:f470:88cf:15ff:fe1e:c13,38224,,,2600:1901:0:8956::,443,Dynamic,16:58:56,17:21:44,2026/06/09,2026/06/09,866726066636401,405856151004844,2405:200:5213:25:3903:110:2:36,Jionet,4058560c3474010,405856044a330,2026/06/09 17:21:29,36.603,44461010,37124569,HOME,Bihar,
,,,,,917301042183,917301042183,2409:40e4:5f:f470:88cf:15ff:fe1e:c13,44768,,,2a03:2880:f347:8d:face:b00c:0:2,443,Dynamic,16:58:56,17:21:44,2026/06/09,2026/06/09,866726066636401,405856151004844,2405:200:5213:25:3903:110:2:36,Jionet,4058560c3474010,405856044a330,2026/06/09 17:20:43,119.877,44461010,37124569,HOME,Bihar,
,,,,,917301042183,917301042183,2409:40e4:5f:f470:88cf:15ff:fe1e:c13,46096,,,2404:6800:4009:815::2002,443,Dynamic,17:21:44,17:51:44,2026/06/09,2026/06/09,866726066636401,405856151004844,2405:200:5213:25:3903:110:2:36,Jionet,405856044a330,405856044a330,2026/06/09 17:21:58,11.476,8754,14334,HOME,Bihar,
,,,,,917301042183,917301042183,2409:40e4:5f:f470:88cf:15ff:fe1e:c13,46096,,,2404:6800:4009:815::2002,443,Dynamic,17:21:44,17:51:44,2026/06/09,2026/06/09,866726066636401,405856151004844,2405:200:5213:25:3903:110:2:36,Jionet,405856044a330,405856044a330,2026/06/09 17:21:58,11.476,4094505,7113909,HOME,Bihar,
,,,,,917301042183,917301042183,2409:40e4:5f:f470:88cf:15ff:fe1e:c13,38214,,,2600:1901:0:8956::,443,Dynamic,16:58:56,17:21:44,2026/06/09,2026/06/09,866726066636401,405856151004844,2405:200:5213:25:3903:110:2:36,Jionet,4058560c3474010,405856044a330,2026/06/09 17:21:28,78.921,44461010,37124569,HOME,Bihar,
,,,,,917301042183,917301042183,2409:40e4:5f:f470:88cf:15ff:fe1e:c13,40366,,,2a03:2880:f346:3:face:b00c:0:4c63,443,Dynamic,16:58:56,17:21:44,2026/06/09,2026/06/09,866726066636401,405856151004844,2405:200:5213:25:3903:110:2:36,Jionet,4058560c3474010,405856044a330,2026/06/09 17:20:39,101.297,44461010,37124569,HOME,Bihar,
,,,,,917301042183,917301042183,2409:40e4:5f:f470:88cf:15ff:fe1e:c13,43019,,,2001:4860:4802:34::223,443,Dynamic,16:58:56,17:21:44,2026/06/09,2026/06/09,866726066636401,405856151004844,2405:200:5213:25:3903:110:2:36,Jionet,4058560c3474010,405856044a330,2026/06/09 17:21:29,69.996,44461010,37124569,HOME,Bihar,
,,,,,917301042183,917301042183,2409:40e4:5f:f470:88cf:15ff:fe1e:c13,47768,,,2600:1901:0:8956::,443,Dynamic,17:21:44,17:51:44,2026/06/09,2026/06/09,866726066636401,405856151004844,2405:200:5213:25:3903:110:2:36,Jionet,405856044a330,405856044a330,2026/06/09 17:21:54,36.376,8754,14334,HOME,Bihar,
,,,,,917301042183,917301042183,2409:40e4:5f:f470:88cf:15ff:fe1e:c13,47768,,,2600:1901:0:8956::,443,Dynamic,17:21:44,17:51:44,2026/06/09,2026/06/09,866726066636401,405856151004844,2405:200:5213:25:3903:110:2:36,Jionet,405856044a330,405856044a330,2026/06/09 17:21:54,36.376,4094505,7113909,HOME,Bihar,
,,,,,917301042183,917301042183,2409:40e4:5f:f470:88cf:15ff:fe1e:c13,37040,,,2001:4860:4802:36::223,443,Dynamic,16:58:56,17:21:44,2026/06/09,2026/06/09,866726066636401,405856151004844,2405:200:5213:25:3903:110:2:36,Jionet,4058560c3474010,405856044a330,2026/06/09 17:21:35,103.759,44461010,37124569,HOME,Bihar,
,,,,,917301042183,917301042183,2409:40e4:5f:f470:88cf:15ff:fe1e:c13,47782,,,2600:1901:0:8956::,443,Dynamic,17:21:44,17:51:44,2026/06/09,2026/06/09,866726066636401,405856151004844,2405:200:5213:25:3903:110:2:36,Jionet,405856044a330,405856044a330,2026/06/09 17:21:54,36.349,8754,14334,HOME,Bihar,
,,,,,917301042183,917301042183,2409:40e4:5f:f470:88cf:15ff:fe1e:c13,47782,,,2600:1901:0:8956::,443,Dynamic,17:21:44,17:51:44,2026/06/09,2026/06/09,866726066636401,405856151004844,2405:200:5213:25:3903:110:2:36,Jionet,405856044a330,405856044a330,2026/06/09 17:21:54,36.349,4094505,7113909,HOME,Bihar,
,,,,,917301042183,917301042183,2409:40e4:5f:f470:88cf:15ff:fe1e:c13,44634,,,2001:4860:4802:36::223,443,Dynamic,16:58:56,17:21:44,2026/06/09,2026/06/09,866726066636401,405856151004844,2405:200:5213:25:3903:110:2:36,Jionet,4058560c3474010,405856044a330,2026/06/09 17:21:37,89.305,44461010,37124569,HOME,Bihar,
,,,,,917301042183,917301042183,2409:40e4:5f:f470:88cf:15ff:fe1e:c13,47982,,,2001:4860:4802:36::223,443,Dynamic,16:58:56,17:21:44,2026/06/09,2026/06/09,866726066636401,405856151004844,2405:200:5213:25:3903:110:2:36,Jionet,4058560c3474010,405856044a330,2026/06/09 17:21:32,113.643,44461010,37124569,HOME,Bihar,
,,,,,917301042183,917301042183,2409:40e4:5f:f470:88cf:15ff:fe1e:c13,43782,,,2a03:2880:f347:120:face:b00c:0:167,443,Dynamic,17:51:44,18:06:01,2026/06/09,2026/06/09,866726066636401,405856151004844,2405:200:5213:25:3903:110:2:36,Jionet,405856044a330,4058560c345c000,2026/06/09 17:54:54,91.312,8624611,41418559,HOME,Bihar,
,,,,,917301042183,917301042183,2409:40e4:5f:f470:88cf:15ff:fe1e:c13,44196,,,2a03:2880:f346:3:face:b00c:0:4c63,443,Dynamic,17:51:44,18:06:01,2026/06/09,2026/06/09,866726066636401,405856151004844,2405:200:5213:25:3903:110:2:36,Jionet,405856044a330,4058560c345c000,2026/06/09 17:54:39,72.328,8624611,41418559,HOME,Bihar,
,,,,,917301042183,917301042183,2409:40e4:5f:f470:88cf:15ff:fe1e:c13,39260,,,2a03:2880:f347:3:face:b00c:0:4c63,443,Dynamic,17:51:44,18:06:01,2026/06/09,2026/06/09,866726066636401,405856151004844,2405:200:5213:25:3903:110:2:36,Jionet,405856044a330,4058560c345c000,2026/06/09 17:53:55,114.076,8624611,41418559,HOME,Bihar,
,,,,,917301042183,917301042183,2409:40e4:5f:f470:88cf:15ff:fe1e:c13,44196,,,2a03:2880:f346:3:face:b00c:0:4c63,443,Dynamic,17:21:44,17:51:44,2026/06/09,2026/06/09,866726066636401,405856151004844,2405:200:5213:25:3903:110:2:36,Jionet,405856044a330,405856044a330,2026/06/09 17:50:58,113.627,8754,14334,HOME,Bihar,
,,,,,917301042183,917301042183,2409:40e4:5f:f470:88cf:15ff:fe1e:c13,44196,,,2a03:2880:f346:3:face:b00c:0:4c63,443,Dynamic,17:21:44,17:51:44,2026/06/09,2026/06/09,866726066636401,405856151004844,2405:200:5213:25:3903:110:2:36,Jionet,405856044a330,405856044a330,2026/06/09 17:50:58,113.627,4094505,7113909,HOME,Bihar,
,,,,,917301042183,917301042183,2409:40e4:5f:f470:88cf:15ff:fe1e:c13,43782,,,2a03:2880:f347:120:face:b00c:0:167,443,Dynamic,17:21:44,17:51:44,2026/06/09,2026/06/09,866726066636401,405856151004844,2405:200:5213:25:3903:110:2:36,Jionet,405856044a330,405856044a330,2026/06/09 17:49:53,151.953,8754,14334,HOME,Bihar,
,,,,,917301042183,917301042183,2409:40e4:5f:f470:88cf:15ff:fe1e:c13,43782,,,2a03:2880:f347:120:face:b00c:0:167,443,Dynamic,17:21:44,17:51:44,2026/06/09,2026/06/09,866726066636401,405856151004844,2405:200:5213:25:3903:110:2:36,Jionet,405856044a330,405856044a330,2026/06/09 17:49:53,151.953,4094505,7113909,HOME,Bihar,
,,,,,917301042183,917301042183,2409:40e4:5f:f470:88cf:15ff:fe1e:c13,42351,,,2a03:2880:f26b:1c5:face:b00c:0:177,3478,Dynamic,17:21:44,17:51:44,2026/06/09,2026/06/09,866726066636401,405856151004844,2405:200:5213:25:3903:110:2:36,Jionet,405856044a330,405856044a330,2026/06/09 17:49:53,113.613,8754,14334,HOME,Bihar,
,,,,,917301042183,917301042183,2409:40e4:5f:f470:88cf:15ff:fe1e:c13,42351,,,2a03:2880:f26b:1c5:face:b00c:0:177,3478,Dynamic,17:21:44,17:51:44,2026/06/09,2026/06/09,866726066636401,405856151004844,2405:200:5213:25:3903:110:2:36,Jionet,405856044a330,405856044a330,2026/06/09 17:49:53,113.613,4094505,7113909,HOME,Bihar,
,,,,,917301042183,917301042183,2409:40e4:5f:f470:88cf:15ff:fe1e:c13,42351,,,2a03:2880:f379:136:face:b00c:0:b1,3478,Dynamic,17:21:44,17:51:44,2026/06/09,2026/06/09,866726066636401,405856151004844,2405:200:5213:25:3903:110:2:36,Jionet,405856044a330,405856044a330,2026/06/09 17:49:53,101.624,8754,14334,HOME,Bihar,
,,,,,917301042183,917301042183,2409:40e4:5f:f470:88cf:15ff:fe1e:c13,42351,,,2a03:2880:f379:136:face:b00c:0:b1,3478,Dynamic,17:21:44,17:51:44,2026/06/09,2026/06/09,866726066636401,405856151004844,2405:200:5213:25:3903:110:2:36,Jionet,405856044a330,405856044a330,2026/06/09 17:49:53,101.624,4094505,7113909,HOME,Bihar,
,,,,,917301042183,917301042183,2409:40e4:5f:f470:88cf:15ff:fe1e:c13,38822,,,2a03:2880:f347:3:face:b00c:0:4c63,443,Dynamic,16:58:56,17:21:44,2026/06/09,2026/06/09,866726066636401,405856151004844,2405:200:5213:25:3903:110:2:36,Jionet,4058560c3474010,405856044a330,2026/06/09 17:12:15,68.184,44461010,37124569,HOME,Bihar,
,,,,,917301042183,917301042183,2409:40e4:5f:f470:88cf:15ff:fe1e:c13,38790,,,2001:b28:f23f:f005::a,443,Dynamic,16:58:56,17:21:44,2026/06/09,2026/06/09,866726066636401,405856151004844,2405:200:5213:25:3903:110:2:36,Jionet,4058560c3474010,405856044a330,2026/06/09 17:11:41,25.548,44461010,37124569,HOME,Bihar,
,,,,,917301042183,917301042183,2409:40e4:5f:f470:88cf:15ff:fe1e:c13,44496,,,2a03:2880:f346:136:face:b00c:0:b1,3478,Dynamic,16:58:56,17:21:44,2026/06/09,2026/06/09,866726066636401,405856151004844,2405:200:5213:25:3903:110:2:36,Jionet,4058560c3474010,405856044a330,2026/06/09 17:11:51,83.02,44461010,37124569,HOME,Bihar,
,,,,,917301042183,917301042183,2409:40e4:5f:f470:88cf:15ff:fe1e:c13,47182,,,2404:6800:4003:c03::bc,5228,Dynamic,16:58:56,17:21:44,2026/06/09,2026/06/09,866726066636401,405856151004844,2405:200:5213:25:3903:110:2:36,Jionet,4058560c3474010,405856044a330,2026/06/09 17:09:12,174.332,44461010,37124569,HOME,Bihar,
,,,,,917301042183,917301042183,2409:40e4:5f:f470:88cf:15ff:fe1e:c13,40366,,,2a03:2880:f346:3:face:b00c:0:4c63,443,Dynamic,16:58:56,17:21:44,2026/06/09,2026/06/09,866726066636401,405856151004844,2405:200:5213:25:3903:110:2:36,Jionet,4058560c3474010,405856044a330,2026/06/09 17:11:59,81.297,44461010,37124569,HOME,Bihar,
,,,,,917301042183,917301042183,2409:40e4:5f:f470:88cf:15ff:fe1e:c13,46494,,,2405:200:1613:2885:face:b00c:3333:4df0,3478,Dynamic,16:58:56,17:21:44,2026/06/09,2026/06/09,866726066636401,405856151004844,2405:200:5213:25:3903:110:2:36,Jionet,4058560c3474010,405856044a330,2026/06/09 17:10:05,106.835,44461010,37124569,HOME,Bihar,
,,,,,917301042183,917301042183,2409:40e4:5f:f470:88cf:15ff:fe1e:c13,47081,,,2001:4860:4802:36::223,443,Dynamic,16:58:56,17:21:44,2026/06/09,2026/06/09,866726066636401,405856151004844,2405:200:5213:25:3903:110:2:36,Jionet,4058560c3474010,405856044a330,2026/06/09 17:10:05,90.59,44461010,37124569,HOME,Bihar,
,,,,,917301042183,917301042183,2409:40e4:5f:f470:88cf:15ff:fe1e:c13,38806,,,2001:b28:f23f:f005::a,443,Dynamic,16:58:56,17:21:44,2026/06/09,2026/06/09,866726066636401,405856151004844,2405:200:5213:25:3903:110:2:36,Jionet,4058560c3474010,405856044a330,2026/06/09 17:11:45,21.14,44461010,37124569,HOME,Bihar,
,,,,,917301042183,917301042183,2409:40e4:5f:f470:88cf:15ff:fe1e:c13,44196,,,2a03:2880:f346:3:face:b00c:0:4c63,443,Dynamic,16:58:56,17:21:44,2026/06/09,2026/06/09,866726066636401,405856151004844,2405:200:5213:25:3903:110:2:36,Jionet,4058560c3474010,405856044a330,2026/06/09 17:09:12,159.868,44461010,37124569,HOME,Bihar,
,,,,,917301042183,917301042183,2409:40e4:5f:f470:88cf:15ff:fe1e:c13,46494,,,2a03:2880:f322:136:face:b00c:0:b1,3478,Dynamic,16:58:56,17:21:44,2026/06/09,2026/06/09,866726066636401,405856151004844,2405:200:5213:25:3903:110:2:36,Jionet,4058560c3474010,405856044a330,2026/06/09 17:10:05,97.508,44461010,37124569,HOME,Bihar,
,,,,,917301042183,917301042183,2409:40e4:5f:f470:88cf:15ff:fe1e:c13,48214,,,2405:200:1613:2885:face:b00c:3333:a3f,443,Dynamic,17:21:44,17:51:44,2026/06/09,2026/06/09,866726066636401,405856151004844,2405:200:5213:25:3903:110:2:36,Jionet,405856044a330,405856044a330,2026/06/09 17:36:04,11.037,8754,14334,HOME,Bihar,
,,,,,917301042183,917301042183,2409:40e4:5f:f470:88cf:15ff:fe1e:c13,48214,,,2405:200:1613:2885:face:b00c:3333:a3f,443,Dynamic,17:21:44,17:51:44,2026/06/09,2026/06/09,866726066636401,405856151004844,2405:200:5213:25:3903:110:2:36,Jionet,405856044a330,405856044a330,2026/06/09 17:36:04,11.037,4094505,7113909,HOME,Bihar,
,,,,,917301042183,917301042183,2409:40e4:5f:f470:88cf:15ff:fe1e:c13,41936,,,2405:200:1630:ff74:face:b00c:3333:a3f,443,Dynamic,17:21:44,17:51:44,2026/06/09,2026/06/09,866726066636401,405856151004844,2405:200:5213:25:3903:110:2:36,Jionet,405856044a330,405856044a330,2026/06/09 17:36:04,11.037,8754,14334,HOME,Bihar,
,,,,,917301042183,917301042183,2409:40e4:5f:f470:88cf:15ff:fe1e:c13,41936,,,2405:200:1630:ff74:face:b00c:3333:a3f,443,Dynamic,17:21:44,17:51:44,2026/06/09,2026/06/09,866726066636401,405856151004844,2405:200:5213:25:3903:110:2:36,Jionet,405856044a330,405856044a330,2026/06/09 17:36:04,11.037,4094505,7113909,HOME,Bihar,
,,,,,917301042183,917301042183,2409:40e4:5f:f470:88cf:15ff:fe1e:c13,49504,,,2a03:2880:f346:90:face:b00c:0:8e,443,Dynamic,17:21:44,17:51:44,2026/06/09,2026/06/09,866726066636401,405856151004844,2405:200:5213:25:3903:110:2:36,Jionet,405856044a330,405856044a330,2026/06/09 17:36:04,14.248,8754,14334,HOME,Bihar,
,,,,,917301042183,917301042183,2409:40e4:5f:f470:88cf:15ff:fe1e:c13,49504,,,2a03:2880:f346:90:face:b00c:0:8e,443,Dynamic,17:21:44,17:51:44,2026/06/09,2026/06/09,866726066636401,405856151004844,2405:200:5213:25:3903:110:2:36,Jionet,405856044a330,405856044a330,2026/06/09 17:36:04,14.248,4094505,7113909,HOME,Bihar,
,,,,,917301042183,917301042183,2409:40e4:5f:f470:88cf:15ff:fe1e:c13,44496,,,2600:1f18:42f5:7702:9e00:ff63:a426:9b5d,443,Dynamic,17:21:44,17:51:44,2026/06/09,2026/06/09,866726066636401,405856151004844,2405:200:5213:25:3903:110:2:36,Jionet,405856044a330,405856044a330,2026/06/09 17:36:05,8.885,8754,14334,HOME,Bihar,
,,,,,917301042183,917301042183,2409:40e4:5f:f470:88cf:15ff:fe1e:c13,44496,,,2600:1f18:42f5:7702:9e00:ff63:a426:9b5d,443,Dynamic,17:21:44,17:51:44,2026/06/09,2026/06/09,866726066636401,405856151004844,2405:200:5213:25:3903:110:2:36,Jionet,405856044a330,405856044a330,2026/06/09 17:36:05,8.885,4094505,7113909,HOME,Bihar,
,,,,,917301042183,917301042183,2409:40e4:5f:f470:88cf:15ff:fe1e:c13,45068,,,2600:9000:2130:ae00:0:81a2:1c80:93a1,443,Dynamic,17:21:44,17:51:44,2026/06/09,2026/06/09,866726066636401,405856151004844,2405:200:5213:25:3903:110:2:36,Jionet,405856044a330,405856044a330,2026/06/09 17:36:04,10.564,8754,14334,HOME,Bihar,
,,,,,917301042183,917301042183,2409:40e4:5f:f470:88cf:15ff:fe1e:c13,45068,,,2600:9000:2130:ae00:0:81a2:1c80:93a1,443,Dynamic,17:21:44,17:51:44,2026/06/09,2026/06/09,866726066636401,405856151004844,2405:200:5213:25:3903:110:2:36,Jionet,405856044a330,405856044a330,2026/06/09 17:36:04,10.564,4094505,7113909,HOME,Bihar,
,,,,,917301042183,917301042183,2409:40e4:5f:f470:88cf:15ff:fe1e:c13,38822,,,2a03:2880:f347:3:face:b00c:0:4c63,443,Dynamic,17:21:44,17:51:44,2026/06/09,2026/06/09,866726066636401,405856151004844,2405:200:5213:25:3903:110:2:36,Jionet,405856044a330,405856044a330,2026/06/09 17:34:16,186.973,8754,14334,HOME,Bihar,
,,,,,917301042183,917301042183,2409:40e4:5f:f470:88cf:15ff:fe1e:c13,38822,,,2a03:2880:f347:3:face:b00c:0:4c63,443,Dynamic,17:21:44,17:51:44,2026/06/09,2026/06/09,866726066636401,405856151004844,2405:200:5213:25:3903:110:2:36,Jionet,405856044a330,405856044a330,2026/06/09 17:34:16,186.973,4094505,7113909,HOME,Bihar,
,,,,,917301042183,917301042183,2409:40e4:5f:f470:88cf:15ff:fe1e:c13,46830,,,2a03:2880:f346:c4:face:b00c:0:21ba,443,Dynamic,17:21:44,17:51:44,2026/06/09,2026/06/09,866726066636401,405856151004844,2405:200:5213:25:3903:110:2:36,Jionet,405856044a330,405856044a330,2026/06/09 17:36:04,82.803,8754,14334,HOME,Bihar,
,,,,,917301042183,917301042183,2409:40e4:5f:f470:88cf:15ff:fe1e:c13,46830,,,2a03:2880:f346:c4:face:b00c:0:21ba,443,Dynamic,17:21:44,17:51:44,2026/06/09,2026/06/09,866726066636401,405856151004844,2405:200:5213:25:3903:110:2:36,Jionet,405856044a330,405856044a330,2026/06/09 17:36:04,82.803,4094505,7113909,HOME,Bihar,
,,,,,917301042183,917301042183,2409:40e4:5f:f470:88cf:15ff:fe1e:c13,40366,,,2a03:2880:f346:3:face:b00c:0:4c63,443,Dynamic,17:21:44,17:51:44,2026/06/09,2026/06/09,866726066636401,405856151004844,2405:200:5213:25:3903:110:2:36,Jionet,405856044a330,405856044a330,2026/06/09 17:50:59,810.223,8754,14334,HOME,Bihar,
,,,,,917301042183,917301042183,2409:40e4:5f:f470:88cf:15ff:fe1e:c13,40366,,,2a03:2880:f346:3:face:b00c:0:4c63,443,Dynamic,17:21:44,17:51:44,2026/06/09,2026/06/09,866726066636401,405856151004844,2405:200:5213:25:3903:110:2:36,Jionet,405856044a330,405856044a330,2026/06/09 17:50:59,810.223,4094505,7113909,HOME,Bihar,
,,,,,917301042183,917301042183,2409:40e4:5f:f470:88cf:15ff:fe1e:c13,44496,,,2a03:2880:f311:136:face:b00c:0:b1,3478,Dynamic,16:58:56,17:21:44,2026/06/09,2026/06/09,866726066636401,405856151004844,2405:200:5213:25:3903:110:2:36,Jionet,4058560c3474010,405856044a330,2026/06/09 17:11:51,103.856,44461010,37124569,HOME,Bihar,
,,,,,917301042183,917301042183,2409:40e4:5f:f470:88cf:15ff:fe1e:c13,44196,,,2a03:2880:f346:3:face:b00c:0:4c63,443,Dynamic,16:58:56,17:21:44,2026/06/09,2026/06/09,866726066636401,405856151004844,2405:200:5213:25:3903:110:2:36,Jionet,4058560c3474010,405856044a330,2026/06/09 17:13:08,103.383,44461010,37124569,HOME,Bihar,
,,,,,917301042183,917301042183,2409:40e4:5f:f470:88cf:15ff:fe1e:c13,38168,,,2a03:2880:f322:120:face:b00c:0:167,443,Dynamic,16:58:56,17:21:44,2026/06/09,2026/06/09,866726066636401,405856151004844,2405:200:5213:25:3903:110:2:36,Jionet,4058560c3474010,405856044a330,2026/06/09 17:14:08,82.342,44461010,37124569,HOME,Bihar,
,,,,,917301042183,917301042183,2409:40e4:5f:f470:88cf:15ff:fe1e:c13,44496,,,2405:200:1613:2885:face:b00c:3333:4df0,3478,Dynamic,16:58:56,17:21:44,2026/06/09,2026/06/09,866726066636401,405856151004844,2405:200:5213:25:3903:110:2:36,Jionet,4058560c3474010,405856044a330,2026/06/09 17:11:51,122.331,44461010,37124569,HOME,Bihar,
,,,,,917301042183,917301042183,2409:40e4:5f:f470:88cf:15ff:fe1e:c13,47182,,,2404:6800:4003:c03::bc,5228,Dynamic,16:58:56,17:21:44,2026/06/09,2026/06/09,866726066636401,405856151004844,2405:200:5213:25:3903:110:2:36,Jionet,4058560c3474010,405856044a330,2026/06/09 17:13:56,69.853,44461010,37124569,HOME,Bihar,
,,,,,917301042183,917301042183,2409:40e4:5f:f470:88cf:15ff:fe1e:c13,37960,,,2a03:2880:f346:8d:face:b00c:0:2,443,Dynamic,16:58:56,17:21:44,2026/06/09,2026/06/09,866726066636401,405856151004844,2405:200:5213:25:3903:110:2:36,Jionet,4058560c3474010,405856044a330,2026/06/09 17:14:08,11.489,44461010,37124569,HOME,Bihar,
,,,,,917301042183,917301042183,2409:40e4:5f:f470:88cf:15ff:fe1e:c13,39260,,,2a03:2880:f347:3:face:b00c:0:4c63,443,Dynamic,17:51:44,18:06:01,2026/06/09,2026/06/09,866726066636401,405856151004844,2405:200:5213:25:3903:110:2:36,Jionet,405856044a330,4058560c345c000,2026/06/09 17:58:15,94.097,8624611,41418559,HOME,Bihar,
,,,,,917301042183,917301042183,2409:40e4:5f:f470:88cf:15ff:fe1e:c13,44196,,,2a03:2880:f346:3:face:b00c:0:4c63,443,Dynamic,17:51:44,18:06:01,2026/06/09,2026/06/09,866726066636401,405856151004844,2405:200:5213:25:3903:110:2:36,Jionet,405856044a330,4058560c345c000,2026/06/09 17:58:20,91.021,8624611,41418559,HOME,Bihar,
,,,,,917301042183,917301042183,2409:40e4:5f:f470:88cf:15ff:fe1e:c13,47490,,,2404:6800:4009:801::200e,443,Dynamic,17:21:44,17:51:44,2026/06/09,2026/06/09,866726066636401,405856151004844,2405:200:5213:25:3903:110:2:36,Jionet,405856044a330,405856044a330,2026/06/09 17:21:56,108.443,8754,14334,HOME,Bihar,
,,,,,917301042183,917301042183,2409:40e4:5f:f470:88cf:15ff:fe1e:c13,47490,,,2404:6800:4009:801::200e,443,Dynamic,17:21:44,17:51:44,2026/06/09,2026/06/09,866726066636401,405856151004844,2405:200:5213:25:3903:110:2:36,Jionet,405856044a330,405856044a330,2026/06/09 17:21:56,108.443,4094505,7113909,HOME,Bihar,
,,,,,917301042183,917301042183,2409:40e4:5f:f470:88cf:15ff:fe1e:c13,42028,,,2001:4860:482b:7700::,443,Dynamic,17:21:44,17:51:44,2026/06/09,2026/06/09,866726066636401,405856151004844,2405:200:5213:25:3903:110:2:36,Jionet,405856044a330,405856044a330,2026/06/09 17:23:19,93.576,8754,14334,HOME,Bihar,
,,,,,917301042183,917301042183,2409:40e4:5f:f470:88cf:15ff:fe1e:c13,42028,,,2001:4860:482b:7700::,443,Dynamic,17:21:44,17:51:44,2026/06/09,2026/06/09,866726066636401,405856151004844,2405:200:5213:25:3903:110:2:36,Jionet,405856044a330,405856044a330,2026/06/09 17:23:19,93.576,4094505,7113909,HOME,Bihar,
,,,,,917301042183,917301042183,2409:40e4:5f:f470:88cf:15ff:fe1e:c13,39350,,,2001:4860:4802:34::223,443,Dynamic,17:21:44,17:51:44,2026/06/09,2026/06/09,866726066636401,405856151004844,2405:200:5213:25:3903:110:2:36,Jionet,405856044a330,405856044a330,2026/06/09 17:22:47,66.239,8754,14334,HOME,Bihar,
,,,,,917301042183,917301042183,2409:40e4:5f:f470:88cf:15ff:fe1e:c13,39350,,,2001:4860:4802:34::223,443,Dynamic,17:21:44,17:51:44,2026/06/09,2026/06/09,866726066636401,405856151004844,2405:200:5213:25:3903:110:2:36,Jionet,405856044a330,405856044a330,2026/06/09 17:22:47,66.239,4094505,7113909,HOME,Bihar,
,,,,,917301042183,917301042183,2409:40e4:5f:f470:88cf:15ff:fe1e:c13,43958,,,2600:9000:2003:3800:8:d483:80c0:93a1,443,Dynamic,17:21:44,17:51:44,2026/06/09,2026/06/09,866726066636401,405856151004844,2405:200:5213:25:3903:110:2:36,Jionet,405856044a330,405856044a330,2026/06/09 17:21:56,103.521,8754,14334,HOME,Bihar,
,,,,,917301042183,917301042183,2409:40e4:5f:f470:88cf:15ff:fe1e:c13,43958,,,2600:9000:2003:3800:8:d483:80c0:93a1,443,Dynamic,17:21:44,17:51:44,2026/06/09,2026/06/09,866726066636401,405856151004844,2405:200:5213:25:3903:110:2:36,Jionet,405856044a330,405856044a330,2026/06/09 17:21:56,103.521,4094505,7113909,HOME,Bihar,
,,,,,917301042183,917301042183,2409:40e4:5f:f470:88cf:15ff:fe1e:c13,38822,,,2a03:2880:f347:3:face:b00c:0:4c63,443,Dynamic,17:51:44,18:06:01,2026/06/09,2026/06/09,866726066636401,405856151004844,2405:200:5213:25:3903:110:2:36,Jionet,405856044a330,4058560c345c000,2026/06/09 17:52:17,185.999,8624611,41418559,HOME,Bihar,
,,,,,917301042183,917301042183,2409:40e4:5f:f470:88cf:15ff:fe1e:c13,46976,,,2a03:2880:f346:8d:face:b00c:0:2,443,Dynamic,17:21:44,17:51:44,2026/06/09,2026/06/09,866726066636401,405856151004844,2405:200:5213:25:3903:110:2:36,Jionet,405856044a330,405856044a330,2026/06/09 17:51:04,175.308,8754,14334,HOME,Bihar,
,,,,,917301042183,917301042183,2409:40e4:5f:f470:88cf:15ff:fe1e:c13,46976,,,2a03:2880:f346:8d:face:b00c:0:2,443,Dynamic,17:21:44,17:51:44,2026/06/09,2026/06/09,866726066636401,405856151004844,2405:200:5213:25:3903:110:2:36,Jionet,405856044a330,405856044a330,2026/06/09 17:51:04,175.308,4094505,7113909,HOME,Bihar,
,,,,,917301042183,917301042183,2409:40e4:5f:f470:88cf:15ff:fe1e:c13,43958,,,2600:9000:2003:3800:8:d483:80c0:93a1,443,Dynamic,17:21:44,17:51:44,2026/06/09,2026/06/09,866726066636401,405856151004844,2405:200:5213:25:3903:110:2:36,Jionet,405856044a330,405856044a330,2026/06/09 17:25:56,62.002,8754,14334,HOME,Bihar,
,,,,,917301042183,917301042183,2409:40e4:5f:f470:88cf:15ff:fe1e:c13,43958,,,2600:9000:2003:3800:8:d483:80c0:93a1,443,Dynamic,17:21:44,17:51:44,2026/06/09,2026/06/09,866726066636401,405856151004844,2405:200:5213:25:3903:110:2:36,Jionet,405856044a330,405856044a330,2026/06/09 17:25:56,62.002,4094505,7113909,HOME,Bihar,
,,,,,917301042183,917301042183,2409:40e4:5f:f470:88cf:15ff:fe1e:c13,44212,,,2a03:2880:f346:8d:face:b00c:0:2,443,Dynamic,17:21:44,17:51:44,2026/06/09,2026/06/09,866726066636401,405856151004844,2405:200:5213:25:3903:110:2:36,Jionet,405856044a330,405856044a330,2026/06/09 17:25:43,11.532,8754,14334,HOME,Bihar,
,,,,,917301042183,917301042183,2409:40e4:5f:f470:88cf:15ff:fe1e:c13,44212,,,2a03:2880:f346:8d:face:b00c:0:2,443,Dynamic,17:21:44,17:51:44,2026/06/09,2026/06/09,866726066636401,405856151004844,2405:200:5213:25:3903:110:2:36,Jionet,405856044a330,405856044a330,2026/06/09 17:25:43,11.532,4094505,7113909,HOME,Bihar,
,,,,,917301042183,917301042183,2409:40e4:5f:f470:88cf:15ff:fe1e:c13,45062,,,2404:6800:4000:100c::9b,443,Dynamic,17:21:44,17:51:44,2026/06/09,2026/06/09,866726066636401,405856151004844,2405:200:5213:25:3903:110:2:36,Jionet,405856044a330,405856044a330,2026/06/09 17:25:56,70.981,8754,14334,HOME,Bihar,
,,,,,917301042183,917301042183,2409:40e4:5f:f470:88cf:15ff:fe1e:c13,45062,,,2404:6800:4000:100c::9b,443,Dynamic,17:21:44,17:51:44,2026/06/09,2026/06/09,866726066636401,405856151004844,2405:200:5213:25:3903:110:2:36,Jionet,405856044a330,405856044a330,2026/06/09 17:25:56,70.981,4094505,7113909,HOME,Bihar,
,,,,,917301042183,917301042183,2409:40e4:5f:f470:88cf:15ff:fe1e:c13,42180,,,2a03:2880:f347:8d:face:b00c:0:2,443,Dynamic,17:21:44,17:51:44,2026/06/09,2026/06/09,866726066636401,405856151004844,2405:200:5213:25:3903:110:2:36,Jionet,405856044a330,405856044a330,2026/06/09 17:24:52,76.299,8754,14334,HOME,Bihar,
,,,,,917301042183,917301042183,2409:40e4:5f:f470:88cf:15ff:fe1e:c13,42180,,,2a03:2880:f347:8d:face:b00c:0:2,443,Dynamic,17:21:44,17:51:44,2026/06/09,2026/06/09,866726066636401,405856151004844,2405:200:5213:25:3903:110:2:36,Jionet,405856044a330,405856044a330,2026/06/09 17:24:52,76.299,4094505,7113909,HOME,Bihar,
,,,,,917301042183,917301042183,2409:40e4:5f:f470:88cf:15ff:fe1e:c13,45508,,,2a03:2880:f346:8d:face:b00c:0:2,443,Dynamic,17:21:44,17:51:44,2026/06/09,2026/06/09,866726066636401,405856151004844,2405:200:5213:25:3903:110:2:36,Jionet,405856044a330,405856044a330,2026/06/09 17:26:43,11.554,8754,14334,HOME,Bihar,
,,,,,917301042183,917301042183,2409:40e4:5f:f470:88cf:15ff:fe1e:c13,45508,,,2a03:2880:f346:8d:face:b00c:0:2,443,Dynamic,17:21:44,17:51:44,2026/06/09,2026/06/09,866726066636401,405856151004844,2405:200:5213:25:3903:110:2:36,Jionet,405856044a330,405856044a330,2026/06/09 17:26:43,11.554,4094505,7113909,HOME,Bihar,
,,,,,917301042183,917301042183,2409:40e4:5f:f470:88cf:15ff:fe1e:c13,38214,,,2600:1901:0:8956::,443,Dynamic,17:21:44,17:51:44,2026/06/09,2026/06/09,866726066636401,405856151004844,2405:200:5213:25:3903:110:2:36,Jionet,405856044a330,405856044a330,2026/06/09 17:26:29,11.379,8754,14334,HOME,Bihar,
,,,,,917301042183,917301042183,2409:40e4:5f:f470:88cf:15ff:fe1e:c13,38214,,,2600:1901:0:8956::,443,Dynamic,17:21:44,17:51:44,2026/06/09,2026/06/09,866726066636401,405856151004844,2405:200:5213:25:3903:110:2:36,Jionet,405856044a330,405856044a330,2026/06/09 17:26:29,11.379,4094505,7113909,HOME,Bihar,
,,,,,917301042183,917301042183,2409:40e4:5f:f470:88cf:15ff:fe1e:c13,44196,,,2a03:2880:f346:3:face:b00c:0:4c63,443,Dynamic,17:21:44,17:51:44,2026/06/09,2026/06/09,866726066636401,405856151004844,2405:200:5213:25:3903:110:2:36,Jionet,405856044a330,405856044a330,2026/06/09 17:25:24,87.101,8754,14334,HOME,Bihar,
,,,,,917301042183,917301042183,2409:40e4:5f:f470:88cf:15ff:fe1e:c13,44196,,,2a03:2880:f346:3:face:b00c:0:4c63,443,Dynamic,17:21:44,17:51:44,2026/06/09,2026/06/09,866726066636401,405856151004844,2405:200:5213:25:3903:110:2:36,Jionet,405856044a330,405856044a330,2026/06/09 17:25:24,87.101,4094505,7113909,HOME,Bihar,
,,,,,917301042183,917301042183,2409:40e4:5f:f470:88cf:15ff:fe1e:c13,38822,,,2a03:2880:f347:3:face:b00c:0:4c63,443,Dynamic,17:21:44,17:51:44,2026/06/09,2026/06/09,866726066636401,405856151004844,2405:200:5213:25:3903:110:2:36,Jionet,405856044a330,405856044a330,2026/06/09 17:23:15,187.641,8754,14334,HOME,Bihar,
,,,,,917301042183,917301042183,2409:40e4:5f:f470:88cf:15ff:fe1e:c13,38822,,,2a03:2880:f347:3:face:b00c:0:4c63,443,Dynamic,17:21:44,17:51:44,2026/06/09,2026/06/09,866726066636401,405856151004844,2405:200:5213:25:3903:110:2:36,Jionet,405856044a330,405856044a330,2026/06/09 17:23:15,187.641,4094505,7113909,HOME,Bihar,
,,,,,917301042183,917301042183,2409:40e4:5f:f470:88cf:15ff:fe1e:c13,42112,,,2404:6800:4000:100c::9b,443,Dynamic,17:21:44,17:51:44,2026/06/09,2026/06/09,866726066636401,405856151004844,2405:200:5213:25:3903:110:2:36,Jionet,405856044a330,405856044a330,2026/06/09 17:25:56,70.967,8754,14334,HOME,Bihar,
,,,,,917301042183,917301042183,2409:40e4:5f:f470:88cf:15ff:fe1e:c13,42112,,,2404:6800:4000:100c::9b,443,Dynamic,17:21:44,17:51:44,2026/06/09,2026/06/09,866726066636401,405856151004844,2405:200:5213:25:3903:110:2:36,Jionet,405856044a330,405856044a330,2026/06/09 17:25:56,70.967,4094505,7113909,HOME,Bihar,
,,,,,917301042183,917301042183,2409:40e4:5f:f470:88cf:15ff:fe1e:c13,40366,,,2a03:2880:f346:3:face:b00c:0:4c63,443,Dynamic,17:21:44,17:51:44,2026/06/09,2026/06/09,866726066636401,405856151004844,2405:200:5213:25:3903:110:2:36,Jionet,405856044a330,405856044a330,2026/06/09 17:24:59,81.28,8754,14334,HOME,Bihar,
,,,,,917301042183,917301042183,2409:40e4:5f:f470:88cf:15ff:fe1e:c13,40366,,,2a03:2880:f346:3:face:b00c:0:4c63,443,Dynamic,17:21:44,17:51:44,2026/06/09,2026/06/09,866726066636401,405856151004844,2405:200:5213:25:3903:110:2:36,Jionet,405856044a330,405856044a330,2026/06/09 17:24:59,81.28,4094505,7113909,HOME,Bihar,
,,,,,917301042183,917301042183,2409:40e4:5f:f470:88cf:15ff:fe1e:c13,39350,,,2001:4860:4802:34::223,443,Dynamic,17:21:44,17:51:44,2026/06/09,2026/06/09,866726066636401,405856151004844,2405:200:5213:25:3903:110:2:36,Jionet,405856044a330,405856044a330,2026/06/09 17:25:06,107.835,8754,14334,HOME,Bihar,
,,,,,917301042183,917301042183,2409:40e4:5f:f470:88cf:15ff:fe1e:c13,39350,,,2001:4860:4802:34::223,443,Dynamic,17:21:44,17:51:44,2026/06/09,2026/06/09,866726066636401,405856151004844,2405:200:5213:25:3903:110:2:36,Jionet,405856044a330,405856044a330,2026/06/09 17:25:06,107.835,4094505,7113909,HOME,Bihar,
,,,,,917301042183,917301042183,2409:40e4:5f:f470:88cf:15ff:fe1e:c13,38822,,,2a03:2880:f347:3:face:b00c:0:4c63,443,Dynamic,17:21:44,17:51:44,2026/06/09,2026/06/09,866726066636401,405856151004844,2405:200:5213:25:3903:110:2:36,Jionet,405856044a330,405856044a330,2026/06/09 17:45:17,126.312,8754,14334,HOME,Bihar,
,,,,,917301042183,917301042183,2409:40e4:5f:f470:88cf:15ff:fe1e:c13,38822,,,2a03:2880:f347:3:face:b00c:0:4c63,443,Dynamic,17:21:44,17:51:44,2026/06/09,2026/06/09,866726066636401,405856151004844,2405:200:5213:25:3903:110:2:36,Jionet,405856044a330,405856044a330,2026/06/09 17:45:17,126.312,4094505,7113909,HOME,Bihar,
,,,,,917301042183,917301042183,2409:40e4:5f:f470:88cf:15ff:fe1e:c13,38822,,,2a03:2880:f347:3:face:b00c:0:4c63,443,Dynamic,16:58:56,17:21:44,2026/06/09,2026/06/09,866726066636401,405856151004844,2405:200:5213:25:3903:110:2:36,Jionet,4058560c3474010,405856044a330,2026/06/09 17:00:14,128.715,44461010,37124569,HOME,Bihar,
,,,,,917301042183,917301042183,2409:40e4:5f:f470:88cf:15ff:fe1e:c13,40812,,,2405:200:1613:2885:face:b00c:3333:7020,443,Dynamic,16:58:56,17:21:44,2026/06/09,2026/06/09,866726066636401,405856151004844,2405:200:5213:25:3903:110:2:36,Jionet,4058560c3474010,405856044a330,2026/06/09 17:01:31,84.789,44461010,37124569,HOME,Bihar,
,,,,,917301042183,917301042183,2409:40e4:5f:f470:88cf:15ff:fe1e:c13,45686,,,2a03:2880:f347:121:face:b00c:0:7260,443,Dynamic,16:58:56,17:21:44,2026/06/09,2026/06/09,866726066636401,405856151004844,2405:200:5213:25:3903:110:2:36,Jionet,4058560c3474010,405856044a330,2026/06/09 17:09:07,3390.571,44461010,37124569,HOME,Bihar,
,,,,,917301042183,917301042183,2409:40e4:5f:f470:88cf:15ff:fe1e:c13,44196,,,2a03:2880:f346:3:face:b00c:0:4c63,443,Dynamic,17:21:44,17:51:44,2026/06/09,2026/06/09,866726066636401,405856151004844,2405:200:5213:25:3903:110:2:36,Jionet,405856044a330,405856044a330,2026/06/09 17:32:47,64.48,8754,14334,HOME,Bihar,
,,,,,917301042183,917301042183,2409:40e4:5f:f470:88cf:15ff:fe1e:c13,44196,,,2a03:2880:f346:3:face:b00c:0:4c63,443,Dynamic,17:21:44,17:51:44,2026/06/09,2026/06/09,866726066636401,405856151004844,2405:200:5213:25:3903:110:2:36,Jionet,405856044a330,405856044a330,2026/06/09 17:32:47,64.48,4094505,7113909,HOME,Bihar,
,,,,,917301042183,917301042183,2409:40e4:5f:f470:88cf:15ff:fe1e:c13,40366,,,2a03:2880:f346:3:face:b00c:0:4c63,443,Dynamic,17:21:44,17:51:44,2026/06/09,2026/06/09,866726066636401,405856151004844,2405:200:5213:25:3903:110:2:36,Jionet,405856044a330,405856044a330,2026/06/09 17:33:39,101.267,8754,14334,HOME,Bihar,
,,,,,917301042183,917301042183,2409:40e4:5f:f470:88cf:15ff:fe1e:c13,40366,,,2a03:2880:f346:3:face:b00c:0:4c63,443,Dynamic,17:21:44,17:51:44,2026/06/09,2026/06/09,866726066636401,405856151004844,2405:200:5213:25:3903:110:2:36,Jionet,405856044a330,405856044a330,2026/06/09 17:33:39,101.267,4094505,7113909,HOME,Bihar,
,,,,,917301042183,917301042183,2409:40e4:5f:f470:88cf:15ff:fe1e:c13,44196,,,2a03:2880:f346:3:face:b00c:0:4c63,443,Dynamic,17:21:44,17:51:44,2026/06/09,2026/06/09,866726066636401,405856151004844,2405:200:5213:25:3903:110:2:36,Jionet,405856044a330,405856044a330,2026/06/09 17:29:06,105.788,8754,14334,HOME,Bihar,
,,,,,917301042183,917301042183,2409:40e4:5f:f470:88cf:15ff:fe1e:c13,44196,,,2a03:2880:f346:3:face:b00c:0:4c63,443,Dynamic,17:21:44,17:51:44,2026/06/09,2026/06/09,866726066636401,405856151004844,2405:200:5213:25:3903:110:2:36,Jionet,405856044a330,405856044a330,2026/06/09 17:29:06,105.788,4094505,7113909,HOME,Bihar,
,,,,,917301042183,917301042183,2409:40e4:5f:f470:88cf:15ff:fe1e:c13,40366,,,2a03:2880:f346:3:face:b00c:0:4c63,443,Dynamic,17:21:44,17:51:44,2026/06/09,2026/06/09,866726066636401,405856151004844,2405:200:5213:25:3903:110:2:36,Jionet,405856044a330,405856044a330,2026/06/09 17:29:19,121.259,8754,14334,HOME,Bihar,
,,,,,917301042183,917301042183,2409:40e4:5f:f470:88cf:15ff:fe1e:c13,40366,,,2a03:2880:f346:3:face:b00c:0:4c63,443,Dynamic,17:21:44,17:51:44,2026/06/09,2026/06/09,866726066636401,405856151004844,2405:200:5213:25:3903:110:2:36,Jionet,405856044a330,405856044a330,2026/06/09 17:29:19,121.259,4094505,7113909,HOME,Bihar,
,,,,,917301042183,917301042183,2409:40e4:5f:f470:88cf:15ff:fe1e:c13,38168,,,2a03:2880:f322:120:face:b00c:0:167,443,Dynamic,16:58:56,17:21:44,2026/06/09,2026/06/09,866726066636401,405856151004844,2405:200:5213:25:3903:110:2:36,Jionet,4058560c3474010,405856044a330,2026/06/09 17:09:08,142.628,44461010,37124569,HOME,Bihar,
,,,,,917301042183,917301042183,2409:40e4:5f:f470:88cf:15ff:fe1e:c13,43344,,,2405:200:1613:2885:face:b00c:3333:4df0,3478,Dynamic,16:58:56,17:21:44,2026/06/09,2026/06/09,866726066636401,405856151004844,2405:200:5213:25:3903:110:2:36,Jionet,4058560c3474010,405856044a330,2026/06/09 17:09:12,89.339,44461010,37124569,HOME,Bihar,
,,,,,917301042183,917301042183,2409:40e4:5f:f470:88cf:15ff:fe1e:c13,43344,,,2a03:2880:f346:136:face:b00c:0:b1,3478,Dynamic,16:58:56,17:21:44,2026/06/09,2026/06/09,866726066636401,405856151004844,2405:200:5213:25:3903:110:2:36,Jionet,4058560c3474010,405856044a330,2026/06/09 17:09:12,114.604,44461010,37124569,HOME,Bihar,
,,,,,917301042183,917301042183,2409:40e4:5f:f470:88cf:15ff:fe1e:c13,43344,,,2a03:2880:f315:136:face:b00c:0:b1,3478,Dynamic,16:58:56,17:21:44,2026/06/09,2026/06/09,866726066636401,405856151004844,2405:200:5213:25:3903:110:2:36,Jionet,4058560c3474010,405856044a330,2026/06/09 17:09:12,109.571,44461010,37124569,HOME,Bihar,
,,,,,917301042183,917301042183,2409:40e4:5f:f470:88cf:15ff:fe1e:c13,46494,,,2a03:2880:f311:136:face:b00c:0:b1,3478,Dynamic,16:58:56,17:21:44,2026/06/09,2026/06/09,866726066636401,405856151004844,2405:200:5213:25:3903:110:2:36,Jionet,4058560c3474010,405856044a330,2026/06/09 17:10:05,80.947,44461010,37124569,HOME,Bihar,
,,,,,917301042183,917301042183,2409:40e4:5f:f470:88cf:15ff:fe1e:c13,40366,,,2a03:2880:f346:3:face:b00c:0:4c63,443,Dynamic,16:58:56,17:21:44,2026/06/09,2026/06/09,866726066636401,405856151004844,2405:200:5213:25:3903:110:2:36,Jionet,4058560c3474010,405856044a330,2026/06/09 17:03:19,121.292,44461010,37124569,HOME,Bihar,
,,,,,917301042183,917301042183,2409:40e4:5f:f470:88cf:15ff:fe1e:c13,44196,,,2a03:2880:f346:3:face:b00c:0:4c63,443,Dynamic,16:58:56,17:21:44,2026/06/09,2026/06/09,866726066636401,405856151004844,2405:200:5213:25:3903:110:2:36,Jionet,4058560c3474010,405856044a330,2026/06/09 17:02:01,110.16,44461010,37124569,HOME,Bihar,
,,,,,917301042183,917301042183,2409:40e4:5f:f470:88cf:15ff:fe1e:c13,40666,,,2405:200:1630:ff74:face:b00c:3333:7020,443,Dynamic,16:58:56,17:21:44,2026/06/09,2026/06/09,866726066636401,405856151004844,2405:200:5213:25:3903:110:2:36,Jionet,4058560c3474010,405856044a330,2026/06/09 17:01:32,121.208,44461010,37124569,HOME,Bihar,
,,,,,917301042183,917301042183,2409:40e4:5f:f470:88cf:15ff:fe1e:c13,47182,,,2404:6800:4003:c03::bc,5228,Dynamic,18:36:01,19:06:01,2026/06/09,2026/06/09,866726066636401,405856151004844,2405:200:5213:25:3903:110:2:36,Jionet,4058560c345c000,4058560c345c000,2026/06/09 18:57:38,147.635,2481011,13623995,HOME,Bihar,
,,,,,917301042183,917301042183,2409:40e4:5f:f470:88cf:15ff:fe1e:c13,47182,,,2404:6800:4003:c03::bc,5228,Dynamic,18:36:01,19:06:01,2026/06/09,2026/06/09,866726066636401,405856151004844,2405:200:5213:25:3903:110:2:36,Jionet,4058560c345c000,4058560c345c000,2026/06/09 18:57:38,147.635,15919,31757,HOME,Bihar,
,,,,,917301042183,917301042183,2409:40e4:5f:f470:88cf:15ff:fe1e:c13,48968,,,2600:9000:2003:6e00:1d:e2ad:55c0:93a1,443,Dynamic,18:36:01,19:06:01,2026/06/09,2026/06/09,866726066636401,405856151004844,2405:200:5213:25:3903:110:2:36,Jionet,4058560c345c000,4058560c345c000,2026/06/09 18:57:57,115.421,2481011,13623995,HOME,Bihar,
,,,,,917301042183,917301042183,2409:40e4:5f:f470:88cf:15ff:fe1e:c13,48968,,,2600:9000:2003:6e00:1d:e2ad:55c0:93a1,443,Dynamic,18:36:01,19:06:01,2026/06/09,2026/06/09,866726066636401,405856151004844,2405:200:5213:25:3903:110:2:36,Jionet,4058560c345c000,4058560c345c000,2026/06/09 18:57:57,115.421,15919,31757,HOME,Bihar,
,,,,,917301042183,917301042183,2409:40e4:5f:f470:88cf:15ff:fe1e:c13,48471,,,2600:140f:7::17d5:eb11,443,Dynamic,18:36:01,19:06:01,2026/06/09,2026/06/09,866726066636401,405856151004844,2405:200:5213:25:3903:110:2:36,Jionet,4058560c345c000,4058560c345c000,2026/06/09 18:58:37,118.371,2481011,13623995,HOME,Bihar,
,,,,,917301042183,917301042183,2409:40e4:5f:f470:88cf:15ff:fe1e:c13,48471,,,2600:140f:7::17d5:eb11,443,Dynamic,18:36:01,19:06:01,2026/06/09,2026/06/09,866726066636401,405856151004844,2405:200:5213:25:3903:110:2:36,Jionet,4058560c345c000,4058560c345c000,2026/06/09 18:58:37,118.371,15919,31757,HOME,Bihar,
,,,,,917301042183,917301042183,2409:40e4:5f:f470:88cf:15ff:fe1e:c13,39586,,,2405:200:1613:2885:face:b00c:3333:7020,443,Dynamic,18:36:01,19:06:01,2026/06/09,2026/06/09,866726066636401,405856151004844,2405:200:5213:25:3903:110:2:36,Jionet,4058560c345c000,4058560c345c000,2026/06/09 18:58:13,93.519,2481011,13623995,HOME,Bihar,
,,,,,917301042183,917301042183,2409:40e4:5f:f470:88cf:15ff:fe1e:c13,39586,,,2405:200:1613:2885:face:b00c:3333:7020,443,Dynamic,18:36:01,19:06:01,2026/06/09,2026/06/09,866726066636401,405856151004844,2405:200:5213:25:3903:110:2:36,Jionet,4058560c345c000,4058560c345c000,2026/06/09 18:58:13,93.519,15919,31757,HOME,Bihar,
,,,,,917301042183,917301042183,2409:40e4:5f:f470:88cf:15ff:fe1e:c13,46678,,,2001:4860:4802:34::223,443,Dynamic,18:36:01,19:06:01,2026/06/09,2026/06/09,866726066636401,405856151004844,2405:200:5213:25:3903:110:2:36,Jionet,4058560c345c000,4058560c345c000,2026/06/09 18:59:10,70.308,2481011,13623995,HOME,Bihar,
,,,,,917301042183,917301042183,2409:40e4:5f:f470:88cf:15ff:fe1e:c13,46678,,,2001:4860:4802:34::223,443,Dynamic,18:36:01,19:06:01,2026/06/09,2026/06/09,866726066636401,405856151004844,2405:200:5213:25:3903:110:2:36,Jionet,4058560c345c000,4058560c345c000,2026/06/09 18:59:10,70.308,15919,31757,HOME,Bihar,
,,,,,917301042183,917301042183,2409:40e4:5f:f470:88cf:15ff:fe1e:c13,43454,,,2405:200:1630:1600::b855:dc68,443,Dynamic,18:36:01,19:06:01,2026/06/09,2026/06/09,866726066636401,405856151004844,2405:200:5213:25:3903:110:2:36,Jionet,4058560c345c000,4058560c345c000,2026/06/09 18:57:57,96.012,2481011,13623995,HOME,Bihar,
,,,,,917301042183,917301042183,2409:40e4:5f:f470:88cf:15ff:fe1e:c13,43454,,,2405:200:1630:1600::b855:dc68,443,Dynamic,18:36:01,19:06:01,2026/06/09,2026/06/09,866726066636401,405856151004844,2405:200:5213:25:3903:110:2:36,Jionet,4058560c345c000,4058560c345c000,2026/06/09 18:57:57,96.012,15919,31757,HOME,Bihar,
,,,,,917301042183,917301042183,2409:40e4:5f:f470:88cf:15ff:fe1e:c13,45484,,,2001:4860:4802:34::223,443,Dynamic,18:36:01,19:06:01,2026/06/09,2026/06/09,866726066636401,405856151004844,2405:200:5213:25:3903:110:2:36,Jionet,4058560c345c000,4058560c345c000,2026/06/09 18:58:49,70.999,2481011,13623995,HOME,Bihar,
,,,,,917301042183,917301042183,2409:40e4:5f:f470:88cf:15ff:fe1e:c13,45484,,,2001:4860:4802:34::223,443,Dynamic,18:36:01,19:06:01,2026/06/09,2026/06/09,866726066636401,405856151004844,2405:200:5213:25:3903:110:2:36,Jionet,4058560c345c000,4058560c345c000,2026/06/09 18:58:49,70.999,15919,31757,HOME,Bihar,
,,,,,917301042183,917301042183,2409:40e4:5f:f470:88cf:15ff:fe1e:c13,47065,,,2404:6800:4000:1025::71,443,Dynamic,18:36:01,19:06:01,2026/06/09,2026/06/09,866726066636401,405856151004844,2405:200:5213:25:3903:110:2:36,Jionet,4058560c345c000,4058560c345c000,2026/06/09 18:57:57,95.592,2481011,13623995,HOME,Bihar,
,,,,,917301042183,917301042183,2409:40e4:5f:f470:88cf:15ff:fe1e:c13,47065,,,2404:6800:4000:1025::71,443,Dynamic,18:36:01,19:06:01,2026/06/09,2026/06/09,866726066636401,405856151004844,2405:200:5213:25:3903:110:2:36,Jionet,4058560c345c000,4058560c345c000,2026/06/09 18:57:57,95.592,15919,31757,HOME,Bihar,
,,,,,917301042183,917301042183,2409:40e4:5f:f470:88cf:15ff:fe1e:c13,44196,,,2a03:2880:f346:3:face:b00c:0:4c63,443,Dynamic,18:36:01,19:06:01,2026/06/09,2026/06/09,866726066636401,405856151004844,2405:200:5213:25:3903:110:2:36,Jionet,4058560c345c000,4058560c345c000,2026/06/09 18:55:30,321.275,2481011,13623995,HOME,Bihar,
,,,,,917301042183,917301042183,2409:40e4:5f:f470:88cf:15ff:fe1e:c13,44196,,,2a03:2880:f346:3:face:b00c:0:4c63,443,Dynamic,18:36:01,19:06:01,2026/06/09,2026/06/09,866726066636401,405856151004844,2405:200:5213:25:3903:110:2:36,Jionet,4058560c345c000,4058560c345c000,2026/06/09 18:55:30,321.275,15919,31757,HOME,Bihar,
,,,,,917301042183,917301042183,2409:40e4:5f:f470:88cf:15ff:fe1e:c13,43426,,,2405:200:1630:1600::b855:dc68,443,Dynamic,18:36:01,19:06:01,2026/06/09,2026/06/09,866726066636401,405856151004844,2405:200:5213:25:3903:110:2:36,Jionet,4058560c345c000,4058560c345c000,2026/06/09 18:57:57,163.78,2481011,13623995,HOME,Bihar,
,,,,,917301042183,917301042183,2409:40e4:5f:f470:88cf:15ff:fe1e:c13,43426,,,2405:200:1630:1600::b855:dc68,443,Dynamic,18:36:01,19:06:01,2026/06/09,2026/06/09,866726066636401,405856151004844,2405:200:5213:25:3903:110:2:36,Jionet,4058560c345c000,4058560c345c000,2026/06/09 18:57:57,163.78,15919,31757,HOME,Bihar,
,,,,,917301042183,917301042183,2409:40e4:5f:f470:88cf:15ff:fe1e:c13,48968,,,2600:9000:2003:6e00:1d:e2ad:55c0:93a1,443,Dynamic,18:36:01,19:06:01,2026/06/09,2026/06/09,866726066636401,405856151004844,2405:200:5213:25:3903:110:2:36,Jionet,4058560c345c000,4058560c345c000,2026/06/09 18:56:01,111.812,2481011,13623995,HOME,Bihar,
,,,,,917301042183,917301042183,2409:40e4:5f:f470:88cf:15ff:fe1e:c13,48968,,,2600:9000:2003:6e00:1d:e2ad:55c0:93a1,443,Dynamic,18:36:01,19:06:01,2026/06/09,2026/06/09,866726066636401,405856151004844,2405:200:5213:25:3903:110:2:36,Jionet,4058560c345c000,4058560c345c000,2026/06/09 18:56:01,111.812,15919,31757,HOME,Bihar,
,,,,,917301042183,917301042183,2409:40e4:5f:f470:88cf:15ff:fe1e:c13,46670,,,2001:4860:4802:34::223,443,Dynamic,18:36:01,19:06:01,2026/06/09,2026/06/09,866726066636401,405856151004844,2405:200:5213:25:3903:110:2:36,Jionet,4058560c345c000,4058560c345c000,2026/06/09 18:57:43,85.848,2481011,13623995,HOME,Bihar,
,,,,,917301042183,917301042183,2409:40e4:5f:f470:88cf:15ff:fe1e:c13,46670,,,2001:4860:4802:34::223,443,Dynamic,18:36:01,19:06:01,2026/06/09,2026/06/09,866726066636401,405856151004844,2405:200:5213:25:3903:110:2:36,Jionet,4058560c345c000,4058560c345c000,2026/06/09 18:57:43,85.848,15919,31757,HOME,Bihar,
,,,,,917301042183,917301042183,2409:40e4:5f:f470:88cf:15ff:fe1e:c13,37238,,,2a03:2880:f347:8d:face:b00c:0:2,443,Dynamic,18:36:01,19:06:01,2026/06/09,2026/06/09,866726066636401,405856151004844,2405:200:5213:25:3903:110:2:36,Jionet,4058560c345c000,4058560c345c000,2026/06/09 18:58:08,11.48,2481011,13623995,HOME,Bihar,
,,,,,917301042183,917301042183,2409:40e4:5f:f470:88cf:15ff:fe1e:c13,37238,,,2a03:2880:f347:8d:face:b00c:0:2,443,Dynamic,18:36:01,19:06:01,2026/06/09,2026/06/09,866726066636401,405856151004844,2405:200:5213:25:3903:110:2:36,Jionet,4058560c345c000,4058560c345c000,2026/06/09 18:58:08,11.48,15919,31757,HOME,Bihar,
,,,,,917301042183,917301042183,2409:40e4:5f:f470:88cf:15ff:fe1e:c13,38584,,,2404:6800:4000:101d::5e,443,Dynamic,18:36:01,19:06:01,2026/06/09,2026/06/09,866726066636401,405856151004844,2405:200:5213:25:3903:110:2:36,Jionet,4058560c345c000,4058560c345c000,2026/06/09 18:58:08,70.879,2481011,13623995,HOME,Bihar,
,,,,,917301042183,917301042183,2409:40e4:5f:f470:88cf:15ff:fe1e:c13,38584,,,2404:6800:4000:101d::5e,443,Dynamic,18:36:01,19:06:01,2026/06/09,2026/06/09,866726066636401,405856151004844,2405:200:5213:25:3903:110:2:36,Jionet,4058560c345c000,4058560c345c000,2026/06/09 18:58:08,70.879,15919,31757,HOME,Bihar,
,,,,,917301042183,917301042183,2409:40e4:5f:f470:88cf:15ff:fe1e:c13,46541,,,2600:140f:7::17d5:eb18,443,Dynamic,18:36:01,19:06:01,2026/06/09,2026/06/09,866726066636401,405856151004844,2405:200:5213:25:3903:110:2:36,Jionet,4058560c345c000,4058560c345c000,2026/06/09 18:56:00,109.428,2481011,13623995,HOME,Bihar,
,,,,,917301042183,917301042183,2409:40e4:5f:f470:88cf:15ff:fe1e:c13,46541,,,2600:140f:7::17d5:eb18,443,Dynamic,18:36:01,19:06:01,2026/06/09,2026/06/09,866726066636401,405856151004844,2405:200:5213:25:3903:110:2:36,Jionet,4058560c345c000,4058560c345c000,2026/06/09 18:56:00,109.428,15919,31757,HOME,Bihar,
,,,,,917301042183,917301042183,2409:40e4:5f:f470:88cf:15ff:fe1e:c13,49390,,,2600:140f:7::17d5:eb10,443,Dynamic,18:36:01,19:06:01,2026/06/09,2026/06/09,866726066636401,405856151004844,2405:200:5213:25:3903:110:2:36,Jionet,4058560c345c000,4058560c345c000,2026/06/09 18:57:21,115.149,2481011,13623995,HOME,Bihar,
,,,,,917301042183,917301042183,2409:40e4:5f:f470:88cf:15ff:fe1e:c13,49390,,,2600:140f:7::17d5:eb10,443,Dynamic,18:36:01,19:06:01,2026/06/09,2026/06/09,866726066636401,405856151004844,2405:200:5213:25:3903:110:2:36,Jionet,4058560c345c000,4058560c345c000,2026/06/09 18:57:21,115.149,15919,31757,HOME,Bihar,
,,,,,917301042183,917301042183,2409:40e4:5f:f470:88cf:15ff:fe1e:c13,47387,,,2a03:2880:f346:8d:face:b00c:0:2,443,Dynamic,18:36:01,19:06:01,2026/06/09,2026/06/09,866726066636401,405856151004844,2405:200:5213:25:3903:110:2:36,Jionet,4058560c345c000,4058560c345c000,2026/06/09 18:56:21,120.588,2481011,13623995,HOME,Bihar,
,,,,,917301042183,917301042183,2409:40e4:5f:f470:88cf:15ff:fe1e:c13,47387,,,2a03:2880:f346:8d:face:b00c:0:2,443,Dynamic,18:36:01,19:06:01,2026/06/09,2026/06/09,866726066636401,405856151004844,2405:200:5213:25:3903:110:2:36,Jionet,4058560c345c000,4058560c345c000,2026/06/09 18:56:21,120.588,15919,31757,HOME,Bihar,
,,,,,917301042183,917301042183,2409:40e4:5f:f470:88cf:15ff:fe1e:c13,42888,,,2001:b28:f23f:f005::a,443,Dynamic,18:36:01,19:06:01,2026/06/09,2026/06/09,866726066636401,405856151004844,2405:200:5213:25:3903:110:2:36,Jionet,4058560c345c000,4058560c345c000,2026/06/09 18:58:59,16.161,2481011,13623995,HOME,Bihar,
,,,,,917301042183,917301042183,2409:40e4:5f:f470:88cf:15ff:fe1e:c13,42888,,,2001:b28:f23f:f005::a,443,Dynamic,18:36:01,19:06:01,2026/06/09,2026/06/09,866726066636401,405856151004844,2405:200:5213:25:3903:110:2:36,Jionet,4058560c345c000,4058560c345c000,2026/06/09 18:58:59,16.161,15919,31757,HOME,Bihar,
,,,,,917301042183,917301042183,2409:40e4:5f:f470:88cf:15ff:fe1e:c13,49342,,,2a03:2880:f347:8:face:b00c:0:38d9,5222,Dynamic,18:36:01,19:06:01,2026/06/09,2026/06/09,866726066636401,405856151004844,2405:200:5213:25:3903:110:2:36,Jionet,4058560c345c000,4058560c345c000,2026/06/09 18:56:56,65.139,2481011,13623995,HOME,Bihar,
,,,,,917301042183,917301042183,2409:40e4:5f:f470:88cf:15ff:fe1e:c13,49342,,,2a03:2880:f347:8:face:b00c:0:38d9,5222,Dynamic,18:36:01,19:06:01,2026/06/09,2026/06/09,866726066636401,405856151004844,2405:200:5213:25:3903:110:2:36,Jionet,4058560c345c000,4058560c345c000,2026/06/09 18:56:56,65.139,15919,31757,HOME,Bihar,
,,,,,917301042183,917301042183,2409:40e4:5f:f470:88cf:15ff:fe1e:c13,40785,,,2600:140f:7::17d5:eb10,443,Dynamic,18:36:01,19:06:01,2026/06/09,2026/06/09,866726066636401,405856151004844,2405:200:5213:25:3903:110:2:36,Jionet,4058560c345c000,4058560c345c000,2026/06/09 18:57:56,79.637,2481011,13623995,HOME,Bihar,
,,,,,917301042183,917301042183,2409:40e4:5f:f470:88cf:15ff:fe1e:c13,40785,,,2600:140f:7::17d5:eb10,443,Dynamic,18:36:01,19:06:01,2026/06/09,2026/06/09,866726066636401,405856151004844,2405:200:5213:25:3903:110:2:36,Jionet,4058560c345c000,4058560c345c000,2026/06/09 18:57:56,79.637,15919,31757,HOME,Bihar,
,,,,,917301042183,917301042183,2409:40e4:5f:f470:88cf:15ff:fe1e:c13,39978,,,2405:200:1630:1300::17d5:ca9,443,Dynamic,18:36:01,19:06:01,2026/06/09,2026/06/09,866726066636401,405856151004844,2405:200:5213:25:3903:110:2:36,Jionet,4058560c345c000,4058560c345c000,2026/06/09 18:55:16,211.991,2481011,13623995,HOME,Bihar,
,,,,,917301042183,917301042183,2409:40e4:5f:f470:88cf:15ff:fe1e:c13,39978,,,2405:200:1630:1300::17d5:ca9,443,Dynamic,18:36:01,19:06:01,2026/06/09,2026/06/09,866726066636401,405856151004844,2405:200:5213:25:3903:110:2:36,Jionet,4058560c345c000,4058560c345c000,2026/06/09 18:55:16,211.991,15919,31757,HOME,Bihar,
,,,,,917301042183,917301042183,2409:40e4:5f:f470:88cf:15ff:fe1e:c13,42874,,,2001:b28:f23f:f005::a,443,Dynamic,18:36:01,19:06:01,2026/06/09,2026/06/09,866726066636401,405856151004844,2405:200:5213:25:3903:110:2:36,Jionet,4058560c345c000,4058560c345c000,2026/06/09 18:58:55,22.64,2481011,13623995,HOME,Bihar,
,,,,,917301042183,917301042183,2409:40e4:5f:f470:88cf:15ff:fe1e:c13,42874,,,2001:b28:f23f:f005::a,443,Dynamic,18:36:01,19:06:01,2026/06/09,2026/06/09,866726066636401,405856151004844,2405:200:5213:25:3903:110:2:36,Jionet,4058560c345c000,4058560c345c000,2026/06/09 18:58:55,22.64,15919,31757,HOME,Bihar,
,,,,,917301042183,917301042183,2409:40e4:5f:f470:88cf:15ff:fe1e:c13,40118,,,2a03:2880:f346:90:face:b00c:0:8e,443,Dynamic,18:36:01,19:06:01,2026/06/09,2026/06/09,866726066636401,405856151004844,2405:200:5213:25:3903:110:2:36,Jionet,4058560c345c000,4058560c345c000,2026/06/09 18:56:56,102.647,2481011,13623995,HOME,Bihar,
,,,,,917301042183,917301042183,2409:40e4:5f:f470:88cf:15ff:fe1e:c13,40118,,,2a03:2880:f346:90:face:b00c:0:8e,443,Dynamic,18:36:01,19:06:01,2026/06/09,2026/06/09,866726066636401,405856151004844,2405:200:5213:25:3903:110:2:36,Jionet,4058560c345c000,4058560c345c000,2026/06/09 18:56:56,102.647,15919,31757,HOME,Bihar,
,,,,,917301042183,917301042183,2409:40e4:5f:f470:88cf:15ff:fe1e:c13,38884,,,2405:200:1613:2885:face:b00c:0:a7,443,Dynamic,18:36:01,19:06:01,2026/06/09,2026/06/09,866726066636401,405856151004844,2405:200:5213:25:3903:110:2:36,Jionet,4058560c345c000,4058560c345c000,2026/06/09 18:56:59,115.232,2481011,13623995,HOME,Bihar,
,,,,,917301042183,917301042183,2409:40e4:5f:f470:88cf:15ff:fe1e:c13,38884,,,2405:200:1613:2885:face:b00c:0:a7,443,Dynamic,18:36:01,19:06:01,2026/06/09,2026/06/09,866726066636401,405856151004844,2405:200:5213:25:3903:110:2:36,Jionet,4058560c345c000,4058560c345c000,2026/06/09 18:56:59,115.232,15919,31757,HOME,Bihar,
,,,,,917301042183,917301042183,2409:40e4:5f:f470:88cf:15ff:fe1e:c13,40184,,,2a03:2880:f347:8d:face:b00c:0:2,443,Dynamic,18:36:01,19:06:01,2026/06/09,2026/06/09,866726066636401,405856151004844,2405:200:5213:25:3903:110:2:36,Jionet,4058560c345c000,4058560c345c000,2026/06/09 18:57:43,70.101,2481011,13623995,HOME,Bihar,
,,,,,917301042183,917301042183,2409:40e4:5f:f470:88cf:15ff:fe1e:c13,40184,,,2a03:2880:f347:8d:face:b00c:0:2,443,Dynamic,18:36:01,19:06:01,2026/06/09,2026/06/09,866726066636401,405856151004844,2405:200:5213:25:3903:110:2:36,Jionet,4058560c345c000,4058560c345c000,2026/06/09 18:57:43,70.101,15919,31757,HOME,Bihar,
,,,,,917301042183,917301042183,2409:40e4:5f:f470:88cf:15ff:fe1e:c13,48645,,,2a03:2880:f346:80:face:b00c:0:3,443,Dynamic,18:36:01,19:06:01,2026/06/09,2026/06/09,866726066636401,405856151004844,2405:200:5213:25:3903:110:2:36,Jionet,4058560c345c000,4058560c345c000,2026/06/09 18:56:56,115.22,2481011,13623995,HOME,Bihar,
,,,,,917301042183,917301042183,2409:40e4:5f:f470:88cf:15ff:fe1e:c13,48645,,,2a03:2880:f346:80:face:b00c:0:3,443,Dynamic,18:36:01,19:06:01,2026/06/09,2026/06/09,866726066636401,405856151004844,2405:200:5213:25:3903:110:2:36,Jionet,4058560c345c000,4058560c345c000,2026/06/09 18:56:56,115.22,15919,31757,HOME,Bihar,
,,,,,917301042183,917301042183,2409:40e4:5f:f470:88cf:15ff:fe1e:c13,40004,,,2a03:2880:f346:8d:face:b00c:0:2,443,Dynamic,18:36:01,19:06:01,2026/06/09,2026/06/09,866726066636401,405856151004844,2405:200:5213:25:3903:110:2:36,Jionet,4058560c345c000,4058560c345c000,2026/06/09 18:56:56,111.828,2481011,13623995,HOME,Bihar,
,,,,,917301042183,917301042183,2409:40e4:5f:f470:88cf:15ff:fe1e:c13,40004,,,2a03:2880:f346:8d:face:b00c:0:2,443,Dynamic,18:36:01,19:06:01,2026/06/09,2026/06/09,866726066636401,405856151004844,2405:200:5213:25:3903:110:2:36,Jionet,4058560c345c000,4058560c345c000,2026/06/09 18:56:56,111.828,15919,31757,HOME,Bihar,
,,,,,917301042183,917301042183,2409:40e4:5f:f470:88cf:15ff:fe1e:c13,49342,,,2a03:2880:f347:8:face:b00c:0:38d9,5222,Dynamic,18:36:01,19:06:01,2026/06/09,2026/06/09,866726066636401,405856151004844,2405:200:5213:25:3903:110:2:36,Jionet,4058560c345c000,4058560c345c000,2026/06/09 18:58:27,31.718,2481011,13623995,HOME,Bihar,
,,,,,917301042183,917301042183,2409:40e4:5f:f470:88cf:15ff:fe1e:c13,49342,,,2a03:2880:f347:8:face:b00c:0:38d9,5222,Dynamic,18:36:01,19:06:01,2026/06/09,2026/06/09,866726066636401,405856151004844,2405:200:5213:25:3903:110:2:36,Jionet,4058560c345c000,4058560c345c000,2026/06/09 18:58:27,31.718,15919,31757,HOME,Bihar,
,,,,,917301042183,917301042183,2409:40e4:5f:f470:88cf:15ff:fe1e:c13,42700,,,2a03:2880:f346:3:face:b00c:0:4c63,443,Dynamic,18:36:01,19:06:01,2026/06/09,2026/06/09,866726066636401,405856151004844,2405:200:5213:25:3903:110:2:36,Jionet,4058560c345c000,4058560c345c000,2026/06/09 18:56:28,64.904,2481011,13623995,HOME,Bihar,
,,,,,917301042183,917301042183,2409:40e4:5f:f470:88cf:15ff:fe1e:c13,42700,,,2a03:2880:f346:3:face:b00c:0:4c63,443,Dynamic,18:36:01,19:06:01,2026/06/09,2026/06/09,866726066636401,405856151004844,2405:200:5213:25:3903:110:2:36,Jionet,4058560c345c000,4058560c345c000,2026/06/09 18:56:28,64.904,15919,31757,HOME,Bihar,
,,,,,917301042183,917301042183,2409:40e4:5f:f470:88cf:15ff:fe1e:c13,42678,,,2a03:2880:f346:3:face:b00c:0:4c63,443,Dynamic,18:36:01,19:06:01,2026/06/09,2026/06/09,866726066636401,405856151004844,2405:200:5213:25:3903:110:2:36,Jionet,4058560c345c000,4058560c345c000,2026/06/09 18:56:27,65.929,2481011,13623995,HOME,Bihar,
,,,,,917301042183,917301042183,2409:40e4:5f:f470:88cf:15ff:fe1e:c13,42678,,,2a03:2880:f346:3:face:b00c:0:4c63,443,Dynamic,18:36:01,19:06:01,2026/06/09,2026/06/09,866726066636401,405856151004844,2405:200:5213:25:3903:110:2:36,Jionet,4058560c345c000,4058560c345c000,2026/06/09 18:56:27,65.929,15919,31757,HOME,Bihar,
,,,,,917301042183,917301042183,2409:40e4:5f:f470:88cf:15ff:fe1e:c13,42688,,,2a03:2880:f346:3:face:b00c:0:4c63,443,Dynamic,17:51:44,18:06:01,2026/06/09,2026/06/09,866726066636401,405856151004844,2405:200:5213:25:3903:110:2:36,Jionet,405856044a330,4058560c345c000,2026/06/09 18:04:27,3186.073,8624611,41418559,HOME,Bihar,
,,,,,917301042183,917301042183,2409:40e4:5f:f470:88cf:15ff:fe1e:c13,42698,,,2a03:2880:f346:3:face:b00c:0:4c63,443,Dynamic,17:51:44,18:06:01,2026/06/09,2026/06/09,866726066636401,405856151004844,2405:200:5213:25:3903:110:2:36,Jionet,405856044a330,4058560c345c000,2026/06/09 18:04:27,3186.065,8624611,41418559,HOME,Bihar,
,,,,,917301042183,917301042183,2409:40e4:5f:f470:88cf:15ff:fe1e:c13,42668,,,2a03:2880:f346:3:face:b00c:0:4c63,443,Dynamic,18:36:01,19:06:01,2026/06/09,2026/06/09,866726066636401,405856151004844,2405:200:5213:25:3903:110:2:36,Jionet,4058560c345c000,4058560c345c000,2026/06/09 18:56:27,65.925,2481011,13623995,HOME,Bihar,
,,,,,917301042183,917301042183,2409:40e4:5f:f470:88cf:15ff:fe1e:c13,42668,,,2a03:2880:f346:3:face:b00c:0:4c63,443,Dynamic,18:36:01,19:06:01,2026/06/09,2026/06/09,866726066636401,405856151004844,2405:200:5213:25:3903:110:2:36,Jionet,4058560c345c000,4058560c345c000,2026/06/09 18:56:27,65.925,15919,31757,HOME,Bihar,
,,,,,917301042183,917301042183,2409:40e4:5f:f470:88cf:15ff:fe1e:c13,42690,,,2a03:2880:f346:3:face:b00c:0:4c63,443,Dynamic,18:36:01,19:06:01,2026/06/09,2026/06/09,866726066636401,405856151004844,2405:200:5213:25:3903:110:2:36,Jionet,4058560c345c000,4058560c345c000,2026/06/09 18:56:27,65.929,2481011,13623995,HOME,Bihar,
,,,,,917301042183,917301042183,2409:40e4:5f:f470:88cf:15ff:fe1e:c13,42690,,,2a03:2880:f346:3:face:b00c:0:4c63,443,Dynamic,18:36:01,19:06:01,2026/06/09,2026/06/09,866726066636401,405856151004844,2405:200:5213:25:3903:110:2:36,Jionet,4058560c345c000,4058560c345c000,2026/06/09 18:56:27,65.929,15919,31757,HOME,Bihar,
,,,,,917301042183,917301042183,2409:40e4:5f:f470:88cf:15ff:fe1e:c13,42700,,,2a03:2880:f346:3:face:b00c:0:4c63,443,Dynamic,17:51:44,18:06:01,2026/06/09,2026/06/09,866726066636401,405856151004844,2405:200:5213:25:3903:110:2:36,Jionet,405856044a330,4058560c345c000,2026/06/09 18:04:28,982.96,8624611,41418559,HOME,Bihar,
,,,,,917301042183,917301042183,2409:40e4:5f:f470:88cf:15ff:fe1e:c13,48340,,,2a03:2880:f346:8d:face:b00c:0:2,443,Dynamic,18:06:01,18:36:01,2026/06/09,2026/06/09,866726066636401,405856151004844,2405:200:5213:25:3903:110:2:36,Jionet,4058560c345c000,4058560c345c000,2026/06/09 18:20:06,11.606,18630,30560,HOME,Bihar,
,,,,,917301042183,917301042183,2409:40e4:5f:f470:88cf:15ff:fe1e:c13,48340,,,2a03:2880:f346:8d:face:b00c:0:2,443,Dynamic,18:06:01,18:36:01,2026/06/09,2026/06/09,866726066636401,405856151004844,2405:200:5213:25:3903:110:2:36,Jionet,4058560c345c000,4058560c345c000,2026/06/09 18:20:06,11.606,9610142,152408233,HOME,Bihar,
,,,,,917301042183,917301042183,2409:40e4:5f:f470:88cf:15ff:fe1e:c13,38822,,,2a03:2880:f347:3:face:b00c:0:4c63,443,Dynamic,18:06:01,18:36:01,2026/06/09,2026/06/09,866726066636401,405856151004844,2405:200:5213:25:3903:110:2:36,Jionet,4058560c345c000,4058560c345c000,2026/06/09 18:18:19,184.404,18630,30560,HOME,Bihar,
,,,,,917301042183,917301042183,2409:40e4:5f:f470:88cf:15ff:fe1e:c13,38822,,,2a03:2880:f347:3:face:b00c:0:4c63,443,Dynamic,18:06:01,18:36:01,2026/06/09,2026/06/09,866726066636401,405856151004844,2405:200:5213:25:3903:110:2:36,Jionet,4058560c345c000,4058560c345c000,2026/06/09 18:18:19,184.404,9610142,152408233,HOME,Bihar,
,,,,,917301042183,917301042183,2409:40e4:5f:f470:88cf:15ff:fe1e:c13,40064,,,2a03:2880:f346:90:face:b00c:0:8e,443,Dynamic,18:06:01,18:36:01,2026/06/09,2026/06/09,866726066636401,405856151004844,2405:200:5213:25:3903:110:2:36,Jionet,4058560c345c000,4058560c345c000,2026/06/09 18:14:57,287.456,18630,30560,HOME,Bihar,
,,,,,917301042183,917301042183,2409:40e4:5f:f470:88cf:15ff:fe1e:c13,40064,,,2a03:2880:f346:90:face:b00c:0:8e,443,Dynamic,18:06:01,18:36:01,2026/06/09,2026/06/09,866726066636401,405856151004844,2405:200:5213:25:3903:110:2:36,Jionet,4058560c345c000,4058560c345c000,2026/06/09 18:14:57,287.456,9610142,152408233,HOME,Bihar,
,,,,,917301042183,917301042183,2409:40e4:5f:f470:88cf:15ff:fe1e:c13,45380,,,2a03:2880:f347:121:face:b00c:0:7260,5222,Dynamic,18:06:01,18:36:01,2026/06/09,2026/06/09,866726066636401,405856151004844,2405:200:5213:25:3903:110:2:36,Jionet,4058560c345c000,4058560c345c000,2026/06/09 18:19:37,87.079,18630,30560,HOME,Bihar,
,,,,,917301042183,917301042183,2409:40e4:5f:f470:88cf:15ff:fe1e:c13,45380,,,2a03:2880:f347:121:face:b00c:0:7260,5222,Dynamic,18:06:01,18:36:01,2026/06/09,2026/06/09,866726066636401,405856151004844,2405:200:5213:25:3903:110:2:36,Jionet,4058560c345c000,4058560c345c000,2026/06/09 18:19:37,87.079,9610142,152408233,HOME,Bihar,
,,,,,917301042183,917301042183,2409:40e4:5f:f470:88cf:15ff:fe1e:c13,38260,,,2a03:2880:f346:24:face:b00c:0:6e2e,5222,Dynamic,18:06:01,18:36:01,2026/06/09,2026/06/09,866726066636401,405856151004844,2405:200:5213:25:3903:110:2:36,Jionet,4058560c345c000,4058560c345c000,2026/06/09 18:16:59,175.459,18630,30560,HOME,Bihar,
,,,,,917301042183,917301042183,2409:40e4:5f:f470:88cf:15ff:fe1e:c13,38260,,,2a03:2880:f346:24:face:b00c:0:6e2e,5222,Dynamic,18:06:01,18:36:01,2026/06/09,2026/06/09,866726066636401,405856151004844,2405:200:5213:25:3903:110:2:36,Jionet,4058560c345c000,4058560c345c000,2026/06/09 18:16:59,175.459,9610142,152408233,HOME,Bihar,
,,,,,917301042183,917301042183,2409:40e4:5f:f470:88cf:15ff:fe1e:c13,49592,,,2405:200:1613:2885:face:b00c:3333:7020,443,Dynamic,18:06:01,18:36:01,2026/06/09,2026/06/09,866726066636401,405856151004844,2405:200:5213:25:3903:110:2:36,Jionet,4058560c345c000,4058560c345c000,2026/06/09 18:20:07,72.812,18630,30560,HOME,Bihar,
,,,,,917301042183,917301042183,2409:40e4:5f:f470:88cf:15ff:fe1e:c13,49592,,,2405:200:1613:2885:face:b00c:3333:7020,443,Dynamic,18:06:01,18:36:01,2026/06/09,2026/06/09,866726066636401,405856151004844,2405:200:5213:25:3903:110:2:36,Jionet,4058560c345c000,4058560c345c000,2026/06/09 18:20:07,72.812,9610142,152408233,HOME,Bihar,
,,,,,917301042183,917301042183,2409:40e4:5f:f470:88cf:15ff:fe1e:c13,44921,,,2405:200:1613:2885:face:b00c:0:a7,443,Dynamic,18:06:01,18:36:01,2026/06/09,2026/06/09,866726066636401,405856151004844,2405:200:5213:25:3903:110:2:36,Jionet,4058560c345c000,4058560c345c000,2026/06/09 18:08:52,100.281,18630,30560,HOME,Bihar,
,,,,,917301042183,917301042183,2409:40e4:5f:f470:88cf:15ff:fe1e:c13,44921,,,2405:200:1613:2885:face:b00c:0:a7,443,Dynamic,18:06:01,18:36:01,2026/06/09,2026/06/09,866726066636401,405856151004844,2405:200:5213:25:3903:110:2:36,Jionet,4058560c345c000,4058560c345c000,2026/06/09 18:08:52,100.281,9610142,152408233,HOME,Bihar,
,,,,,917301042183,917301042183,2409:40e4:5f:f470:88cf:15ff:fe1e:c13,37198,,,2405:200:1613:2885:face:b00c:0:a7,443,Dynamic,18:06:01,18:36:01,2026/06/09,2026/06/09,866726066636401,405856151004844,2405:200:5213:25:3903:110:2:36,Jionet,4058560c345c000,4058560c345c000,2026/06/09 18:09:57,79.488,18630,30560,HOME,Bihar,
,,,,,917301042183,917301042183,2409:40e4:5f:f470:88cf:15ff:fe1e:c13,37198,,,2405:200:1613:2885:face:b00c:0:a7,443,Dynamic,18:06:01,18:36:01,2026/06/09,2026/06/09,866726066636401,405856151004844,2405:200:5213:25:3903:110:2:36,Jionet,4058560c345c000,4058560c345c000,2026/06/09 18:09:57,79.488,9610142,152408233,HOME,Bihar,
,,,,,917301042183,917301042183,2409:40e4:5f:f470:88cf:15ff:fe1e:c13,42668,,,2a03:2880:f346:3:face:b00c:0:4c63,443,Dynamic,18:06:01,18:36:01,2026/06/09,2026/06/09,866726066636401,405856151004844,2405:200:5213:25:3903:110:2:36,Jionet,4058560c345c000,4058560c345c000,2026/06/09 18:08:47,108.766,18630,30560,HOME,Bihar,
,,,,,917301042183,917301042183,2409:40e4:5f:f470:88cf:15ff:fe1e:c13,42668,,,2a03:2880:f346:3:face:b00c:0:4c63,443,Dynamic,18:06:01,18:36:01,2026/06/09,2026/06/09,866726066636401,405856151004844,2405:200:5213:25:3903:110:2:36,Jionet,4058560c345c000,4058560c345c000,2026/06/09 18:08:47,108.766,9610142,152408233,HOME,Bihar,
,,,,,917301042183,917301042183,2409:40e4:5f:f470:88cf:15ff:fe1e:c13,49524,,,2405:200:1613:2885:face:b00c:0:a7,443,Dynamic,17:51:44,18:06:01,2026/06/09,2026/06/09,866726066636401,405856151004844,2405:200:5213:25:3903:110:2:36,Jionet,405856044a330,4058560c345c000,2026/06/09 18:04:08,420.099,8624611,41418559,HOME,Bihar,
,,,,,917301042183,917301042183,2409:40e4:5f:f470:88cf:15ff:fe1e:c13,44667,,,2a03:2880:f346:8d:face:b00c:0:2,443,Dynamic,17:51:44,18:06:01,2026/06/09,2026/06/09,866726066636401,405856151004844,2405:200:5213:25:3903:110:2:36,Jionet,405856044a330,4058560c345c000,2026/06/09 18:04:08,443.14,8624611,41418559,HOME,Bihar,
,,,,,917301042183,917301042183,2409:40e4:5f:f470:88cf:15ff:fe1e:c13,40208,,,2a03:2880:f347:80:face:b00c:0:3,443,Dynamic,18:06:01,18:36:01,2026/06/09,2026/06/09,866726066636401,405856151004844,2405:200:5213:25:3903:110:2:36,Jionet,4058560c345c000,4058560c345c000,2026/06/09 18:09:57,76.284,18630,30560,HOME,Bihar,
,,,,,917301042183,917301042183,2409:40e4:5f:f470:88cf:15ff:fe1e:c13,40208,,,2a03:2880:f347:80:face:b00c:0:3,443,Dynamic,18:06:01,18:36:01,2026/06/09,2026/06/09,866726066636401,405856151004844,2405:200:5213:25:3903:110:2:36,Jionet,4058560c345c000,4058560c345c000,2026/06/09 18:09:57,76.284,9610142,152408233,HOME,Bihar,
,,,,,917301042183,917301042183,2409:40e4:5f:f470:88cf:15ff:fe1e:c13,41815,,,2405:200:1630:ff74:face:b00c:0:a7,443,Dynamic,18:06:01,18:36:01,2026/06/09,2026/06/09,866726066636401,405856151004844,2405:200:5213:25:3903:110:2:36,Jionet,4058560c345c000,4058560c345c000,2026/06/09 18:07:11,154.648,18630,30560,HOME,Bihar,
,,,,,917301042183,917301042183,2409:40e4:5f:f470:88cf:15ff:fe1e:c13,41815,,,2405:200:1630:ff74:face:b00c:0:a7,443,Dynamic,18:06:01,18:36:01,2026/06/09,2026/06/09,866726066636401,405856151004844,2405:200:5213:25:3903:110:2:36,Jionet,4058560c345c000,4058560c345c000,2026/06/09 18:07:11,154.648,9610142,152408233,HOME,Bihar,
,,,,,917301042183,917301042183,2409:40e4:5f:f470:88cf:15ff:fe1e:c13,42690,,,2a03:2880:f346:3:face:b00c:0:4c63,443,Dynamic,18:06:01,18:36:01,2026/06/09,2026/06/09,866726066636401,405856151004844,2405:200:5213:25:3903:110:2:36,Jionet,4058560c345c000,4058560c345c000,2026/06/09 18:08:47,112.693,18630,30560,HOME,Bihar,
,,,,,917301042183,917301042183,2409:40e4:5f:f470:88cf:15ff:fe1e:c13,42690,,,2a03:2880:f346:3:face:b00c:0:4c63,443,Dynamic,18:06:01,18:36:01,2026/06/09,2026/06/09,866726066636401,405856151004844,2405:200:5213:25:3903:110:2:36,Jionet,4058560c345c000,4058560c345c000,2026/06/09 18:08:47,112.693,9610142,152408233,HOME,Bihar,
,,,,,917301042183,917301042183,2409:40e4:5f:f470:88cf:15ff:fe1e:c13,44196,,,2a03:2880:f346:3:face:b00c:0:4c63,443,Dynamic,18:06:01,18:36:01,2026/06/09,2026/06/09,866726066636401,405856151004844,2405:200:5213:25:3903:110:2:36,Jionet,4058560c345c000,4058560c345c000,2026/06/09 18:07:54,117.388,18630,30560,HOME,Bihar,
,,,,,917301042183,917301042183,2409:40e4:5f:f470:88cf:15ff:fe1e:c13,44196,,,2a03:2880:f346:3:face:b00c:0:4c63,443,Dynamic,18:06:01,18:36:01,2026/06/09,2026/06/09,866726066636401,405856151004844,2405:200:5213:25:3903:110:2:36,Jionet,4058560c345c000,4058560c345c000,2026/06/09 18:07:54,117.388,9610142,152408233,HOME,Bihar,
,,,,,917301042183,917301042183,2409:40e4:5f:f470:88cf:15ff:fe1e:c13,49432,,,2a03:2880:f347:8:face:b00c:0:38d9,5222,Dynamic,18:06:01,18:36:01,2026/06/09,2026/06/09,866726066636401,405856151004844,2405:200:5213:25:3903:110:2:36,Jionet,4058560c345c000,4058560c345c000,2026/06/09 18:07:10,157.548,18630,30560,HOME,Bihar,
,,,,,917301042183,917301042183,2409:40e4:5f:f470:88cf:15ff:fe1e:c13,49432,,,2a03:2880:f347:8:face:b00c:0:38d9,5222,Dynamic,18:06:01,18:36:01,2026/06/09,2026/06/09,866726066636401,405856151004844,2405:200:5213:25:3903:110:2:36,Jionet,4058560c345c000,4058560c345c000,2026/06/09 18:07:10,157.548,9610142,152408233,HOME,Bihar,
,,,,,917301042183,917301042183,2409:40e4:5f:f470:88cf:15ff:fe1e:c13,46441,,,2405:200:1630:ff74:face:b00c:0:a7,443,Dynamic,18:06:01,18:36:01,2026/06/09,2026/06/09,866726066636401,405856151004844,2405:200:5213:25:3903:110:2:36,Jionet,4058560c345c000,4058560c345c000,2026/06/09 18:08:22,219.944,18630,30560,HOME,Bihar,
,,,,,917301042183,917301042183,2409:40e4:5f:f470:88cf:15ff:fe1e:c13,46441,,,2405:200:1630:ff74:face:b00c:0:a7,443,Dynamic,18:06:01,18:36:01,2026/06/09,2026/06/09,866726066636401,405856151004844,2405:200:5213:25:3903:110:2:36,Jionet,4058560c345c000,4058560c345c000,2026/06/09 18:08:22,219.944,9610142,152408233,HOME,Bihar,
,,,,,917301042183,917301042183,2409:40e4:5f:f470:88cf:15ff:fe1e:c13,37988,,,2a03:2880:f347:80:face:b00c:0:3,443,Dynamic,18:06:01,18:36:01,2026/06/09,2026/06/09,866726066636401,405856151004844,2405:200:5213:25:3903:110:2:36,Jionet,4058560c345c000,4058560c345c000,2026/06/09 18:11:32,76.199,18630,30560,HOME,Bihar,
,,,,,917301042183,917301042183,2409:40e4:5f:f470:88cf:15ff:fe1e:c13,37988,,,2a03:2880:f347:80:face:b00c:0:3,443,Dynamic,18:06:01,18:36:01,2026/06/09,2026/06/09,866726066636401,405856151004844,2405:200:5213:25:3903:110:2:36,Jionet,4058560c345c000,4058560c345c000,2026/06/09 18:11:32,76.199,9610142,152408233,HOME,Bihar,
,,,,,917301042183,917301042183,2409:40e4:5f:f470:88cf:15ff:fe1e:c13,49432,,,2a03:2880:f347:8:face:b00c:0:38d9,5222,Dynamic,18:06:01,18:36:01,2026/06/09,2026/06/09,866726066636401,405856151004844,2405:200:5213:25:3903:110:2:36,Jionet,4058560c345c000,4058560c345c000,2026/06/09 18:10:10,192.764,18630,30560,HOME,Bihar,
,,,,,917301042183,917301042183,2409:40e4:5f:f470:88cf:15ff:fe1e:c13,49432,,,2a03:2880:f347:8:face:b00c:0:38d9,5222,Dynamic,18:06:01,18:36:01,2026/06/09,2026/06/09,866726066636401,405856151004844,2405:200:5213:25:3903:110:2:36,Jionet,4058560c345c000,4058560c345c000,2026/06/09 18:10:10,192.764,9610142,152408233,HOME,Bihar,
,,,,,917301042183,917301042183,2409:40e4:5f:f470:88cf:15ff:fe1e:c13,38822,,,2a03:2880:f347:3:face:b00c:0:4c63,443,Dynamic,18:06:01,18:36:01,2026/06/09,2026/06/09,866726066636401,405856151004844,2405:200:5213:25:3903:110:2:36,Jionet,4058560c345c000,4058560c345c000,2026/06/09 18:09:18,185.013,18630,30560,HOME,Bihar,
,,,,,917301042183,917301042183,2409:40e4:5f:f470:88cf:15ff:fe1e:c13,38822,,,2a03:2880:f347:3:face:b00c:0:4c63,443,Dynamic,18:06:01,18:36:01,2026/06/09,2026/06/09,866726066636401,405856151004844,2405:200:5213:25:3903:110:2:36,Jionet,4058560c345c000,4058560c345c000,2026/06/09 18:09:18,185.013,9610142,152408233,HOME,Bihar,
,,,,,917301042183,917301042183,2409:40e4:5f:f470:88cf:15ff:fe1e:c13,39822,,,2405:200:1613:2885:face:b00c:0:a7,443,Dynamic,18:06:01,18:36:01,2026/06/09,2026/06/09,866726066636401,405856151004844,2405:200:5213:25:3903:110:2:36,Jionet,4058560c345c000,4058560c345c000,2026/06/09 18:11:32,110.053,18630,30560,HOME,Bihar,
,,,,,917301042183,917301042183,2409:40e4:5f:f470:88cf:15ff:fe1e:c13,39822,,,2405:200:1613:2885:face:b00c:0:a7,443,Dynamic,18:06:01,18:36:01,2026/06/09,2026/06/09,866726066636401,405856151004844,2405:200:5213:25:3903:110:2:36,Jionet,4058560c345c000,4058560c345c000,2026/06/09 18:11:32,110.053,9610142,152408233,HOME,Bihar,
,,,,,917301042183,917301042183,2409:40e4:5f:f470:88cf:15ff:fe1e:c13,48868,,,2405:200:1630:ff74:face:b00c:3333:a3f,443,Dynamic,18:06:01,18:36:01,2026/06/09,2026/06/09,866726066636401,405856151004844,2405:200:5213:25:3903:110:2:36,Jionet,4058560c345c000,4058560c345c000,2026/06/09 18:12:06,11.031,18630,30560,HOME,Bihar,
,,,,,917301042183,917301042183,2409:40e4:5f:f470:88cf:15ff:fe1e:c13,48868,,,2405:200:1630:ff74:face:b00c:3333:a3f,443,Dynamic,18:06:01,18:36:01,2026/06/09,2026/06/09,866726066636401,405856151004844,2405:200:5213:25:3903:110:2:36,Jionet,4058560c345c000,4058560c345c000,2026/06/09 18:12:06,11.031,9610142,152408233,HOME,Bihar,
,,,,,917301042183,917301042183,2409:40e4:5f:f470:88cf:15ff:fe1e:c13,40284,,,2a03:2880:f347:8d:face:b00c:0:2,443,Dynamic,18:06:01,18:36:01,2026/06/09,2026/06/09,866726066636401,405856151004844,2405:200:5213:25:3903:110:2:36,Jionet,4058560c345c000,4058560c345c000,2026/06/09 18:12:50,2.565,18630,30560,HOME,Bihar,
,,,,,917301042183,917301042183,2409:40e4:5f:f470:88cf:15ff:fe1e:c13,40284,,,2a03:2880:f347:8d:face:b00c:0:2,443,Dynamic,18:06:01,18:36:01,2026/06/09,2026/06/09,866726066636401,405856151004844,2405:200:5213:25:3903:110:2:36,Jionet,4058560c345c000,4058560c345c000,2026/06/09 18:12:50,2.565,9610142,152408233,HOME,Bihar,
,,,,,917301042183,917301042183,2409:40e4:5f:f470:88cf:15ff:fe1e:c13,39372,,,2405:200:1613:2885:face:b00c:3333:a3f,443,Dynamic,18:06:01,18:36:01,2026/06/09,2026/06/09,866726066636401,405856151004844,2405:200:5213:25:3903:110:2:36,Jionet,4058560c345c000,4058560c345c000,2026/06/09 18:12:06,11.031,18630,30560,HOME,Bihar,
,,,,,917301042183,917301042183,2409:40e4:5f:f470:88cf:15ff:fe1e:c13,39372,,,2405:200:1613:2885:face:b00c:3333:a3f,443,Dynamic,18:06:01,18:36:01,2026/06/09,2026/06/09,866726066636401,405856151004844,2405:200:5213:25:3903:110:2:36,Jionet,4058560c345c000,4058560c345c000,2026/06/09 18:12:06,11.031,9610142,152408233,HOME,Bihar,
,,,,,917301042183,917301042183,2409:40e4:5f:f470:88cf:15ff:fe1e:c13,42678,,,2a03:2880:f346:3:face:b00c:0:4c63,443,Dynamic,17:51:44,18:06:01,2026/06/09,2026/06/09,866726066636401,405856151004844,2405:200:5213:25:3903:110:2:36,Jionet,405856044a330,4058560c345c000,2026/06/09 18:04:27,525.696,8624611,41418559,HOME,Bihar,
,,,,,917301042183,917301042183,2409:40e4:5f:f470:88cf:15ff:fe1e:c13,38666,,,2a03:2880:f160:87:face:b00c:0:79f4,443,Dynamic,18:06:01,18:36:01,2026/06/09,2026/06/09,866726066636401,405856151004844,2405:200:5213:25:3903:110:2:36,Jionet,4058560c345c000,4058560c345c000,2026/06/09 18:12:25,63.449,18630,30560,HOME,Bihar,
,,,,,917301042183,917301042183,2409:40e4:5f:f470:88cf:15ff:fe1e:c13,38666,,,2a03:2880:f160:87:face:b00c:0:79f4,443,Dynamic,18:06:01,18:36:01,2026/06/09,2026/06/09,866726066636401,405856151004844,2405:200:5213:25:3903:110:2:36,Jionet,4058560c345c000,4058560c345c000,2026/06/09 18:12:25,63.449,9610142,152408233,HOME,Bihar,
,,,,,917301042183,917301042183,2409:40e4:5f:f470:88cf:15ff:fe1e:c13,39466,,,2a03:2880:f346:8d:face:b00c:0:2,443,Dynamic,18:06:01,18:36:01,2026/06/09,2026/06/09,866726066636401,405856151004844,2405:200:5213:25:3903:110:2:36,Jionet,4058560c345c000,4058560c345c000,2026/06/09 18:10:49,159.94,18630,30560,HOME,Bihar,
,,,,,917301042183,917301042183,2409:40e4:5f:f470:88cf:15ff:fe1e:c13,39466,,,2a03:2880:f346:8d:face:b00c:0:2,443,Dynamic,18:06:01,18:36:01,2026/06/09,2026/06/09,866726066636401,405856151004844,2405:200:5213:25:3903:110:2:36,Jionet,4058560c345c000,4058560c345c000,2026/06/09 18:10:49,159.94,9610142,152408233,HOME,Bihar,
,,,,,917301042183,917301042183,2409:40e4:5f:f470:88cf:15ff:fe1e:c13,42690,,,2a03:2880:f346:3:face:b00c:0:4c63,443,Dynamic,18:06:01,18:36:01,2026/06/09,2026/06/09,866726066636401,405856151004844,2405:200:5213:25:3903:110:2:36,Jionet,4058560c345c000,4058560c345c000,2026/06/09 18:26:07,92.676,18630,30560,HOME,Bihar,
,,,,,917301042183,917301042183,2409:40e4:5f:f470:88cf:15ff:fe1e:c13,42690,,,2a03:2880:f346:3:face:b00c:0:4c63,443,Dynamic,18:06:01,18:36:01,2026/06/09,2026/06/09,866726066636401,405856151004844,2405:200:5213:25:3903:110:2:36,Jionet,4058560c345c000,4058560c345c000,2026/06/09 18:26:07,92.676,9610142,152408233,HOME,Bihar,
,,,,,917301042183,917301042183,2409:40e4:5f:f470:88cf:15ff:fe1e:c13,38822,,,2a03:2880:f347:3:face:b00c:0:4c63,443,Dynamic,18:06:01,18:36:01,2026/06/09,2026/06/09,866726066636401,405856151004844,2405:200:5213:25:3903:110:2:36,Jionet,4058560c345c000,4058560c345c000,2026/06/09 18:25:19,183.92,18630,30560,HOME,Bihar,
,,,,,917301042183,917301042183,2409:40e4:5f:f470:88cf:15ff:fe1e:c13,38822,,,2a03:2880:f347:3:face:b00c:0:4c63,443,Dynamic,18:06:01,18:36:01,2026/06/09,2026/06/09,866726066636401,405856151004844,2405:200:5213:25:3903:110:2:36,Jionet,4058560c345c000,4058560c345c000,2026/06/09 18:25:19,183.92,9610142,152408233,HOME,Bihar,
,,,,,917301042183,917301042183,2409:40e4:5f:f470:88cf:15ff:fe1e:c13,42700,,,2a03:2880:f346:3:face:b00c:0:4c63,443,Dynamic,18:06:01,18:36:01,2026/06/09,2026/06/09,866726066636401,405856151004844,2405:200:5213:25:3903:110:2:36,Jionet,4058560c345c000,4058560c345c000,2026/06/09 18:26:08,102.749,18630,30560,HOME,Bihar,
,,,,,917301042183,917301042183,2409:40e4:5f:f470:88cf:15ff:fe1e:c13,42700,,,2a03:2880:f346:3:face:b00c:0:4c63,443,Dynamic,18:06:01,18:36:01,2026/06/09,2026/06/09,866726066636401,405856151004844,2405:200:5213:25:3903:110:2:36,Jionet,4058560c345c000,4058560c345c000,2026/06/09 18:26:08,102.749,9610142,152408233,HOME,Bihar,
,,,,,917301042183,917301042183,2409:40e4:5f:f470:88cf:15ff:fe1e:c13,49518,,,2405:200:1630:ff74:face:b00c:3333:7020,443,Dynamic,18:06:01,18:36:01,2026/06/09,2026/06/09,866726066636401,405856151004844,2405:200:5213:25:3903:110:2:36,Jionet,4058560c345c000,4058560c345c000,2026/06/09 18:27:50,96.804,18630,30560,HOME,Bihar,
,,,,,917301042183,917301042183,2409:40e4:5f:f470:88cf:15ff:fe1e:c13,49518,,,2405:200:1630:ff74:face:b00c:3333:7020,443,Dynamic,18:06:01,18:36:01,2026/06/09,2026/06/09,866726066636401,405856151004844,2405:200:5213:25:3903:110:2:36,Jionet,4058560c345c000,4058560c345c000,2026/06/09 18:27:50,96.804,9610142,152408233,HOME,Bihar,
,,,,,917301042183,917301042183,2409:40e4:5f:f470:88cf:15ff:fe1e:c13,37190,,,2a03:2880:f322:120:face:b00c:0:167,443,Dynamic,18:06:01,18:36:01,2026/06/09,2026/06/09,866726066636401,405856151004844,2405:200:5213:25:3903:110:2:36,Jionet,4058560c345c000,4058560c345c000,2026/06/09 18:25:56,113.063,18630,30560,HOME,Bihar,
,,,,,917301042183,917301042183,2409:40e4:5f:f470:88cf:15ff:fe1e:c13,37190,,,2a03:2880:f322:120:face:b00c:0:167,443,Dynamic,18:06:01,18:36:01,2026/06/09,2026/06/09,866726066636401,405856151004844,2405:200:5213:25:3903:110:2:36,Jionet,4058560c345c000,4058560c345c000,2026/06/09 18:25:56,113.063,9610142,152408233,HOME,Bihar,
,,,,,917301042183,917301042183,2409:40e4:5f:f470:88cf:15ff:fe1e:c13,42668,,,2a03:2880:f346:3:face:b00c:0:4c63,443,Dynamic,18:06:01,18:36:01,2026/06/09,2026/06/09,866726066636401,405856151004844,2405:200:5213:25:3903:110:2:36,Jionet,4058560c345c000,4058560c345c000,2026/06/09 18:26:07,88.749,18630,30560,HOME,Bihar,
,,,,,917301042183,917301042183,2409:40e4:5f:f470:88cf:15ff:fe1e:c13,42668,,,2a03:2880:f346:3:face:b00c:0:4c63,443,Dynamic,18:06:01,18:36:01,2026/06/09,2026/06/09,866726066636401,405856151004844,2405:200:5213:25:3903:110:2:36,Jionet,4058560c345c000,4058560c345c000,2026/06/09 18:26:07,88.749,9610142,152408233,HOME,Bihar,
,,,,,917301042183,917301042183,2409:40e4:5f:f470:88cf:15ff:fe1e:c13,37798,,,2a03:2880:f346:120:face:b00c:0:167,443,Dynamic,18:06:01,18:36:01,2026/06/09,2026/06/09,866726066636401,405856151004844,2405:200:5213:25:3903:110:2:36,Jionet,4058560c345c000,4058560c345c000,2026/06/09 18:27:50,120.997,18630,30560,HOME,Bihar,
,,,,,917301042183,917301042183,2409:40e4:5f:f470:88cf:15ff:fe1e:c13,37798,,,2a03:2880:f346:120:face:b00c:0:167,443,Dynamic,18:06:01,18:36:01,2026/06/09,2026/06/09,866726066636401,405856151004844,2405:200:5213:25:3903:110:2:36,Jionet,4058560c345c000,4058560c345c000,2026/06/09 18:27:50,120.997,9610142,152408233,HOME,Bihar,
,,,,,917301042183,917301042183,2409:40e4:5f:f470:88cf:15ff:fe1e:c13,37190,,,2a03:2880:f322:120:face:b00c:0:167,443,Dynamic,18:06:01,18:36:01,2026/06/09,2026/06/09,866726066636401,405856151004844,2405:200:5213:25:3903:110:2:36,Jionet,4058560c345c000,4058560c345c000,2026/06/09 18:29:46,62.986,18630,30560,HOME,Bihar,
,,,,,917301042183,917301042183,2409:40e4:5f:f470:88cf:15ff:fe1e:c13,37190,,,2a03:2880:f322:120:face:b00c:0:167,443,Dynamic,18:06:01,18:36:01,2026/06/09,2026/06/09,866726066636401,405856151004844,2405:200:5213:25:3903:110:2:36,Jionet,4058560c345c000,4058560c345c000,2026/06/09 18:29:46,62.986,9610142,152408233,HOME,Bihar,
,,,,,917301042183,917301042183,2409:40e4:5f:f470:88cf:15ff:fe1e:c13,42253,,,2a03:2880:f312:136:face:b00c:0:b1,3478,Dynamic,18:06:01,18:36:01,2026/06/09,2026/06/09,866726066636401,405856151004844,2405:200:5213:25:3903:110:2:36,Jionet,4058560c345c000,4058560c345c000,2026/06/09 18:29:06,62.708,18630,30560,HOME,Bihar,
,,,,,917301042183,917301042183,2409:40e4:5f:f470:88cf:15ff:fe1e:c13,42253,,,2a03:2880:f312:136:face:b00c:0:b1,3478,Dynamic,18:06:01,18:36:01,2026/06/09,2026/06/09,866726066636401,405856151004844,2405:200:5213:25:3903:110:2:36,Jionet,4058560c345c000,4058560c345c000,2026/06/09 18:29:06,62.708,9610142,152408233,HOME,Bihar,
,,,,,917301042183,917301042183,2409:40e4:5f:f470:88cf:15ff:fe1e:c13,42253,,,2a03:2880:f315:136:face:b00c:0:b1,3478,Dynamic,18:06:01,18:36:01,2026/06/09,2026/06/09,866726066636401,405856151004844,2405:200:5213:25:3903:110:2:36,Jionet,4058560c345c000,4058560c345c000,2026/06/09 18:29:06,79.355,18630,30560,HOME,Bihar,
,,,,,917301042183,917301042183,2409:40e4:5f:f470:88cf:15ff:fe1e:c13,42253,,,2a03:2880:f315:136:face:b00c:0:b1,3478,Dynamic,18:06:01,18:36:01,2026/06/09,2026/06/09,866726066636401,405856151004844,2405:200:5213:25:3903:110:2:36,Jionet,4058560c345c000,4058560c345c000,2026/06/09 18:29:06,79.355,9610142,152408233,HOME,Bihar,
,,,,,917301042183,917301042183,2409:40e4:5f:f470:88cf:15ff:fe1e:c13,47182,,,2404:6800:4003:c03::bc,5228,Dynamic,18:06:01,18:36:01,2026/06/09,2026/06/09,866726066636401,405856151004844,2405:200:5213:25:3903:110:2:36,Jionet,4058560c345c000,4058560c345c000,2026/06/09 18:29:04,121.695,18630,30560,HOME,Bihar,
,,,,,917301042183,917301042183,2409:40e4:5f:f470:88cf:15ff:fe1e:c13,47182,,,2404:6800:4003:c03::bc,5228,Dynamic,18:06:01,18:36:01,2026/06/09,2026/06/09,866726066636401,405856151004844,2405:200:5213:25:3903:110:2:36,Jionet,4058560c345c000,4058560c345c000,2026/06/09 18:29:04,121.695,9610142,152408233,HOME,Bihar,
,,,,,917301042183,917301042183,2409:40e4:5f:f470:88cf:15ff:fe1e:c13,39334,,,2001:4860:4802:32::223,443,Dynamic,18:06:01,18:36:01,2026/06/09,2026/06/09,866726066636401,405856151004844,2405:200:5213:25:3903:110:2:36,Jionet,4058560c345c000,4058560c345c000,2026/06/09 18:30:19,11.384,18630,30560,HOME,Bihar,
,,,,,917301042183,917301042183,2409:40e4:5f:f470:88cf:15ff:fe1e:c13,39334,,,2001:4860:4802:32::223,443,Dynamic,18:06:01,18:36:01,2026/06/09,2026/06/09,866726066636401,405856151004844,2405:200:5213:25:3903:110:2:36,Jionet,4058560c345c000,4058560c345c000,2026/06/09 18:30:19,11.384,9610142,152408233,HOME,Bihar,
,,,,,917301042183,917301042183,2409:40e4:5f:f470:88cf:15ff:fe1e:c13,43584,,,2a03:2880:f28a:1c5:face:b00c:0:177,3478,Dynamic,18:06:01,18:36:01,2026/06/09,2026/06/09,866726066636401,405856151004844,2405:200:5213:25:3903:110:2:36,Jionet,4058560c345c000,4058560c345c000,2026/06/09 18:29:54,90.421,18630,30560,HOME,Bihar,
,,,,,917301042183,917301042183,2409:40e4:5f:f470:88cf:15ff:fe1e:c13,43584,,,2a03:2880:f28a:1c5:face:b00c:0:177,3478,Dynamic,18:06:01,18:36:01,2026/06/09,2026/06/09,866726066636401,405856151004844,2405:200:5213:25:3903:110:2:36,Jionet,4058560c345c000,4058560c345c000,2026/06/09 18:29:54,90.421,9610142,152408233,HOME,Bihar,
,,,,,917301042183,917301042183,2409:40e4:5f:f470:88cf:15ff:fe1e:c13,42253,,,2a03:2880:f26b:1c5:face:b00c:0:177,3478,Dynamic,18:06:01,18:36:01,2026/06/09,2026/06/09,866726066636401,405856151004844,2405:200:5213:25:3903:110:2:36,Jionet,4058560c345c000,4058560c345c000,2026/06/09 18:29:06,87.607,18630,30560,HOME,Bihar,
,,,,,917301042183,917301042183,2409:40e4:5f:f470:88cf:15ff:fe1e:c13,42253,,,2a03:2880:f26b:1c5:face:b00c:0:177,3478,Dynamic,18:06:01,18:36:01,2026/06/09,2026/06/09,866726066636401,405856151004844,2405:200:5213:25:3903:110:2:36,Jionet,4058560c345c000,4058560c345c000,2026/06/09 18:29:06,87.607,9610142,152408233,HOME,Bihar,
,,,,,917301042183,917301042183,2409:40e4:5f:f470:88cf:15ff:fe1e:c13,43584,,,2a03:2880:f33e:136:face:b00c:0:b1,3478,Dynamic,18:06:01,18:36:01,2026/06/09,2026/06/09,866726066636401,405856151004844,2405:200:5213:25:3903:110:2:36,Jionet,4058560c345c000,4058560c345c000,2026/06/09 18:29:54,92.929,18630,30560,HOME,Bihar,
,,,,,917301042183,917301042183,2409:40e4:5f:f470:88cf:15ff:fe1e:c13,43584,,,2a03:2880:f33e:136:face:b00c:0:b1,3478,Dynamic,18:06:01,18:36:01,2026/06/09,2026/06/09,866726066636401,405856151004844,2405:200:5213:25:3903:110:2:36,Jionet,4058560c345c000,4058560c345c000,2026/06/09 18:29:54,92.929,9610142,152408233,HOME,Bihar,
,,,,,917301042183,917301042183,2409:40e4:5f:f470:88cf:15ff:fe1e:c13,43584,,,2a03:2880:f346:136:face:b00c:0:b1,3478,Dynamic,18:06:01,18:36:01,2026/06/09,2026/06/09,866726066636401,405856151004844,2405:200:5213:25:3903:110:2:36,Jionet,4058560c345c000,4058560c345c000,2026/06/09 18:29:54,63.997,18630,30560,HOME,Bihar,
,,,,,917301042183,917301042183,2409:40e4:5f:f470:88cf:15ff:fe1e:c13,43584,,,2a03:2880:f346:136:face:b00c:0:b1,3478,Dynamic,18:06:01,18:36:01,2026/06/09,2026/06/09,866726066636401,405856151004844,2405:200:5213:25:3903:110:2:36,Jionet,4058560c345c000,4058560c345c000,2026/06/09 18:29:54,63.997,9610142,152408233,HOME,Bihar,
,,,,,917301042183,917301042183,2409:40e4:5f:f470:88cf:15ff:fe1e:c13,38688,,,2a03:2880:f346:121:face:b00c:0:7260,443,Dynamic,18:06:01,18:36:01,2026/06/09,2026/06/09,866726066636401,405856151004844,2405:200:5213:25:3903:110:2:36,Jionet,4058560c345c000,4058560c345c000,2026/06/09 18:29:04,129.985,18630,30560,HOME,Bihar,
,,,,,917301042183,917301042183,2409:40e4:5f:f470:88cf:15ff:fe1e:c13,38688,,,2a03:2880:f346:121:face:b00c:0:7260,443,Dynamic,18:06:01,18:36:01,2026/06/09,2026/06/09,866726066636401,405856151004844,2405:200:5213:25:3903:110:2:36,Jionet,4058560c345c000,4058560c345c000,2026/06/09 18:29:04,129.985,9610142,152408233,HOME,Bihar,
,,,,,917301042183,917301042183,2409:40e4:5f:f470:88cf:15ff:fe1e:c13,42700,,,2a03:2880:f346:3:face:b00c:0:4c63,443,Dynamic,18:06:01,18:36:01,2026/06/09,2026/06/09,866726066636401,405856151004844,2405:200:5213:25:3903:110:2:36,Jionet,4058560c345c000,4058560c345c000,2026/06/09 18:21:48,62.764,18630,30560,HOME,Bihar,
,,,,,917301042183,917301042183,2409:40e4:5f:f470:88cf:15ff:fe1e:c13,42700,,,2a03:2880:f346:3:face:b00c:0:4c63,443,Dynamic,18:06:01,18:36:01,2026/06/09,2026/06/09,866726066636401,405856151004844,2405:200:5213:25:3903:110:2:36,Jionet,4058560c345c000,4058560c345c000,2026/06/09 18:21:48,62.764,9610142,152408233,HOME,Bihar,
,,,,,917301042183,917301042183,2409:40e4:5f:f470:88cf:15ff:fe1e:c13,46512,,,2a03:2880:f10a:82:face:b00c:0:79f4,443,Dynamic,18:06:01,18:36:01,2026/06/09,2026/06/09,866726066636401,405856151004844,2405:200:5213:25:3903:110:2:36,Jionet,4058560c345c000,4058560c345c000,2026/06/09 18:21:05,71.807,18630,30560,HOME,Bihar,
,,,,,917301042183,917301042183,2409:40e4:5f:f470:88cf:15ff:fe1e:c13,46512,,,2a03:2880:f10a:82:face:b00c:0:79f4,443,Dynamic,18:06:01,18:36:01,2026/06/09,2026/06/09,866726066636401,405856151004844,2405:200:5213:25:3903:110:2:36,Jionet,4058560c345c000,4058560c345c000,2026/06/09 18:21:05,71.807,9610142,152408233,HOME,Bihar,
,,,,,917301042183,917301042183,2409:40e4:5f:f470:88cf:15ff:fe1e:c13,49778,,,2606:4700:99e6:e698:159e:4c5:cd03:93d7,443,Dynamic,18:06:01,18:36:01,2026/06/09,2026/06/09,866726066636401,405856151004844,2405:200:5213:25:3903:110:2:36,Jionet,4058560c345c000,4058560c345c000,2026/06/09 18:23:05,11.2,18630,30560,HOME,Bihar,
,,,,,917301042183,917301042183,2409:40e4:5f:f470:88cf:15ff:fe1e:c13,49778,,,2606:4700:99e6:e698:159e:4c5:cd03:93d7,443,Dynamic,18:06:01,18:36:01,2026/06/09,2026/06/09,866726066636401,405856151004844,2405:200:5213:25:3903:110:2:36,Jionet,4058560c345c000,4058560c345c000,2026/06/09 18:23:05,11.2,9610142,152408233,HOME,Bihar,
,,,,,917301042183,917301042183,2409:40e4:5f:f470:88cf:15ff:fe1e:c13,40064,,,2a03:2880:f346:90:face:b00c:0:8e,443,Dynamic,18:06:01,18:36:01,2026/06/09,2026/06/09,866726066636401,405856151004844,2405:200:5213:25:3903:110:2:36,Jionet,4058560c345c000,4058560c345c000,2026/06/09 18:19:54,142.967,18630,30560,HOME,Bihar,
,,,,,917301042183,917301042183,2409:40e4:5f:f470:88cf:15ff:fe1e:c13,40064,,,2a03:2880:f346:90:face:b00c:0:8e,443,Dynamic,18:06:01,18:36:01,2026/06/09,2026/06/09,866726066636401,405856151004844,2405:200:5213:25:3903:110:2:36,Jionet,4058560c345c000,4058560c345c000,2026/06/09 18:19:54,142.967,9610142,152408233,HOME,Bihar,
,,,,,917301042183,917301042183,2409:40e4:5f:f470:88cf:15ff:fe1e:c13,39694,,,2a03:2880:f347:90:face:b00c:0:8e,443,Dynamic,18:06:01,18:36:01,2026/06/09,2026/06/09,866726066636401,405856151004844,2405:200:5213:25:3903:110:2:36,Jionet,4058560c345c000,4058560c345c000,2026/06/09 18:22:57,20.199,18630,30560,HOME,Bihar,
,,,,,917301042183,917301042183,2409:40e4:5f:f470:88cf:15ff:fe1e:c13,39694,,,2a03:2880:f347:90:face:b00c:0:8e,443,Dynamic,18:06:01,18:36:01,2026/06/09,2026/06/09,866726066636401,405856151004844,2405:200:5213:25:3903:110:2:36,Jionet,4058560c345c000,4058560c345c000,2026/06/09 18:22:57,20.199,9610142,152408233,HOME,Bihar,
,,,,,917301042183,917301042183,2409:40e4:5f:f470:88cf:15ff:fe1e:c13,37140,,,2001:4860:4802:36::9e,443,Dynamic,18:06:01,18:36:01,2026/06/09,2026/06/09,866726066636401,405856151004844,2405:200:5213:25:3903:110:2:36,Jionet,4058560c345c000,4058560c345c000,2026/06/09 18:20:33,90.468,18630,30560,HOME,Bihar,
,,,,,917301042183,917301042183,2409:40e4:5f:f470:88cf:15ff:fe1e:c13,37140,,,2001:4860:4802:36::9e,443,Dynamic,18:06:01,18:36:01,2026/06/09,2026/06/09,866726066636401,405856151004844,2405:200:5213:25:3903:110:2:36,Jionet,4058560c345c000,4058560c345c000,2026/06/09 18:20:33,90.468,9610142,152408233,HOME,Bihar,
,,,,,917301042183,917301042183,2409:40e4:5f:f470:88cf:15ff:fe1e:c13,40606,,,2001:4860:4802:36::223,443,Dynamic,18:06:01,18:36:01,2026/06/09,2026/06/09,866726066636401,405856151004844,2405:200:5213:25:3903:110:2:36,Jionet,4058560c345c000,4058560c345c000,2026/06/09 18:22:07,70.904,18630,30560,HOME,Bihar,
,,,,,917301042183,917301042183,2409:40e4:5f:f470:88cf:15ff:fe1e:c13,40606,,,2001:4860:4802:36::223,443,Dynamic,18:06:01,18:36:01,2026/06/09,2026/06/09,866726066636401,405856151004844,2405:200:5213:25:3903:110:2:36,Jionet,4058560c345c000,4058560c345c000,2026/06/09 18:22:07,70.904,9610142,152408233,HOME,Bihar,
,,,,,917301042183,917301042183,2409:40e4:5f:f470:88cf:15ff:fe1e:c13,38260,,,2a03:2880:f346:24:face:b00c:0:6e2e,5222,Dynamic,18:06:01,18:36:01,2026/06/09,2026/06/09,866726066636401,405856151004844,2405:200:5213:25:3903:110:2:36,Jionet,4058560c345c000,4058560c345c000,2026/06/09 18:20:00,137.376,18630,30560,HOME,Bihar,
,,,,,917301042183,917301042183,2409:40e4:5f:f470:88cf:15ff:fe1e:c13,38260,,,2a03:2880:f346:24:face:b00c:0:6e2e,5222,Dynamic,18:06:01,18:36:01,2026/06/09,2026/06/09,866726066636401,405856151004844,2405:200:5213:25:3903:110:2:36,Jionet,4058560c345c000,4058560c345c000,2026/06/09 18:20:00,137.376,9610142,152408233,HOME,Bihar,
,,,,,917301042183,917301042183,2409:40e4:5f:f470:88cf:15ff:fe1e:c13,49788,,,2606:4700:99e6:e698:159e:4c5:cd03:93d7,443,Dynamic,18:06:01,18:36:01,2026/06/09,2026/06/09,866726066636401,405856151004844,2405:200:5213:25:3903:110:2:36,Jionet,4058560c345c000,4058560c345c000,2026/06/09 18:23:05,11.135,18630,30560,HOME,Bihar,
,,,,,917301042183,917301042183,2409:40e4:5f:f470:88cf:15ff:fe1e:c13,49788,,,2606:4700:99e6:e698:159e:4c5:cd03:93d7,443,Dynamic,18:06:01,18:36:01,2026/06/09,2026/06/09,866726066636401,405856151004844,2405:200:5213:25:3903:110:2:36,Jionet,4058560c345c000,4058560c345c000,2026/06/09 18:23:05,11.135,9610142,152408233,HOME,Bihar,
,,,,,917301042183,917301042183,2409:40e4:5f:f470:88cf:15ff:fe1e:c13,44950,,,2a03:2880:f346:90:face:b00c:0:8e,443,Dynamic,18:06:01,18:36:01,2026/06/09,2026/06/09,866726066636401,405856151004844,2405:200:5213:25:3903:110:2:36,Jionet,4058560c345c000,4058560c345c000,2026/06/09 18:19:34,163.24,18630,30560,HOME,Bihar,
,,,,,917301042183,917301042183,2409:40e4:5f:f470:88cf:15ff:fe1e:c13,44950,,,2a03:2880:f346:90:face:b00c:0:8e,443,Dynamic,18:06:01,18:36:01,2026/06/09,2026/06/09,866726066636401,405856151004844,2405:200:5213:25:3903:110:2:36,Jionet,4058560c345c000,4058560c345c000,2026/06/09 18:19:34,163.24,9610142,152408233,HOME,Bihar,
,,,,,917301042183,917301042183,2409:40e4:5f:f470:88cf:15ff:fe1e:c13,48986,,,2a03:2880:f346:24:face:b00c:0:6e2e,5222,Dynamic,18:06:01,18:36:01,2026/06/09,2026/06/09,866726066636401,405856151004844,2405:200:5213:25:3903:110:2:36,Jionet,4058560c345c000,4058560c345c000,2026/06/09 18:22:57,20.199,18630,30560,HOME,Bihar,
,,,,,917301042183,917301042183,2409:40e4:5f:f470:88cf:15ff:fe1e:c13,48986,,,2a03:2880:f346:24:face:b00c:0:6e2e,5222,Dynamic,18:06:01,18:36:01,2026/06/09,2026/06/09,866726066636401,405856151004844,2405:200:5213:25:3903:110:2:36,Jionet,4058560c345c000,4058560c345c000,2026/06/09 18:22:57,20.199,9610142,152408233,HOME,Bihar,
,,,,,917301042183,917301042183,2409:40e4:5f:f470:88cf:15ff:fe1e:c13,47182,,,2404:6800:4003:c03::bc,5228,Dynamic,18:06:01,18:36:01,2026/06/09,2026/06/09,866726066636401,405856151004844,2405:200:5213:25:3903:110:2:36,Jionet,4058560c345c000,4058560c345c000,2026/06/09 18:19:37,149.203,18630,30560,HOME,Bihar,
,,,,,917301042183,917301042183,2409:40e4:5f:f470:88cf:15ff:fe1e:c13,47182,,,2404:6800:4003:c03::bc,5228,Dynamic,18:06:01,18:36:01,2026/06/09,2026/06/09,866726066636401,405856151004844,2405:200:5213:25:3903:110:2:36,Jionet,4058560c345c000,4058560c345c000,2026/06/09 18:19:37,149.203,9610142,152408233,HOME,Bihar,
,,,,,917301042183,917301042183,2409:40e4:5f:f470:88cf:15ff:fe1e:c13,48994,,,2a03:2880:f346:24:face:b00c:0:6e2e,5222,Dynamic,18:06:01,18:36:01,2026/06/09,2026/06/09,866726066636401,405856151004844,2405:200:5213:25:3903:110:2:36,Jionet,4058560c345c000,4058560c345c000,2026/06/09 18:22:57,20.199,18630,30560,HOME,Bihar,
,,,,,917301042183,917301042183,2409:40e4:5f:f470:88cf:15ff:fe1e:c13,48994,,,2a03:2880:f346:24:face:b00c:0:6e2e,5222,Dynamic,18:06:01,18:36:01,2026/06/09,2026/06/09,866726066636401,405856151004844,2405:200:5213:25:3903:110:2:36,Jionet,4058560c345c000,4058560c345c000,2026/06/09 18:22:57,20.199,9610142,152408233,HOME,Bihar,
,,,,,917301042183,917301042183,2409:40e4:5f:f470:88cf:15ff:fe1e:c13,38396,,,2a03:2880:f346:24:face:b00c:0:6e2e,5222,Dynamic,18:06:01,18:36:01,2026/06/09,2026/06/09,866726066636401,405856151004844,2405:200:5213:25:3903:110:2:36,Jionet,4058560c345c000,4058560c345c000,2026/06/09 18:19:45,152.256,18630,30560,HOME,Bihar,
,,,,,917301042183,917301042183,2409:40e4:5f:f470:88cf:15ff:fe1e:c13,38396,,,2a03:2880:f346:24:face:b00c:0:6e2e,5222,Dynamic,18:06:01,18:36:01,2026/06/09,2026/06/09,866726066636401,405856151004844,2405:200:5213:25:3903:110:2:36,Jionet,4058560c345c000,4058560c345c000,2026/06/09 18:19:45,152.256,9610142,152408233,HOME,Bihar,
,,,,,917301042183,917301042183,2409:40e4:5f:f470:88cf:15ff:fe1e:c13,44377,,,2001:4860:4802:36::223,443,Dynamic,18:06:01,18:36:01,2026/06/09,2026/06/09,866726066636401,405856151004844,2405:200:5213:25:3903:110:2:36,Jionet,4058560c345c000,4058560c345c000,2026/06/09 18:22:11,71.832,18630,30560,HOME,Bihar,
,,,,,917301042183,917301042183,2409:40e4:5f:f470:88cf:15ff:fe1e:c13,44377,,,2001:4860:4802:36::223,443,Dynamic,18:06:01,18:36:01,2026/06/09,2026/06/09,866726066636401,405856151004844,2405:200:5213:25:3903:110:2:36,Jionet,4058560c345c000,4058560c345c000,2026/06/09 18:22:11,71.832,9610142,152408233,HOME,Bihar,
,,,,,917301042183,917301042183,2409:40e4:5f:f470:88cf:15ff:fe1e:c13,44196,,,2a03:2880:f346:3:face:b00c:0:4c63,443,Dynamic,18:06:01,18:36:01,2026/06/09,2026/06/09,866726066636401,405856151004844,2405:200:5213:25:3903:110:2:36,Jionet,4058560c345c000,4058560c345c000,2026/06/09 18:20:33,78.252,18630,30560,HOME,Bihar,
,,,,,917301042183,917301042183,2409:40e4:5f:f470:88cf:15ff:fe1e:c13,44196,,,2a03:2880:f346:3:face:b00c:0:4c63,443,Dynamic,18:06:01,18:36:01,2026/06/09,2026/06/09,866726066636401,405856151004844,2405:200:5213:25:3903:110:2:36,Jionet,4058560c345c000,4058560c345c000,2026/06/09 18:20:33,78.252,9610142,152408233,HOME,Bihar,
,,,,,917301042183,917301042183,2409:40e4:5f:f470:88cf:15ff:fe1e:c13,49808,,,2606:4700:99e6:e698:159e:4c5:cd03:93d7,443,Dynamic,18:06:01,18:36:01,2026/06/09,2026/06/09,866726066636401,405856151004844,2405:200:5213:25:3903:110:2:36,Jionet,4058560c345c000,4058560c345c000,2026/06/09 18:23:05,11.164,18630,30560,HOME,Bihar,
,,,,,917301042183,917301042183,2409:40e4:5f:f470:88cf:15ff:fe1e:c13,49808,,,2606:4700:99e6:e698:159e:4c5:cd03:93d7,443,Dynamic,18:06:01,18:36:01,2026/06/09,2026/06/09,866726066636401,405856151004844,2405:200:5213:25:3903:110:2:36,Jionet,4058560c345c000,4058560c345c000,2026/06/09 18:23:05,11.164,9610142,152408233,HOME,Bihar,
,,,,,917301042183,917301042183,2409:40e4:5f:f470:88cf:15ff:fe1e:c13,43852,,,2001:4860:4802:36::9e,443,Dynamic,18:06:01,18:36:01,2026/06/09,2026/06/09,866726066636401,405856151004844,2405:200:5213:25:3903:110:2:36,Jionet,4058560c345c000,4058560c345c000,2026/06/09 18:20:34,83.491,18630,30560,HOME,Bihar,
,,,,,917301042183,917301042183,2409:40e4:5f:f470:88cf:15ff:fe1e:c13,43852,,,2001:4860:4802:36::9e,443,Dynamic,18:06:01,18:36:01,2026/06/09,2026/06/09,866726066636401,405856151004844,2405:200:5213:25:3903:110:2:36,Jionet,4058560c345c000,4058560c345c000,2026/06/09 18:20:34,83.491,9610142,152408233,HOME,Bihar,
,,,,,917301042183,917301042183,2409:40e4:5f:f470:88cf:15ff:fe1e:c13,38530,,,2001:4860:4802:38::223,443,Dynamic,18:06:01,18:36:01,2026/06/09,2026/06/09,866726066636401,405856151004844,2405:200:5213:25:3903:110:2:36,Jionet,4058560c345c000,4058560c345c000,2026/06/09 18:22:04,79.003,18630,30560,HOME,Bihar,
,,,,,917301042183,917301042183,2409:40e4:5f:f470:88cf:15ff:fe1e:c13,38530,,,2001:4860:4802:38::223,443,Dynamic,18:06:01,18:36:01,2026/06/09,2026/06/09,866726066636401,405856151004844,2405:200:5213:25:3903:110:2:36,Jionet,4058560c345c000,4058560c345c000,2026/06/09 18:22:04,79.003,9610142,152408233,HOME,Bihar,
,,,,,917301042183,917301042183,2409:40e4:5f:f470:88cf:15ff:fe1e:c13,49792,,,2606:4700:99e6:e698:159e:4c5:cd03:93d7,443,Dynamic,18:06:01,18:36:01,2026/06/09,2026/06/09,866726066636401,405856151004844,2405:200:5213:25:3903:110:2:36,Jionet,4058560c345c000,4058560c345c000,2026/06/09 18:23:05,26.919,18630,30560,HOME,Bihar,
,,,,,917301042183,917301042183,2409:40e4:5f:f470:88cf:15ff:fe1e:c13,49792,,,2606:4700:99e6:e698:159e:4c5:cd03:93d7,443,Dynamic,18:06:01,18:36:01,2026/06/09,2026/06/09,866726066636401,405856151004844,2405:200:5213:25:3903:110:2:36,Jionet,4058560c345c000,4058560c345c000,2026/06/09 18:23:05,26.919,9610142,152408233,HOME,Bihar,
,,,,,917301042183,917301042183,2409:40e4:5f:f470:88cf:15ff:fe1e:c13,47156,,,2404:6800:4003:c01::5c,443,Dynamic,18:06:01,18:36:01,2026/06/09,2026/06/09,866726066636401,405856151004844,2405:200:5213:25:3903:110:2:36,Jionet,4058560c345c000,4058560c345c000,2026/06/09 18:22:28,54.68,18630,30560,HOME,Bihar,
,,,,,917301042183,917301042183,2409:40e4:5f:f470:88cf:15ff:fe1e:c13,47156,,,2404:6800:4003:c01::5c,443,Dynamic,18:06:01,18:36:01,2026/06/09,2026/06/09,866726066636401,405856151004844,2405:200:5213:25:3903:110:2:36,Jionet,4058560c345c000,4058560c345c000,2026/06/09 18:22:28,54.68,9610142,152408233,HOME,Bihar,
,,,,,917301042183,917301042183,2409:40e4:5f:f470:88cf:15ff:fe1e:c13,39066,,,2606:4700:99e6:e698:15a6:4c5:cd03:93d7,443,Dynamic,18:06:01,18:36:01,2026/06/09,2026/06/09,866726066636401,405856151004844,2405:200:5213:25:3903:110:2:36,Jionet,4058560c345c000,4058560c345c000,2026/06/09 18:23:06,25.483,18630,30560,HOME,Bihar,
,,,,,917301042183,917301042183,2409:40e4:5f:f470:88cf:15ff:fe1e:c13,39066,,,2606:4700:99e6:e698:15a6:4c5:cd03:93d7,443,Dynamic,18:06:01,18:36:01,2026/06/09,2026/06/09,866726066636401,405856151004844,2405:200:5213:25:3903:110:2:36,Jionet,4058560c345c000,4058560c345c000,2026/06/09 18:23:06,25.483,9610142,152408233,HOME,Bihar,
,,,,,917301042183,917301042183,2409:40e4:5f:f470:88cf:15ff:fe1e:c13,38994,,,2001:4860:4802:34::223,443,Dynamic,18:06:01,18:36:01,2026/06/09,2026/06/09,866726066636401,405856151004844,2405:200:5213:25:3903:110:2:36,Jionet,4058560c345c000,4058560c345c000,2026/06/09 18:22:06,76.32,18630,30560,HOME,Bihar,
,,,,,917301042183,917301042183,2409:40e4:5f:f470:88cf:15ff:fe1e:c13,38994,,,2001:4860:4802:34::223,443,Dynamic,18:06:01,18:36:01,2026/06/09,2026/06/09,866726066636401,405856151004844,2405:200:5213:25:3903:110:2:36,Jionet,4058560c345c000,4058560c345c000,2026/06/09 18:22:06,76.32,9610142,152408233,HOME,Bihar,
,,,,,917301042183,917301042183,2409:40e4:5f:f470:88cf:15ff:fe1e:c13,46289,,,2a03:2880:f347:8d:face:b00c:0:2,443,Dynamic,18:06:01,18:36:01,2026/06/09,2026/06/09,866726066636401,405856151004844,2405:200:5213:25:3903:110:2:36,Jionet,4058560c345c000,4058560c345c000,2026/06/09 18:12:06,665.852,18630,30560,HOME,Bihar,
,,,,,917301042183,917301042183,2409:40e4:5f:f470:88cf:15ff:fe1e:c13,46289,,,2a03:2880:f347:8d:face:b00c:0:2,443,Dynamic,18:06:01,18:36:01,2026/06/09,2026/06/09,866726066636401,405856151004844,2405:200:5213:25:3903:110:2:36,Jionet,4058560c345c000,4058560c345c000,2026/06/09 18:12:06,665.852,9610142,152408233,HOME,Bihar,
,,,,,917301042183,917301042183,2409:40e4:5f:f470:88cf:15ff:fe1e:c13,39692,,,2a03:2880:f347:90:face:b00c:0:8e,443,Dynamic,18:06:01,18:36:01,2026/06/09,2026/06/09,866726066636401,405856151004844,2405:200:5213:25:3903:110:2:36,Jionet,4058560c345c000,4058560c345c000,2026/06/09 18:22:57,20.251,18630,30560,HOME,Bihar,
,,,,,917301042183,917301042183,2409:40e4:5f:f470:88cf:15ff:fe1e:c13,39692,,,2a03:2880:f347:90:face:b00c:0:8e,443,Dynamic,18:06:01,18:36:01,2026/06/09,2026/06/09,866726066636401,405856151004844,2405:200:5213:25:3903:110:2:36,Jionet,4058560c345c000,4058560c345c000,2026/06/09 18:22:57,20.251,9610142,152408233,HOME,Bihar,
,,,,,917301042183,917301042183,2409:40e4:5f:f470:88cf:15ff:fe1e:c13,42678,,,2a03:2880:f346:3:face:b00c:0:4c63,443,Dynamic,18:06:01,18:36:01,2026/06/09,2026/06/09,866726066636401,405856151004844,2405:200:5213:25:3903:110:2:36,Jionet,4058560c345c000,4058560c345c000,2026/06/09 18:21:47,85.577,18630,30560,HOME,Bihar,
,,,,,917301042183,917301042183,2409:40e4:5f:f470:88cf:15ff:fe1e:c13,42678,,,2a03:2880:f346:3:face:b00c:0:4c63,443,Dynamic,18:06:01,18:36:01,2026/06/09,2026/06/09,866726066636401,405856151004844,2405:200:5213:25:3903:110:2:36,Jionet,4058560c345c000,4058560c345c000,2026/06/09 18:21:47,85.577,9610142,152408233,HOME,Bihar,
,,,,,917301042183,917301042183,2409:40e4:5f:f470:88cf:15ff:fe1e:c13,42083,,,2a03:2880:f322:136:face:b00c:0:b1,3478,Dynamic,17:51:44,18:06:01,2026/06/09,2026/06/09,866726066636401,405856151004844,2405:200:5213:25:3903:110:2:36,Jionet,405856044a330,4058560c345c000,2026/06/09 18:02:13,66.896,8624611,41418559,HOME,Bihar,
,,,,,917301042183,917301042183,2409:40e4:5f:f470:88cf:15ff:fe1e:c13,49388,,,2a03:2880:f322:120:face:b00c:0:167,443,Dynamic,17:51:44,18:06:01,2026/06/09,2026/06/09,866726066636401,405856151004844,2405:200:5213:25:3903:110:2:36,Jionet,405856044a330,4058560c345c000,2026/06/09 18:00:17,116.165,8624611,41418559,HOME,Bihar,
,,,,,917301042183,917301042183,2409:40e4:5f:f470:88cf:15ff:fe1e:c13,37534,,,2001:b28:f23f:f005::a,443,Dynamic,17:51:44,18:06:01,2026/06/09,2026/06/09,866726066636401,405856151004844,2405:200:5213:25:3903:110:2:36,Jionet,405856044a330,4058560c345c000,2026/06/09 18:01:11,30.959,8624611,41418559,HOME,Bihar,
,,,,,917301042183,917301042183,2409:40e4:5f:f470:88cf:15ff:fe1e:c13,42083,,,2a03:2880:f31f:136:face:b00c:0:b1,3478,Dynamic,17:51:44,18:06:01,2026/06/09,2026/06/09,866726066636401,405856151004844,2405:200:5213:25:3903:110:2:36,Jionet,405856044a330,4058560c345c000,2026/06/09 18:02:13,77.903,8624611,41418559,HOME,Bihar,
,,,,,917301042183,917301042183,2409:40e4:5f:f470:88cf:15ff:fe1e:c13,49699,,,2a03:2880:f36a:136:face:b00c:0:b1,3478,Dynamic,17:51:44,18:06:01,2026/06/09,2026/06/09,866726066636401,405856151004844,2405:200:5213:25:3903:110:2:36,Jionet,405856044a330,4058560c345c000,2026/06/09 18:01:16,69.912,8624611,41418559,HOME,Bihar,
,,,,,917301042183,917301042183,2409:40e4:5f:f470:88cf:15ff:fe1e:c13,45992,,,2a03:2880:f346:120:face:b00c:0:167,443,Dynamic,17:51:44,18:06:01,2026/06/09,2026/06/09,866726066636401,405856151004844,2405:200:5213:25:3903:110:2:36,Jionet,405856044a330,4058560c345c000,2026/06/09 18:00:39,72.329,8624611,41418559,HOME,Bihar,
,,,,,917301042183,917301042183,2409:40e4:5f:f470:88cf:15ff:fe1e:c13,42083,,,2a03:2880:f368:136:face:b00c:0:b1,3478,Dynamic,17:51:44,18:06:01,2026/06/09,2026/06/09,866726066636401,405856151004844,2405:200:5213:25:3903:110:2:36,Jionet,405856044a330,4058560c345c000,2026/06/09 18:02:13,69.199,8624611,41418559,HOME,Bihar,
,,,,,917301042183,917301042183,2409:40e4:5f:f470:88cf:15ff:fe1e:c13,49699,,,2a03:2880:f288:1c6:face:b00c:0:177,3478,Dynamic,17:51:44,18:06:01,2026/06/09,2026/06/09,866726066636401,405856151004844,2405:200:5213:25:3903:110:2:36,Jionet,405856044a330,4058560c345c000,2026/06/09 18:01:16,88.293,8624611,41418559,HOME,Bihar,
,,,,,917301042183,917301042183,2409:40e4:5f:f470:88cf:15ff:fe1e:c13,49630,,,2001:67c:4e8:f002::b,443,Dynamic,17:51:44,18:06:01,2026/06/09,2026/06/09,866726066636401,405856151004844,2405:200:5213:25:3903:110:2:36,Jionet,405856044a330,4058560c345c000,2026/06/09 18:01:14,28.216,8624611,41418559,HOME,Bihar,
,,,,,917301042183,917301042183,2409:40e4:5f:f470:88cf:15ff:fe1e:c13,49586,,,2001:4860:4802:34::223,443,Dynamic,17:51:44,18:06:01,2026/06/09,2026/06/09,866726066636401,405856151004844,2405:200:5213:25:3903:110:2:36,Jionet,405856044a330,4058560c345c000,2026/06/09 18:00:23,113.173,8624611,41418559,HOME,Bihar,
,,,,,917301042183,917301042183,2409:40e4:5f:f470:88cf:15ff:fe1e:c13,37538,,,2001:b28:f23f:f005::a,443,Dynamic,17:51:44,18:06:01,2026/06/09,2026/06/09,866726066636401,405856151004844,2405:200:5213:25:3903:110:2:36,Jionet,405856044a330,4058560c345c000,2026/06/09 18:01:15,26.872,8624611,41418559,HOME,Bihar,
,,,,,917301042183,917301042183,2409:40e4:5f:f470:88cf:15ff:fe1e:c13,39183,,,2001:4860:4802:38::223,443,Dynamic,17:51:44,18:06:01,2026/06/09,2026/06/09,866726066636401,405856151004844,2405:200:5213:25:3903:110:2:36,Jionet,405856044a330,4058560c345c000,2026/06/09 18:00:31,100.36,8624611,41418559,HOME,Bihar,
,,,,,917301042183,917301042183,2409:40e4:5f:f470:88cf:15ff:fe1e:c13,49699,,,2a03:2880:f346:136:face:b00c:0:b1,3478,Dynamic,17:51:44,18:06:01,2026/06/09,2026/06/09,866726066636401,405856151004844,2405:200:5213:25:3903:110:2:36,Jionet,405856044a330,4058560c345c000,2026/06/09 18:01:16,63.42,8624611,41418559,HOME,Bihar,
,,,,,917301042183,917301042183,2409:40e4:5f:f470:88cf:15ff:fe1e:c13,38822,,,2a03:2880:f347:3:face:b00c:0:4c63,443,Dynamic,18:06:01,18:36:01,2026/06/09,2026/06/09,866726066636401,405856151004844,2405:200:5213:25:3903:110:2:36,Jionet,4058560c345c000,4058560c345c000,2026/06/09 18:14:18,184.692,18630,30560,HOME,Bihar,
,,,,,917301042183,917301042183,2409:40e4:5f:f470:88cf:15ff:fe1e:c13,38822,,,2a03:2880:f347:3:face:b00c:0:4c63,443,Dynamic,18:06:01,18:36:01,2026/06/09,2026/06/09,866726066636401,405856151004844,2405:200:5213:25:3903:110:2:36,Jionet,4058560c345c000,4058560c345c000,2026/06/09 18:14:18,184.692,9610142,152408233,HOME,Bihar,
,,,,,917301042183,917301042183,2409:40e4:5f:f470:88cf:15ff:fe1e:c13,38396,,,2a03:2880:f346:24:face:b00c:0:6e2e,5222,Dynamic,18:06:01,18:36:01,2026/06/09,2026/06/09,866726066636401,405856151004844,2405:200:5213:25:3903:110:2:36,Jionet,4058560c345c000,4058560c345c000,2026/06/09 18:13:44,168.012,18630,30560,HOME,Bihar,
,,,,,917301042183,917301042183,2409:40e4:5f:f470:88cf:15ff:fe1e:c13,38396,,,2a03:2880:f346:24:face:b00c:0:6e2e,5222,Dynamic,18:06:01,18:36:01,2026/06/09,2026/06/09,866726066636401,405856151004844,2405:200:5213:25:3903:110:2:36,Jionet,4058560c345c000,4058560c345c000,2026/06/09 18:13:44,168.012,9610142,152408233,HOME,Bihar,
,,,,,917301042183,917301042183,2409:40e4:5f:f470:88cf:15ff:fe1e:c13,38260,,,2a03:2880:f346:24:face:b00c:0:6e2e,5222,Dynamic,18:06:01,18:36:01,2026/06/09,2026/06/09,866726066636401,405856151004844,2405:200:5213:25:3903:110:2:36,Jionet,4058560c345c000,4058560c345c000,2026/06/09 18:13:58,176.204,18630,30560,HOME,Bihar,
,,,,,917301042183,917301042183,2409:40e4:5f:f470:88cf:15ff:fe1e:c13,38260,,,2a03:2880:f346:24:face:b00c:0:6e2e,5222,Dynamic,18:06:01,18:36:01,2026/06/09,2026/06/09,866726066636401,405856151004844,2405:200:5213:25:3903:110:2:36,Jionet,4058560c345c000,4058560c345c000,2026/06/09 18:13:58,176.204,9610142,152408233,HOME,Bihar,
,,,,,917301042183,917301042183,2409:40e4:5f:f470:88cf:15ff:fe1e:c13,37886,,,2a03:2880:f347:90:face:b00c:0:8e,443,Dynamic,17:51:44,18:06:01,2026/06/09,2026/06/09,866726066636401,405856151004844,2405:200:5213:25:3903:110:2:36,Jionet,405856044a330,4058560c345c000,2026/06/09 18:04:08,716.756,8624611,41418559,HOME,Bihar,
,,,,,917301042183,917301042183,2409:40e4:5f:f470:88cf:15ff:fe1e:c13,47182,,,2404:6800:4003:c03::bc,5228,Dynamic,18:06:01,18:36:01,2026/06/09,2026/06/09,866726066636401,405856151004844,2405:200:5213:25:3903:110:2:36,Jionet,4058560c345c000,4058560c345c000,2026/06/09 18:15:05,120.972,18630,30560,HOME,Bihar,
,,,,,917301042183,917301042183,2409:40e4:5f:f470:88cf:15ff:fe1e:c13,47182,,,2404:6800:4003:c03::bc,5228,Dynamic,18:06:01,18:36:01,2026/06/09,2026/06/09,866726066636401,405856151004844,2405:200:5213:25:3903:110:2:36,Jionet,4058560c345c000,4058560c345c000,2026/06/09 18:15:05,120.972,9610142,152408233,HOME,Bihar,
,,,,,917301042183,917301042183,2409:40e4:5f:f470:88cf:15ff:fe1e:c13,49592,,,2405:200:1613:2885:face:b00c:3333:7020,443,Dynamic,18:06:01,18:36:01,2026/06/09,2026/06/09,866726066636401,405856151004844,2405:200:5213:25:3903:110:2:36,Jionet,4058560c345c000,4058560c345c000,2026/06/09 18:15:06,73.143,18630,30560,HOME,Bihar,
,,,,,917301042183,917301042183,2409:40e4:5f:f470:88cf:15ff:fe1e:c13,49592,,,2405:200:1613:2885:face:b00c:3333:7020,443,Dynamic,18:06:01,18:36:01,2026/06/09,2026/06/09,866726066636401,405856151004844,2405:200:5213:25:3903:110:2:36,Jionet,4058560c345c000,4058560c345c000,2026/06/09 18:15:06,73.143,9610142,152408233,HOME,Bihar,
,,,,,917301042183,917301042183,2409:40e4:5f:f470:88cf:15ff:fe1e:c13,43644,,,2a03:2880:f346:8d:face:b00c:0:2,443,Dynamic,18:36:01,19:06:01,2026/06/09,2026/06/09,866726066636401,405856151004844,2405:200:5213:25:3903:110:2:36,Jionet,4058560c345c000,4058560c345c000,2026/06/09 18:48:03,11.507,2481011,13623995,HOME,Bihar,
,,,,,917301042183,917301042183,2409:40e4:5f:f470:88cf:15ff:fe1e:c13,43644,,,2a03:2880:f346:8d:face:b00c:0:2,443,Dynamic,18:36:01,19:06:01,2026/06/09,2026/06/09,866726066636401,405856151004844,2405:200:5213:25:3903:110:2:36,Jionet,4058560c345c000,4058560c345c000,2026/06/09 18:48:03,11.507,15919,31757,HOME,Bihar,
,,,,,917301042183,917301042183,2409:40e4:5f:f470:88cf:15ff:fe1e:c13,42678,,,2a03:2880:f346:3:face:b00c:0:4c63,443,Dynamic,18:36:01,19:06:01,2026/06/09,2026/06/09,866726066636401,405856151004844,2405:200:5213:25:3903:110:2:36,Jionet,4058560c345c000,4058560c345c000,2026/06/09 18:47:47,85.552,2481011,13623995,HOME,Bihar,
,,,,,917301042183,917301042183,2409:40e4:5f:f470:88cf:15ff:fe1e:c13,42678,,,2a03:2880:f346:3:face:b00c:0:4c63,443,Dynamic,18:36:01,19:06:01,2026/06/09,2026/06/09,866726066636401,405856151004844,2405:200:5213:25:3903:110:2:36,Jionet,4058560c345c000,4058560c345c000,2026/06/09 18:47:47,85.552,15919,31757,HOME,Bihar,
,,,,,917301042183,917301042183,2409:40e4:5f:f470:88cf:15ff:fe1e:c13,42700,,,2a03:2880:f346:3:face:b00c:0:4c63,443,Dynamic,18:36:01,19:06:01,2026/06/09,2026/06/09,866726066636401,405856151004844,2405:200:5213:25:3903:110:2:36,Jionet,4058560c345c000,4058560c345c000,2026/06/09 18:47:48,62.776,2481011,13623995,HOME,Bihar,
,,,,,917301042183,917301042183,2409:40e4:5f:f470:88cf:15ff:fe1e:c13,42700,,,2a03:2880:f346:3:face:b00c:0:4c63,443,Dynamic,18:36:01,19:06:01,2026/06/09,2026/06/09,866726066636401,405856151004844,2405:200:5213:25:3903:110:2:36,Jionet,4058560c345c000,4058560c345c000,2026/06/09 18:47:48,62.776,15919,31757,HOME,Bihar,
,,,,,917301042183,917301042183,2409:40e4:5f:f470:88cf:15ff:fe1e:c13,40706,,,2600:140f:7::17d4:a429,443,Dynamic,18:36:01,19:06:01,2026/06/09,2026/06/09,866726066636401,405856151004844,2405:200:5213:25:3903:110:2:36,Jionet,4058560c345c000,4058560c345c000,2026/06/09 18:48:19,66.916,2481011,13623995,HOME,Bihar,
,,,,,917301042183,917301042183,2409:40e4:5f:f470:88cf:15ff:fe1e:c13,40706,,,2600:140f:7::17d4:a429,443,Dynamic,18:36:01,19:06:01,2026/06/09,2026/06/09,866726066636401,405856151004844,2405:200:5213:25:3903:110:2:36,Jionet,4058560c345c000,4058560c345c000,2026/06/09 18:48:19,66.916,15919,31757,HOME,Bihar,
,,,,,917301042183,917301042183,2409:40e4:5f:f470:88cf:15ff:fe1e:c13,47182,,,2404:6800:4003:c03::bc,5228,Dynamic,18:36:01,19:06:01,2026/06/09,2026/06/09,866726066636401,405856151004844,2405:200:5213:25:3903:110:2:36,Jionet,4058560c345c000,4058560c345c000,2026/06/09 18:47:31,95.121,2481011,13623995,HOME,Bihar,
,,,,,917301042183,917301042183,2409:40e4:5f:f470:88cf:15ff:fe1e:c13,47182,,,2404:6800:4003:c03::bc,5228,Dynamic,18:36:01,19:06:01,2026/06/09,2026/06/09,866726066636401,405856151004844,2405:200:5213:25:3903:110:2:36,Jionet,4058560c345c000,4058560c345c000,2026/06/09 18:47:31,95.121,15919,31757,HOME,Bihar,
,,,,,917301042183,917301042183,2409:40e4:5f:f470:88cf:15ff:fe1e:c13,38822,,,2a03:2880:f347:3:face:b00c:0:4c63,443,Dynamic,18:36:01,19:06:01,2026/06/09,2026/06/09,866726066636401,405856151004844,2405:200:5213:25:3903:110:2:36,Jionet,4058560c345c000,4058560c345c000,2026/06/09 18:46:21,182.121,2481011,13623995,HOME,Bihar,
,,,,,917301042183,917301042183,2409:40e4:5f:f470:88cf:15ff:fe1e:c13,38822,,,2a03:2880:f347:3:face:b00c:0:4c63,443,Dynamic,18:36:01,19:06:01,2026/06/09,2026/06/09,866726066636401,405856151004844,2405:200:5213:25:3903:110:2:36,Jionet,4058560c345c000,4058560c345c000,2026/06/09 18:46:21,182.121,15919,31757,HOME,Bihar,
,,,,,917301042183,917301042183,2409:40e4:5f:f470:88cf:15ff:fe1e:c13,37250,,,2a03:2880:f322:120:face:b00c:0:167,443,Dynamic,18:36:01,19:06:01,2026/06/09,2026/06/09,866726066636401,405856151004844,2405:200:5213:25:3903:110:2:36,Jionet,4058560c345c000,4058560c345c000,2026/06/09 18:48:06,73.983,2481011,13623995,HOME,Bihar,
,,,,,917301042183,917301042183,2409:40e4:5f:f470:88cf:15ff:fe1e:c13,37250,,,2a03:2880:f322:120:face:b00c:0:167,443,Dynamic,18:36:01,19:06:01,2026/06/09,2026/06/09,866726066636401,405856151004844,2405:200:5213:25:3903:110:2:36,Jionet,4058560c345c000,4058560c345c000,2026/06/09 18:48:06,73.983,15919,31757,HOME,Bihar,
,,,,,917301042183,917301042183,2409:40e4:5f:f470:88cf:15ff:fe1e:c13,42678,,,2a03:2880:f346:3:face:b00c:0:4c63,443,Dynamic,18:06:01,18:36:01,2026/06/09,2026/06/09,866726066636401,405856151004844,2405:200:5213:25:3903:110:2:36,Jionet,4058560c345c000,4058560c345c000,2026/06/09 18:34:47,85.359,18630,30560,HOME,Bihar,
,,,,,917301042183,917301042183,2409:40e4:5f:f470:88cf:15ff:fe1e:c13,42678,,,2a03:2880:f346:3:face:b00c:0:4c63,443,Dynamic,18:06:01,18:36:01,2026/06/09,2026/06/09,866726066636401,405856151004844,2405:200:5213:25:3903:110:2:36,Jionet,4058560c345c000,4058560c345c000,2026/06/09 18:34:47,85.359,9610142,152408233,HOME,Bihar,
,,,,,917301042183,917301042183,2409:40e4:5f:f470:88cf:15ff:fe1e:c13,42700,,,2a03:2880:f346:3:face:b00c:0:4c63,443,Dynamic,18:06:01,18:36:01,2026/06/09,2026/06/09,866726066636401,405856151004844,2405:200:5213:25:3903:110:2:36,Jionet,4058560c345c000,4058560c345c000,2026/06/09 18:34:48,62.789,18630,30560,HOME,Bihar,
,,,,,917301042183,917301042183,2409:40e4:5f:f470:88cf:15ff:fe1e:c13,42700,,,2a03:2880:f346:3:face:b00c:0:4c63,443,Dynamic,18:06:01,18:36:01,2026/06/09,2026/06/09,866726066636401,405856151004844,2405:200:5213:25:3903:110:2:36,Jionet,4058560c345c000,4058560c345c000,2026/06/09 18:34:48,62.789,9610142,152408233,HOME,Bihar,
,,,,,917301042183,917301042183,2409:40e4:5f:f470:88cf:15ff:fe1e:c13,44598,,,2001:4860:4802:32::223,443,Dynamic,18:06:01,18:36:01,2026/06/09,2026/06/09,866726066636401,405856151004844,2405:200:5213:25:3903:110:2:36,Jionet,4058560c345c000,4058560c345c000,2026/06/09 18:34:51,105.532,18630,30560,HOME,Bihar,
,,,,,917301042183,917301042183,2409:40e4:5f:f470:88cf:15ff:fe1e:c13,44598,,,2001:4860:4802:32::223,443,Dynamic,18:06:01,18:36:01,2026/06/09,2026/06/09,866726066636401,405856151004844,2405:200:5213:25:3903:110:2:36,Jionet,4058560c345c000,4058560c345c000,2026/06/09 18:34:51,105.532,9610142,152408233,HOME,Bihar,
,,,,,917301042183,917301042183,2409:40e4:5f:f470:88cf:15ff:fe1e:c13,44196,,,2a03:2880:f346:3:face:b00c:0:4c63,443,Dynamic,18:06:01,18:36:01,2026/06/09,2026/06/09,866726066636401,405856151004844,2405:200:5213:25:3903:110:2:36,Jionet,4058560c345c000,4058560c345c000,2026/06/09 18:34:11,100.667,18630,30560,HOME,Bihar,
,,,,,917301042183,917301042183,2409:40e4:5f:f470:88cf:15ff:fe1e:c13,44196,,,2a03:2880:f346:3:face:b00c:0:4c63,443,Dynamic,18:06:01,18:36:01,2026/06/09,2026/06/09,866726066636401,405856151004844,2405:200:5213:25:3903:110:2:36,Jionet,4058560c345c000,4058560c345c000,2026/06/09 18:34:11,100.667,9610142,152408233,HOME,Bihar,
,,,,,917301042183,917301042183,2409:40e4:5f:f470:88cf:15ff:fe1e:c13,42690,,,2a03:2880:f346:3:face:b00c:0:4c63,443,Dynamic,18:06:01,18:36:01,2026/06/09,2026/06/09,866726066636401,405856151004844,2405:200:5213:25:3903:110:2:36,Jionet,4058560c345c000,4058560c345c000,2026/06/09 18:34:47,112.404,18630,30560,HOME,Bihar,
,,,,,917301042183,917301042183,2409:40e4:5f:f470:88cf:15ff:fe1e:c13,42690,,,2a03:2880:f346:3:face:b00c:0:4c63,443,Dynamic,18:06:01,18:36:01,2026/06/09,2026/06/09,866726066636401,405856151004844,2405:200:5213:25:3903:110:2:36,Jionet,4058560c345c000,4058560c345c000,2026/06/09 18:34:47,112.404,9610142,152408233,HOME,Bihar,
,,,,,917301042183,917301042183,2409:40e4:5f:f470:88cf:15ff:fe1e:c13,37276,,,2405:200:1630:ff74:face:b00c:3333:7020,443,Dynamic,18:06:01,18:36:01,2026/06/09,2026/06/09,866726066636401,405856151004844,2405:200:5213:25:3903:110:2:36,Jionet,4058560c345c000,4058560c345c000,2026/06/09 18:34:14,91.824,18630,30560,HOME,Bihar,
,,,,,917301042183,917301042183,2409:40e4:5f:f470:88cf:15ff:fe1e:c13,37276,,,2405:200:1630:ff74:face:b00c:3333:7020,443,Dynamic,18:06:01,18:36:01,2026/06/09,2026/06/09,866726066636401,405856151004844,2405:200:5213:25:3903:110:2:36,Jionet,4058560c345c000,4058560c345c000,2026/06/09 18:34:14,91.824,9610142,152408233,HOME,Bihar,
,,,,,917301042183,917301042183,2409:40e4:5f:f470:88cf:15ff:fe1e:c13,37936,,,2a03:2880:f346:8d:face:b00c:0:2,443,Dynamic,18:06:01,18:36:01,2026/06/09,2026/06/09,866726066636401,405856151004844,2405:200:5213:25:3903:110:2:36,Jionet,4058560c345c000,4058560c345c000,2026/06/09 18:35:30,11.484,18630,30560,HOME,Bihar,
,,,,,917301042183,917301042183,2409:40e4:5f:f470:88cf:15ff:fe1e:c13,37936,,,2a03:2880:f346:8d:face:b00c:0:2,443,Dynamic,18:06:01,18:36:01,2026/06/09,2026/06/09,866726066636401,405856151004844,2405:200:5213:25:3903:110:2:36,Jionet,4058560c345c000,4058560c345c000,2026/06/09 18:35:30,11.484,9610142,152408233,HOME,Bihar,
,,,,,917301042183,917301042183,2409:40e4:5f:f470:88cf:15ff:fe1e:c13,42678,,,2a03:2880:f346:3:face:b00c:0:4c63,443,Dynamic,18:06:01,18:36:01,2026/06/09,2026/06/09,866726066636401,405856151004844,2405:200:5213:25:3903:110:2:36,Jionet,4058560c345c000,4058560c345c000,2026/06/09 18:30:27,105.573,18630,30560,HOME,Bihar,
,,,,,917301042183,917301042183,2409:40e4:5f:f470:88cf:15ff:fe1e:c13,42678,,,2a03:2880:f346:3:face:b00c:0:4c63,443,Dynamic,18:06:01,18:36:01,2026/06/09,2026/06/09,866726066636401,405856151004844,2405:200:5213:25:3903:110:2:36,Jionet,4058560c345c000,4058560c345c000,2026/06/09 18:30:27,105.573,9610142,152408233,HOME,Bihar,
,,,,,917301042183,917301042183,2409:40e4:5f:f470:88cf:15ff:fe1e:c13,42700,,,2a03:2880:f346:3:face:b00c:0:4c63,443,Dynamic,18:06:01,18:36:01,2026/06/09,2026/06/09,866726066636401,405856151004844,2405:200:5213:25:3903:110:2:36,Jionet,4058560c345c000,4058560c345c000,2026/06/09 18:30:28,82.8,18630,30560,HOME,Bihar,
,,,,,917301042183,917301042183,2409:40e4:5f:f470:88cf:15ff:fe1e:c13,42700,,,2a03:2880:f346:3:face:b00c:0:4c63,443,Dynamic,18:06:01,18:36:01,2026/06/09,2026/06/09,866726066636401,405856151004844,2405:200:5213:25:3903:110:2:36,Jionet,4058560c345c000,4058560c345c000,2026/06/09 18:30:28,82.8,9610142,152408233,HOME,Bihar,
,,,,,917301042183,917301042183,2409:40e4:5f:f470:88cf:15ff:fe1e:c13,42668,,,2a03:2880:f346:3:face:b00c:0:4c63,443,Dynamic,18:06:01,18:36:01,2026/06/09,2026/06/09,866726066636401,405856151004844,2405:200:5213:25:3903:110:2:36,Jionet,4058560c345c000,4058560c345c000,2026/06/09 18:30:27,68.782,18630,30560,HOME,Bihar,
,,,,,917301042183,917301042183,2409:40e4:5f:f470:88cf:15ff:fe1e:c13,42668,,,2a03:2880:f346:3:face:b00c:0:4c63,443,Dynamic,18:06:01,18:36:01,2026/06/09,2026/06/09,866726066636401,405856151004844,2405:200:5213:25:3903:110:2:36,Jionet,4058560c345c000,4058560c345c000,2026/06/09 18:30:27,68.782,9610142,152408233,HOME,Bihar,
,,,,,917301042183,917301042183,2409:40e4:5f:f470:88cf:15ff:fe1e:c13,44196,,,2a03:2880:f346:3:face:b00c:0:4c63,443,Dynamic,18:06:01,18:36:01,2026/06/09,2026/06/09,866726066636401,405856151004844,2405:200:5213:25:3903:110:2:36,Jionet,4058560c345c000,4058560c345c000,2026/06/09 18:27:56,235.459,18630,30560,HOME,Bihar,
,,,,,917301042183,917301042183,2409:40e4:5f:f470:88cf:15ff:fe1e:c13,44196,,,2a03:2880:f346:3:face:b00c:0:4c63,443,Dynamic,18:06:01,18:36:01,2026/06/09,2026/06/09,866726066636401,405856151004844,2405:200:5213:25:3903:110:2:36,Jionet,4058560c345c000,4058560c345c000,2026/06/09 18:27:56,235.459,9610142,152408233,HOME,Bihar,
,,,,,917301042183,917301042183,2409:40e4:5f:f470:88cf:15ff:fe1e:c13,42690,,,2a03:2880:f346:3:face:b00c:0:4c63,443,Dynamic,18:06:01,18:36:01,2026/06/09,2026/06/09,866726066636401,405856151004844,2405:200:5213:25:3903:110:2:36,Jionet,4058560c345c000,4058560c345c000,2026/06/09 18:30:27,72.681,18630,30560,HOME,Bihar,
,,,,,917301042183,917301042183,2409:40e4:5f:f470:88cf:15ff:fe1e:c13,42690,,,2a03:2880:f346:3:face:b00c:0:4c63,443,Dynamic,18:06:01,18:36:01,2026/06/09,2026/06/09,866726066636401,405856151004844,2405:200:5213:25:3903:110:2:36,Jionet,4058560c345c000,4058560c345c000,2026/06/09 18:30:27,72.681,9610142,152408233,HOME,Bihar,
,,,,,917301042183,917301042183,2409:40e4:5f:f470:88cf:15ff:fe1e:c13,44196,,,2a03:2880:f346:3:face:b00c:0:4c63,443,Dynamic,18:36:01,19:06:01,2026/06/09,2026/06/09,866726066636401,405856151004844,2405:200:5213:25:3903:110:2:36,Jionet,4058560c345c000,4058560c345c000,2026/06/09 18:37:52,119.219,2481011,13623995,HOME,Bihar,
,,,,,917301042183,917301042183,2409:40e4:5f:f470:88cf:15ff:fe1e:c13,44196,,,2a03:2880:f346:3:face:b00c:0:4c63,443,Dynamic,18:36:01,19:06:01,2026/06/09,2026/06/09,866726066636401,405856151004844,2405:200:5213:25:3903:110:2:36,Jionet,4058560c345c000,4058560c345c000,2026/06/09 18:37:52,119.219,15919,31757,HOME,Bihar,
,,,,,917301042183,917301042183,2409:40e4:5f:f470:88cf:15ff:fe1e:c13,48854,,,2404:6800:4000:1017::5e,443,Dynamic,18:36:01,19:06:01,2026/06/09,2026/06/09,866726066636401,405856151004844,2405:200:5213:25:3903:110:2:36,Jionet,4058560c345c000,4058560c345c000,2026/06/09 18:39:09,77.908,2481011,13623995,HOME,Bihar,
,,,,,917301042183,917301042183,2409:40e4:5f:f470:88cf:15ff:fe1e:c13,48854,,,2404:6800:4000:1017::5e,443,Dynamic,18:36:01,19:06:01,2026/06/09,2026/06/09,866726066636401,405856151004844,2405:200:5213:25:3903:110:2:36,Jionet,4058560c345c000,4058560c345c000,2026/06/09 18:39:09,77.908,15919,31757,HOME,Bihar,
,,,,,917301042183,917301042183,2409:40e4:5f:f470:88cf:15ff:fe1e:c13,42700,,,2a03:2880:f346:3:face:b00c:0:4c63,443,Dynamic,18:36:01,19:06:01,2026/06/09,2026/06/09,866726066636401,405856151004844,2405:200:5213:25:3903:110:2:36,Jionet,4058560c345c000,4058560c345c000,2026/06/09 18:39:08,102.756,2481011,13623995,HOME,Bihar,
,,,,,917301042183,917301042183,2409:40e4:5f:f470:88cf:15ff:fe1e:c13,42700,,,2a03:2880:f346:3:face:b00c:0:4c63,443,Dynamic,18:36:01,19:06:01,2026/06/09,2026/06/09,866726066636401,405856151004844,2405:200:5213:25:3903:110:2:36,Jionet,4058560c345c000,4058560c345c000,2026/06/09 18:39:08,102.756,15919,31757,HOME,Bihar,
,,,,,917301042183,917301042183,2409:40e4:5f:f470:88cf:15ff:fe1e:c13,42678,,,2a03:2880:f346:3:face:b00c:0:4c63,443,Dynamic,18:36:01,19:06:01,2026/06/09,2026/06/09,866726066636401,405856151004844,2405:200:5213:25:3903:110:2:36,Jionet,4058560c345c000,4058560c345c000,2026/06/09 18:39:07,65.553,2481011,13623995,HOME,Bihar,
,,,,,917301042183,917301042183,2409:40e4:5f:f470:88cf:15ff:fe1e:c13,42678,,,2a03:2880:f346:3:face:b00c:0:4c63,443,Dynamic,18:36:01,19:06:01,2026/06/09,2026/06/09,866726066636401,405856151004844,2405:200:5213:25:3903:110:2:36,Jionet,4058560c345c000,4058560c345c000,2026/06/09 18:39:07,65.553,15919,31757,HOME,Bihar,
,,,,,917301042183,917301042183,2409:40e4:5f:f470:88cf:15ff:fe1e:c13,43730,,,2600:9000:2738:5600:19:14ed:c7c0:93a1,443,Dynamic,18:36:01,19:06:01,2026/06/09,2026/06/09,866726066636401,405856151004844,2405:200:5213:25:3903:110:2:36,Jionet,4058560c345c000,4058560c345c000,2026/06/09 18:40:35,6.232,2481011,13623995,HOME,Bihar,
,,,,,917301042183,917301042183,2409:40e4:5f:f470:88cf:15ff:fe1e:c13,43730,,,2600:9000:2738:5600:19:14ed:c7c0:93a1,443,Dynamic,18:36:01,19:06:01,2026/06/09,2026/06/09,866726066636401,405856151004844,2405:200:5213:25:3903:110:2:36,Jionet,4058560c345c000,4058560c345c000,2026/06/09 18:40:35,6.232,15919,31757,HOME,Bihar,
,,,,,917301042183,917301042183,2409:40e4:5f:f470:88cf:15ff:fe1e:c13,45801,,,2001:4860:4802:34::223,443,Dynamic,18:36:01,19:06:01,2026/06/09,2026/06/09,866726066636401,405856151004844,2405:200:5213:25:3903:110:2:36,Jionet,4058560c345c000,4058560c345c000,2026/06/09 18:39:11,80.84,2481011,13623995,HOME,Bihar,
,,,,,917301042183,917301042183,2409:40e4:5f:f470:88cf:15ff:fe1e:c13,45801,,,2001:4860:4802:34::223,443,Dynamic,18:36:01,19:06:01,2026/06/09,2026/06/09,866726066636401,405856151004844,2405:200:5213:25:3903:110:2:36,Jionet,4058560c345c000,4058560c345c000,2026/06/09 18:39:11,80.84,15919,31757,HOME,Bihar,
,,,,,917301042183,917301042183,2409:40e4:5f:f470:88cf:15ff:fe1e:c13,49448,,,2a03:2880:f347:8d:face:b00c:0:2,443,Dynamic,18:36:01,19:06:01,2026/06/09,2026/06/09,866726066636401,405856151004844,2405:200:5213:25:3903:110:2:36,Jionet,4058560c345c000,4058560c345c000,2026/06/09 18:40:30,11.614,2481011,13623995,HOME,Bihar,
,,,,,917301042183,917301042183,2409:40e4:5f:f470:88cf:15ff:fe1e:c13,49448,,,2a03:2880:f347:8d:face:b00c:0:2,443,Dynamic,18:36:01,19:06:01,2026/06/09,2026/06/09,866726066636401,405856151004844,2405:200:5213:25:3903:110:2:36,Jionet,4058560c345c000,4058560c345c000,2026/06/09 18:40:30,11.614,15919,31757,HOME,Bihar,
,,,,,917301042183,917301042183,2409:40e4:5f:f470:88cf:15ff:fe1e:c13,42668,,,2a03:2880:f346:3:face:b00c:0:4c63,443,Dynamic,18:36:01,19:06:01,2026/06/09,2026/06/09,866726066636401,405856151004844,2405:200:5213:25:3903:110:2:36,Jionet,4058560c345c000,4058560c345c000,2026/06/09 18:39:07,88.761,2481011,13623995,HOME,Bihar,
,,,,,917301042183,917301042183,2409:40e4:5f:f470:88cf:15ff:fe1e:c13,42668,,,2a03:2880:f346:3:face:b00c:0:4c63,443,Dynamic,18:36:01,19:06:01,2026/06/09,2026/06/09,866726066636401,405856151004844,2405:200:5213:25:3903:110:2:36,Jionet,4058560c345c000,4058560c345c000,2026/06/09 18:39:07,88.761,15919,31757,HOME,Bihar,
,,,,,917301042183,917301042183,2409:40e4:5f:f470:88cf:15ff:fe1e:c13,42690,,,2a03:2880:f346:3:face:b00c:0:4c63,443,Dynamic,18:36:01,19:06:01,2026/06/09,2026/06/09,866726066636401,405856151004844,2405:200:5213:25:3903:110:2:36,Jionet,4058560c345c000,4058560c345c000,2026/06/09 18:39:07,92.685,2481011,13623995,HOME,Bihar,
,,,,,917301042183,917301042183,2409:40e4:5f:f470:88cf:15ff:fe1e:c13,42690,,,2a03:2880:f346:3:face:b00c:0:4c63,443,Dynamic,18:36:01,19:06:01,2026/06/09,2026/06/09,866726066636401,405856151004844,2405:200:5213:25:3903:110:2:36,Jionet,4058560c345c000,4058560c345c000,2026/06/09 18:39:07,92.685,15919,31757,HOME,Bihar,
,,,,,917301042183,917301042183,2409:40e4:5f:f470:88cf:15ff:fe1e:c13,45244,,,2600:9000:2738:ee00:3:145:eb40:93a1,443,Dynamic,18:36:01,19:06:01,2026/06/09,2026/06/09,866726066636401,405856151004844,2405:200:5213:25:3903:110:2:36,Jionet,4058560c345c000,4058560c345c000,2026/06/09 18:40:35,6.135,2481011,13623995,HOME,Bihar,
,,,,,917301042183,917301042183,2409:40e4:5f:f470:88cf:15ff:fe1e:c13,45244,,,2600:9000:2738:ee00:3:145:eb40:93a1,443,Dynamic,18:36:01,19:06:01,2026/06/09,2026/06/09,866726066636401,405856151004844,2405:200:5213:25:3903:110:2:36,Jionet,4058560c345c000,4058560c345c000,2026/06/09 18:40:35,6.135,15919,31757,HOME,Bihar,
,,,,,917301042183,917301042183,2409:40e4:5f:f470:88cf:15ff:fe1e:c13,38235,,,2404:6800:4009:803::200e,443,Dynamic,18:36:01,19:06:01,2026/06/09,2026/06/09,866726066636401,405856151004844,2405:200:5213:25:3903:110:2:36,Jionet,4058560c345c000,4058560c345c000,2026/06/09 18:51:24,73.282,2481011,13623995,HOME,Bihar,
,,,,,917301042183,917301042183,2409:40e4:5f:f470:88cf:15ff:fe1e:c13,38235,,,2404:6800:4009:803::200e,443,Dynamic,18:36:01,19:06:01,2026/06/09,2026/06/09,866726066636401,405856151004844,2405:200:5213:25:3903:110:2:36,Jionet,4058560c345c000,4058560c345c000,2026/06/09 18:51:24,73.282,15919,31757,HOME,Bihar,
,,,,,917301042183,917301042183,2409:40e4:5f:f470:88cf:15ff:fe1e:c13,43066,,,2404:6800:4009:803::200e,443,Dynamic,18:36:01,19:06:01,2026/06/09,2026/06/09,866726066636401,405856151004844,2405:200:5213:25:3903:110:2:36,Jionet,4058560c345c000,4058560c345c000,2026/06/09 18:51:24,123.343,2481011,13623995,HOME,Bihar,
,,,,,917301042183,917301042183,2409:40e4:5f:f470:88cf:15ff:fe1e:c13,43066,,,2404:6800:4009:803::200e,443,Dynamic,18:36:01,19:06:01,2026/06/09,2026/06/09,866726066636401,405856151004844,2405:200:5213:25:3903:110:2:36,Jionet,4058560c345c000,4058560c345c000,2026/06/09 18:51:24,123.343,15919,31757,HOME,Bihar,
,,,,,917301042183,917301042183,2409:40e4:5f:f470:88cf:15ff:fe1e:c13,44196,,,2a03:2880:f346:3:face:b00c:0:4c63,443,Dynamic,18:36:01,19:06:01,2026/06/09,2026/06/09,866726066636401,405856151004844,2405:200:5213:25:3903:110:2:36,Jionet,4058560c345c000,4058560c345c000,2026/06/09 18:51:49,62.601,2481011,13623995,HOME,Bihar,
,,,,,917301042183,917301042183,2409:40e4:5f:f470:88cf:15ff:fe1e:c13,44196,,,2a03:2880:f346:3:face:b00c:0:4c63,443,Dynamic,18:36:01,19:06:01,2026/06/09,2026/06/09,866726066636401,405856151004844,2405:200:5213:25:3903:110:2:36,Jionet,4058560c345c000,4058560c345c000,2026/06/09 18:51:49,62.601,15919,31757,HOME,Bihar,
,,,,,917301042183,917301042183,2409:40e4:5f:f470:88cf:15ff:fe1e:c13,42678,,,2a03:2880:f346:3:face:b00c:0:4c63,443,Dynamic,18:36:01,19:06:01,2026/06/09,2026/06/09,866726066636401,405856151004844,2405:200:5213:25:3903:110:2:36,Jionet,4058560c345c000,4058560c345c000,2026/06/09 18:52:07,65.521,2481011,13623995,HOME,Bihar,
,,,,,917301042183,917301042183,2409:40e4:5f:f470:88cf:15ff:fe1e:c13,42678,,,2a03:2880:f346:3:face:b00c:0:4c63,443,Dynamic,18:36:01,19:06:01,2026/06/09,2026/06/09,866726066636401,405856151004844,2405:200:5213:25:3903:110:2:36,Jionet,4058560c345c000,4058560c345c000,2026/06/09 18:52:07,65.521,15919,31757,HOME,Bihar,
,,,,,917301042183,917301042183,2409:40e4:5f:f470:88cf:15ff:fe1e:c13,38892,,,2a03:2880:f347:8d:face:b00c:0:2,443,Dynamic,18:36:01,19:06:01,2026/06/09,2026/06/09,866726066636401,405856151004844,2405:200:5213:25:3903:110:2:36,Jionet,4058560c345c000,4058560c345c000,2026/06/09 18:53:08,11.553,2481011,13623995,HOME,Bihar,
,,,,,917301042183,917301042183,2409:40e4:5f:f470:88cf:15ff:fe1e:c13,38892,,,2a03:2880:f347:8d:face:b00c:0:2,443,Dynamic,18:36:01,19:06:01,2026/06/09,2026/06/09,866726066636401,405856151004844,2405:200:5213:25:3903:110:2:36,Jionet,4058560c345c000,4058560c345c000,2026/06/09 18:53:08,11.553,15919,31757,HOME,Bihar,
,,,,,917301042183,917301042183,2409:40e4:5f:f470:88cf:15ff:fe1e:c13,43551,,,2a03:2880:f347:136:face:b00c:0:b1,3478,Dynamic,18:36:01,19:06:01,2026/06/09,2026/06/09,866726066636401,405856151004844,2405:200:5213:25:3903:110:2:36,Jionet,4058560c345c000,4058560c345c000,2026/06/09 18:51:44,79.71,2481011,13623995,HOME,Bihar,
,,,,,917301042183,917301042183,2409:40e4:5f:f470:88cf:15ff:fe1e:c13,43551,,,2a03:2880:f347:136:face:b00c:0:b1,3478,Dynamic,18:36:01,19:06:01,2026/06/09,2026/06/09,866726066636401,405856151004844,2405:200:5213:25:3903:110:2:36,Jionet,4058560c345c000,4058560c345c000,2026/06/09 18:51:44,79.71,15919,31757,HOME,Bihar,
,,,,,917301042183,917301042183,2409:40e4:5f:f470:88cf:15ff:fe1e:c13,38822,,,2a03:2880:f347:3:face:b00c:0:4c63,443,Dynamic,18:36:01,19:06:01,2026/06/09,2026/06/09,866726066636401,405856151004844,2405:200:5213:25:3903:110:2:36,Jionet,4058560c345c000,4058560c345c000,2026/06/09 18:50:21,181.644,2481011,13623995,HOME,Bihar,
,,,,,917301042183,917301042183,2409:40e4:5f:f470:88cf:15ff:fe1e:c13,38822,,,2a03:2880:f347:3:face:b00c:0:4c63,443,Dynamic,18:36:01,19:06:01,2026/06/09,2026/06/09,866726066636401,405856151004844,2405:200:5213:25:3903:110:2:36,Jionet,4058560c345c000,4058560c345c000,2026/06/09 18:50:21,181.644,15919,31757,HOME,Bihar,
,,,,,917301042183,917301042183,2409:40e4:5f:f470:88cf:15ff:fe1e:c13,39034,,,2600:1901:0:8956::,443,Dynamic,18:36:01,19:06:01,2026/06/09,2026/06/09,866726066636401,405856151004844,2405:200:5213:25:3903:110:2:36,Jionet,4058560c345c000,4058560c345c000,2026/06/09 18:51:24,105.519,2481011,13623995,HOME,Bihar,
,,,,,917301042183,917301042183,2409:40e4:5f:f470:88cf:15ff:fe1e:c13,39034,,,2600:1901:0:8956::,443,Dynamic,18:36:01,19:06:01,2026/06/09,2026/06/09,866726066636401,405856151004844,2405:200:5213:25:3903:110:2:36,Jionet,4058560c345c000,4058560c345c000,2026/06/09 18:51:24,105.519,15919,31757,HOME,Bihar,
,,,,,917301042183,917301042183,2409:40e4:5f:f470:88cf:15ff:fe1e:c13,38890,,,2a03:2880:f347:8d:face:b00c:0:2,443,Dynamic,18:36:01,19:06:01,2026/06/09,2026/06/09,866726066636401,405856151004844,2405:200:5213:25:3903:110:2:36,Jionet,4058560c345c000,4058560c345c000,2026/06/09 18:53:08,2.498,2481011,13623995,HOME,Bihar,
,,,,,917301042183,917301042183,2409:40e4:5f:f470:88cf:15ff:fe1e:c13,38890,,,2a03:2880:f347:8d:face:b00c:0:2,443,Dynamic,18:36:01,19:06:01,2026/06/09,2026/06/09,866726066636401,405856151004844,2405:200:5213:25:3903:110:2:36,Jionet,4058560c345c000,4058560c345c000,2026/06/09 18:53:08,2.498,15919,31757,HOME,Bihar,
,,,,,917301042183,917301042183,2409:40e4:5f:f470:88cf:15ff:fe1e:c13,43551,,,2a03:2880:f315:136:face:b00c:0:b1,3478,Dynamic,18:36:01,19:06:01,2026/06/09,2026/06/09,866726066636401,405856151004844,2405:200:5213:25:3903:110:2:36,Jionet,4058560c345c000,4058560c345c000,2026/06/09 18:51:44,102.222,2481011,13623995,HOME,Bihar,
,,,,,917301042183,917301042183,2409:40e4:5f:f470:88cf:15ff:fe1e:c13,43551,,,2a03:2880:f315:136:face:b00c:0:b1,3478,Dynamic,18:36:01,19:06:01,2026/06/09,2026/06/09,866726066636401,405856151004844,2405:200:5213:25:3903:110:2:36,Jionet,4058560c345c000,4058560c345c000,2026/06/09 18:51:44,102.222,15919,31757,HOME,Bihar,
,,,,,917301042183,917301042183,2409:40e4:5f:f470:88cf:15ff:fe1e:c13,47182,,,2404:6800:4003:c03::bc,5228,Dynamic,18:36:01,19:06:01,2026/06/09,2026/06/09,866726066636401,405856151004844,2405:200:5213:25:3903:110:2:36,Jionet,4058560c345c000,4058560c345c000,2026/06/09 18:44:22,104.5,2481011,13623995,HOME,Bihar,
,,,,,917301042183,917301042183,2409:40e4:5f:f470:88cf:15ff:fe1e:c13,47182,,,2404:6800:4003:c03::bc,5228,Dynamic,18:36:01,19:06:01,2026/06/09,2026/06/09,866726066636401,405856151004844,2405:200:5213:25:3903:110:2:36,Jionet,4058560c345c000,4058560c345c000,2026/06/09 18:44:22,104.5,15919,31757,HOME,Bihar,
,,,,,917301042183,917301042183,2409:40e4:5f:f470:88cf:15ff:fe1e:c13,44196,,,2a03:2880:f346:3:face:b00c:0:4c63,443,Dynamic,18:36:01,19:06:01,2026/06/09,2026/06/09,866726066636401,405856151004844,2405:200:5213:25:3903:110:2:36,Jionet,4058560c345c000,4058560c345c000,2026/06/09 18:43:03,228.915,2481011,13623995,HOME,Bihar,
,,,,,917301042183,917301042183,2409:40e4:5f:f470:88cf:15ff:fe1e:c13,44196,,,2a03:2880:f346:3:face:b00c:0:4c63,443,Dynamic,18:36:01,19:06:01,2026/06/09,2026/06/09,866726066636401,405856151004844,2405:200:5213:25:3903:110:2:36,Jionet,4058560c345c000,4058560c345c000,2026/06/09 18:43:03,228.915,15919,31757,HOME,Bihar,
,,,,,917301042183,917301042183,2409:40e4:5f:f470:88cf:15ff:fe1e:c13,40364,,,2a03:2880:f346:121:face:b00c:0:7260,5222,Dynamic,18:36:01,19:06:01,2026/06/09,2026/06/09,866726066636401,405856151004844,2405:200:5213:25:3903:110:2:36,Jionet,4058560c345c000,4058560c345c000,2026/06/09 18:58:13,499.212,2481011,13623995,HOME,Bihar,
,,,,,917301042183,917301042183,2409:40e4:5f:f470:88cf:15ff:fe1e:c13,40364,,,2a03:2880:f346:121:face:b00c:0:7260,5222,Dynamic,18:36:01,19:06:01,2026/06/09,2026/06/09,866726066636401,405856151004844,2405:200:5213:25:3903:110:2:36,Jionet,4058560c345c000,4058560c345c000,2026/06/09 18:58:13,499.212,15919,31757,HOME,Bihar,
,,,,,917301042183,917301042183,2409:40e4:5f:f470:88cf:15ff:fe1e:c13,39967,,,2001:4860:4802:38::223,443,Dynamic,18:06:01,18:36:01,2026/06/09,2026/06/09,866726066636401,405856151004844,2405:200:5213:25:3903:110:2:36,Jionet,4058560c345c000,4058560c345c000,2026/06/09 18:33:00,112.368,18630,30560,HOME,Bihar,
,,,,,917301042183,917301042183,2409:40e4:5f:f470:88cf:15ff:fe1e:c13,39967,,,2001:4860:4802:38::223,443,Dynamic,18:06:01,18:36:01,2026/06/09,2026/06/09,866726066636401,405856151004844,2405:200:5213:25:3903:110:2:36,Jionet,4058560c345c000,4058560c345c000,2026/06/09 18:33:00,112.368,9610142,152408233,HOME,Bihar,
,,,,,917301042183,917301042183,2409:40e4:5f:f470:88cf:15ff:fe1e:c13,48752,,,2a03:2880:f346:8d:face:b00c:0:2,443,Dynamic,18:06:01,18:36:01,2026/06/09,2026/06/09,866726066636401,405856151004844,2405:200:5213:25:3903:110:2:36,Jionet,4058560c345c000,4058560c345c000,2026/06/09 18:34:04,11.487,18630,30560,HOME,Bihar,
,,,,,917301042183,917301042183,2409:40e4:5f:f470:88cf:15ff:fe1e:c13,48752,,,2a03:2880:f346:8d:face:b00c:0:2,443,Dynamic,18:06:01,18:36:01,2026/06/09,2026/06/09,866726066636401,405856151004844,2405:200:5213:25:3903:110:2:36,Jionet,4058560c345c000,4058560c345c000,2026/06/09 18:34:04,11.487,9610142,152408233,HOME,Bihar,
,,,,,917301042183,917301042183,2409:40e4:5f:f470:88cf:15ff:fe1e:c13,38566,,,2600:140f:7::17d5:eb1a,443,Dynamic,18:36:01,19:06:01,2026/06/09,2026/06/09,866726066636401,405856151004844,2405:200:5213:25:3903:110:2:36,Jionet,4058560c345c000,4058560c345c000,2026/06/09 18:54:08,83.039,2481011,13623995,HOME,Bihar,
,,,,,917301042183,917301042183,2409:40e4:5f:f470:88cf:15ff:fe1e:c13,38566,,,2600:140f:7::17d5:eb1a,443,Dynamic,18:36:01,19:06:01,2026/06/09,2026/06/09,866726066636401,405856151004844,2405:200:5213:25:3903:110:2:36,Jionet,4058560c345c000,4058560c345c000,2026/06/09 18:54:08,83.039,15919,31757,HOME,Bihar,
,,,,,917301042183,917301042183,2409:40e4:5f:f470:88cf:15ff:fe1e:c13,38822,,,2a03:2880:f347:3:face:b00c:0:4c63,443,Dynamic,18:06:01,18:36:01,2026/06/09,2026/06/09,866726066636401,405856151004844,2405:200:5213:25:3903:110:2:36,Jionet,4058560c345c000,4058560c345c000,2026/06/09 18:32:19,123.6,18630,30560,HOME,Bihar,
,,,,,917301042183,917301042183,2409:40e4:5f:f470:88cf:15ff:fe1e:c13,38822,,,2a03:2880:f347:3:face:b00c:0:4c63,443,Dynamic,18:06:01,18:36:01,2026/06/09,2026/06/09,866726066636401,405856151004844,2405:200:5213:25:3903:110:2:36,Jionet,4058560c345c000,4058560c345c000,2026/06/09 18:32:19,123.6,9610142,152408233,HOME,Bihar,
,,,,,917301042183,917301042183,2409:40e4:5f:f470:88cf:15ff:fe1e:c13,46678,,,2001:4860:4802:34::223,443,Dynamic,18:36:01,19:06:01,2026/06/09,2026/06/09,866726066636401,405856151004844,2405:200:5213:25:3903:110:2:36,Jionet,4058560c345c000,4058560c345c000,2026/06/09 18:54:08,71.999,2481011,13623995,HOME,Bihar,
,,,,,917301042183,917301042183,2409:40e4:5f:f470:88cf:15ff:fe1e:c13,46678,,,2001:4860:4802:34::223,443,Dynamic,18:36:01,19:06:01,2026/06/09,2026/06/09,866726066636401,405856151004844,2405:200:5213:25:3903:110:2:36,Jionet,4058560c345c000,4058560c345c000,2026/06/09 18:54:08,71.999,15919,31757,HOME,Bihar,
,,,,,917301042183,917301042183,2409:40e4:5f:f470:88cf:15ff:fe1e:c13,47182,,,2404:6800:4003:c03::bc,5228,Dynamic,18:06:01,18:36:01,2026/06/09,2026/06/09,866726066636401,405856151004844,2405:200:5213:25:3903:110:2:36,Jionet,4058560c345c000,4058560c345c000,2026/06/09 18:32:08,118.079,18630,30560,HOME,Bihar,
,,,,,917301042183,917301042183,2409:40e4:5f:f470:88cf:15ff:fe1e:c13,47182,,,2404:6800:4003:c03::bc,5228,Dynamic,18:06:01,18:36:01,2026/06/09,2026/06/09,866726066636401,405856151004844,2405:200:5213:25:3903:110:2:36,Jionet,4058560c345c000,4058560c345c000,2026/06/09 18:32:08,118.079,9610142,152408233,HOME,Bihar,
,,,,,917301042183,917301042183,2409:40e4:5f:f470:88cf:15ff:fe1e:c13,42794,,,2a03:2880:f346:121:face:b00c:0:7260,5222,Dynamic,18:06:01,18:36:01,2026/06/09,2026/06/09,866726066636401,405856151004844,2405:200:5213:25:3903:110:2:36,Jionet,4058560c345c000,4058560c345c000,2026/06/09 18:32:08,86.812,18630,30560,HOME,Bihar,
,,,,,917301042183,917301042183,2409:40e4:5f:f470:88cf:15ff:fe1e:c13,42794,,,2a03:2880:f346:121:face:b00c:0:7260,5222,Dynamic,18:06:01,18:36:01,2026/06/09,2026/06/09,866726066636401,405856151004844,2405:200:5213:25:3903:110:2:36,Jionet,4058560c345c000,4058560c345c000,2026/06/09 18:32:08,86.812,9610142,152408233,HOME,Bihar,
,,,,,917301042183,917301042183,2409:40e4:5f:f470:88cf:15ff:fe1e:c13,43066,,,2404:6800:4009:803::200e,443,Dynamic,18:36:01,19:06:01,2026/06/09,2026/06/09,866726066636401,405856151004844,2405:200:5213:25:3903:110:2:36,Jionet,4058560c345c000,4058560c345c000,2026/06/09 18:54:08,79.361,2481011,13623995,HOME,Bihar,
,,,,,917301042183,917301042183,2409:40e4:5f:f470:88cf:15ff:fe1e:c13,43066,,,2404:6800:4009:803::200e,443,Dynamic,18:36:01,19:06:01,2026/06/09,2026/06/09,866726066636401,405856151004844,2405:200:5213:25:3903:110:2:36,Jionet,4058560c345c000,4058560c345c000,2026/06/09 18:54:08,79.361,15919,31757,HOME,Bihar,
,,,,,917301042183,917301042183,2409:40e4:5f:f470:88cf:15ff:fe1e:c13,48744,,,2600:140f:7::17d4:a41a,443,Dynamic,18:36:01,19:06:01,2026/06/09,2026/06/09,866726066636401,405856151004844,2405:200:5213:25:3903:110:2:36,Jionet,4058560c345c000,4058560c345c000,2026/06/09 18:54:06,81.712,2481011,13623995,HOME,Bihar,
,,,,,917301042183,917301042183,2409:40e4:5f:f470:88cf:15ff:fe1e:c13,48744,,,2600:140f:7::17d4:a41a,443,Dynamic,18:36:01,19:06:01,2026/06/09,2026/06/09,866726066636401,405856151004844,2405:200:5213:25:3903:110:2:36,Jionet,4058560c345c000,4058560c345c000,2026/06/09 18:54:06,81.712,15919,31757,HOME,Bihar,
,,,,,917301042183,917301042183,2409:40e4:5f:f470:88cf:15ff:fe1e:c13,37276,,,2405:200:1630:ff74:face:b00c:3333:7020,443,Dynamic,18:06:01,18:36:01,2026/06/09,2026/06/09,866726066636401,405856151004844,2405:200:5213:25:3903:110:2:36,Jionet,4058560c345c000,4058560c345c000,2026/06/09 18:32:09,97.119,18630,30560,HOME,Bihar,
,,,,,917301042183,917301042183,2409:40e4:5f:f470:88cf:15ff:fe1e:c13,37276,,,2405:200:1630:ff74:face:b00c:3333:7020,443,Dynamic,18:06:01,18:36:01,2026/06/09,2026/06/09,866726066636401,405856151004844,2405:200:5213:25:3903:110:2:36,Jionet,4058560c345c000,4058560c345c000,2026/06/09 18:32:09,97.119,9610142,152408233,HOME,Bihar,
,,,,,917301042183,917301042183,2409:40e4:5f:f470:88cf:15ff:fe1e:c13,37508,,,2001:4860:4802:32::223,443,Dynamic,18:36:01,19:06:01,2026/06/09,2026/06/09,866726066636401,405856151004844,2405:200:5213:25:3903:110:2:36,Jionet,4058560c345c000,4058560c345c000,2026/06/09 18:55:20,11.547,2481011,13623995,HOME,Bihar,
,,,,,917301042183,917301042183,2409:40e4:5f:f470:88cf:15ff:fe1e:c13,37508,,,2001:4860:4802:32::223,443,Dynamic,18:36:01,19:06:01,2026/06/09,2026/06/09,866726066636401,405856151004844,2405:200:5213:25:3903:110:2:36,Jionet,4058560c345c000,4058560c345c000,2026/06/09 18:55:20,11.547,15919,31757,HOME,Bihar,
,,,,,917301042183,917301042183,2409:40e4:5f:f470:88cf:15ff:fe1e:c13,48919,,,2a03:2880:f33e:136:face:b00c:0:b1,3478,Dynamic,18:36:01,19:06:01,2026/06/09,2026/06/09,866726066636401,405856151004844,2405:200:5213:25:3903:110:2:36,Jionet,4058560c345c000,4058560c345c000,2026/06/09 18:52:08,105.072,2481011,13623995,HOME,Bihar,
,,,,,917301042183,917301042183,2409:40e4:5f:f470:88cf:15ff:fe1e:c13,48919,,,2a03:2880:f33e:136:face:b00c:0:b1,3478,Dynamic,18:36:01,19:06:01,2026/06/09,2026/06/09,866726066636401,405856151004844,2405:200:5213:25:3903:110:2:36,Jionet,4058560c345c000,4058560c345c000,2026/06/09 18:52:08,105.072,15919,31757,HOME,Bihar,
,,,,,917301042183,917301042183,2409:40e4:5f:f470:88cf:15ff:fe1e:c13,46690,,,2001:4860:4802:34::223,443,Dynamic,18:36:01,19:06:01,2026/06/09,2026/06/09,866726066636401,405856151004844,2405:200:5213:25:3903:110:2:36,Jionet,4058560c345c000,4058560c345c000,2026/06/09 18:54:08,52.028,2481011,13623995,HOME,Bihar,
,,,,,917301042183,917301042183,2409:40e4:5f:f470:88cf:15ff:fe1e:c13,46690,,,2001:4860:4802:34::223,443,Dynamic,18:36:01,19:06:01,2026/06/09,2026/06/09,866726066636401,405856151004844,2405:200:5213:25:3903:110:2:36,Jionet,4058560c345c000,4058560c345c000,2026/06/09 18:54:08,52.028,15919,31757,HOME,Bihar,
,,,,,917301042183,917301042183,2409:40e4:5f:f470:88cf:15ff:fe1e:c13,43551,,,2a03:2880:f33e:136:face:b00c:0:b1,3478,Dynamic,18:36:01,19:06:01,2026/06/09,2026/06/09,866726066636401,405856151004844,2405:200:5213:25:3903:110:2:36,Jionet,4058560c345c000,4058560c345c000,2026/06/09 18:51:44,119.49,2481011,13623995,HOME,Bihar,
,,,,,917301042183,917301042183,2409:40e4:5f:f470:88cf:15ff:fe1e:c13,43551,,,2a03:2880:f33e:136:face:b00c:0:b1,3478,Dynamic,18:36:01,19:06:01,2026/06/09,2026/06/09,866726066636401,405856151004844,2405:200:5213:25:3903:110:2:36,Jionet,4058560c345c000,4058560c345c000,2026/06/09 18:51:44,119.49,15919,31757,HOME,Bihar,
,,,,,917301042183,917301042183,2409:40e4:5f:f470:88cf:15ff:fe1e:c13,48866,,,2405:200:1630:1600::b855:dc68,443,Dynamic,18:36:01,19:06:01,2026/06/09,2026/06/09,866726066636401,405856151004844,2405:200:5213:25:3903:110:2:36,Jionet,4058560c345c000,4058560c345c000,2026/06/09 18:54:08,4.355,2481011,13623995,HOME,Bihar,
,,,,,917301042183,917301042183,2409:40e4:5f:f470:88cf:15ff:fe1e:c13,48866,,,2405:200:1630:1600::b855:dc68,443,Dynamic,18:36:01,19:06:01,2026/06/09,2026/06/09,866726066636401,405856151004844,2405:200:5213:25:3903:110:2:36,Jionet,4058560c345c000,4058560c345c000,2026/06/09 18:54:08,4.355,15919,31757,HOME,Bihar,
,,,,,917301042183,917301042183,2409:40e4:5f:f470:88cf:15ff:fe1e:c13,42690,,,2a03:2880:f346:3:face:b00c:0:4c63,443,Dynamic,18:36:01,19:06:01,2026/06/09,2026/06/09,866726066636401,405856151004844,2405:200:5213:25:3903:110:2:36,Jionet,4058560c345c000,4058560c345c000,2026/06/09 18:52:07,92.649,2481011,13623995,HOME,Bihar,
,,,,,917301042183,917301042183,2409:40e4:5f:f470:88cf:15ff:fe1e:c13,42690,,,2a03:2880:f346:3:face:b00c:0:4c63,443,Dynamic,18:36:01,19:06:01,2026/06/09,2026/06/09,866726066636401,405856151004844,2405:200:5213:25:3903:110:2:36,Jionet,4058560c345c000,4058560c345c000,2026/06/09 18:52:07,92.649,15919,31757,HOME,Bihar,
,,,,,917301042183,917301042183,2409:40e4:5f:f470:88cf:15ff:fe1e:c13,44468,,,2600:140f:7::17d5:eb1a,443,Dynamic,18:36:01,19:06:01,2026/06/09,2026/06/09,866726066636401,405856151004844,2405:200:5213:25:3903:110:2:36,Jionet,4058560c345c000,4058560c345c000,2026/06/09 18:54:07,2.172,2481011,13623995,HOME,Bihar,
,,,,,917301042183,917301042183,2409:40e4:5f:f470:88cf:15ff:fe1e:c13,44468,,,2600:140f:7::17d5:eb1a,443,Dynamic,18:36:01,19:06:01,2026/06/09,2026/06/09,866726066636401,405856151004844,2405:200:5213:25:3903:110:2:36,Jionet,4058560c345c000,4058560c345c000,2026/06/09 18:54:07,2.172,15919,31757,HOME,Bihar,
,,,,,917301042183,917301042183,2409:40e4:5f:f470:88cf:15ff:fe1e:c13,47796,,,2a03:2880:f346:121:face:b00c:0:7260,443,Dynamic,18:36:01,19:06:01,2026/06/09,2026/06/09,866726066636401,405856151004844,2405:200:5213:25:3903:110:2:36,Jionet,4058560c345c000,4058560c345c000,2026/06/09 18:43:03,660.552,2481011,13623995,HOME,Bihar,
,,,,,917301042183,917301042183,2409:40e4:5f:f470:88cf:15ff:fe1e:c13,47796,,,2a03:2880:f346:121:face:b00c:0:7260,443,Dynamic,18:36:01,19:06:01,2026/06/09,2026/06/09,866726066636401,405856151004844,2405:200:5213:25:3903:110:2:36,Jionet,4058560c345c000,4058560c345c000,2026/06/09 18:43:03,660.552,15919,31757,HOME,Bihar,
,,,,,917301042183,917301042183,2409:40e4:5f:f470:88cf:15ff:fe1e:c13,48906,,,2405:200:1630:1600::b855:dc68,443,Dynamic,18:36:01,19:06:01,2026/06/09,2026/06/09,866726066636401,405856151004844,2405:200:5213:25:3903:110:2:36,Jionet,4058560c345c000,4058560c345c000,2026/06/09 18:54:10,2.14,2481011,13623995,HOME,Bihar,
,,,,,917301042183,917301042183,2409:40e4:5f:f470:88cf:15ff:fe1e:c13,48906,,,2405:200:1630:1600::b855:dc68,443,Dynamic,18:36:01,19:06:01,2026/06/09,2026/06/09,866726066636401,405856151004844,2405:200:5213:25:3903:110:2:36,Jionet,4058560c345c000,4058560c345c000,2026/06/09 18:54:10,2.14,15919,31757,HOME,Bihar,
,,,,,917301042183,917301042183,2409:40e4:5f:f470:88cf:15ff:fe1e:c13,42700,,,2a03:2880:f346:3:face:b00c:0:4c63,443,Dynamic,18:36:01,19:06:01,2026/06/09,2026/06/09,866726066636401,405856151004844,2405:200:5213:25:3903:110:2:36,Jionet,4058560c345c000,4058560c345c000,2026/06/09 18:52:08,102.541,2481011,13623995,HOME,Bihar,
,,,,,917301042183,917301042183,2409:40e4:5f:f470:88cf:15ff:fe1e:c13,42700,,,2a03:2880:f346:3:face:b00c:0:4c63,443,Dynamic,18:36:01,19:06:01,2026/06/09,2026/06/09,866726066636401,405856151004844,2405:200:5213:25:3903:110:2:36,Jionet,4058560c345c000,4058560c345c000,2026/06/09 18:52:08,102.541,15919,31757,HOME,Bihar,
,,,,,917301042183,917301042183,2409:40e4:5f:f470:88cf:15ff:fe1e:c13,44448,,,2600:140f:7::17d5:eb1a,443,Dynamic,18:36:01,19:06:01,2026/06/09,2026/06/09,866726066636401,405856151004844,2405:200:5213:25:3903:110:2:36,Jionet,4058560c345c000,4058560c345c000,2026/06/09 18:54:07,2.2,2481011,13623995,HOME,Bihar,
,,,,,917301042183,917301042183,2409:40e4:5f:f470:88cf:15ff:fe1e:c13,44448,,,2600:140f:7::17d5:eb1a,443,Dynamic,18:36:01,19:06:01,2026/06/09,2026/06/09,866726066636401,405856151004844,2405:200:5213:25:3903:110:2:36,Jionet,4058560c345c000,4058560c345c000,2026/06/09 18:54:07,2.2,15919,31757,HOME,Bihar,
,,,,,917301042183,917301042183,2409:40e4:5f:f470:88cf:15ff:fe1e:c13,48919,,,2a03:2880:f28a:cb:face:b00c:0:177,3478,Dynamic,18:36:01,19:06:01,2026/06/09,2026/06/09,866726066636401,405856151004844,2405:200:5213:25:3903:110:2:36,Jionet,4058560c345c000,4058560c345c000,2026/06/09 18:52:08,92.375,2481011,13623995,HOME,Bihar,
,,,,,917301042183,917301042183,2409:40e4:5f:f470:88cf:15ff:fe1e:c13,48919,,,2a03:2880:f28a:cb:face:b00c:0:177,3478,Dynamic,18:36:01,19:06:01,2026/06/09,2026/06/09,866726066636401,405856151004844,2405:200:5213:25:3903:110:2:36,Jionet,4058560c345c000,4058560c345c000,2026/06/09 18:52:08,92.375,15919,31757,HOME,Bihar,
,,,,,917301042183,917301042183,2409:40e4:5f:f470:88cf:15ff:fe1e:c13,48852,,,2405:200:1630:1600::b855:dc68,443,Dynamic,18:36:01,19:06:01,2026/06/09,2026/06/09,866726066636401,405856151004844,2405:200:5213:25:3903:110:2:36,Jionet,4058560c345c000,4058560c345c000,2026/06/09 18:54:08,3.967,2481011,13623995,HOME,Bihar,
,,,,,917301042183,917301042183,2409:40e4:5f:f470:88cf:15ff:fe1e:c13,48852,,,2405:200:1630:1600::b855:dc68,443,Dynamic,18:36:01,19:06:01,2026/06/09,2026/06/09,866726066636401,405856151004844,2405:200:5213:25:3903:110:2:36,Jionet,4058560c345c000,4058560c345c000,2026/06/09 18:54:08,3.967,15919,31757,HOME,Bihar,
,,,,,917301042183,917301042183,2409:40e4:5f:f470:88cf:15ff:fe1e:c13,42668,,,2a03:2880:f346:3:face:b00c:0:4c63,443,Dynamic,18:36:01,19:06:01,2026/06/09,2026/06/09,866726066636401,405856151004844,2405:200:5213:25:3903:110:2:36,Jionet,4058560c345c000,4058560c345c000,2026/06/09 18:52:07,88.736,2481011,13623995,HOME,Bihar,
,,,,,917301042183,917301042183,2409:40e4:5f:f470:88cf:15ff:fe1e:c13,42668,,,2a03:2880:f346:3:face:b00c:0:4c63,443,Dynamic,18:36:01,19:06:01,2026/06/09,2026/06/09,866726066636401,405856151004844,2405:200:5213:25:3903:110:2:36,Jionet,4058560c345c000,4058560c345c000,2026/06/09 18:52:07,88.736,15919,31757,HOME,Bihar,
,,,,,917301042183,917301042183,2409:40e4:5f:f470:88cf:15ff:fe1e:c13,48840,,,2405:200:1630:1600::b855:dc68,443,Dynamic,18:36:01,19:06:01,2026/06/09,2026/06/09,866726066636401,405856151004844,2405:200:5213:25:3903:110:2:36,Jionet,4058560c345c000,4058560c345c000,2026/06/09 18:54:08,3.901,2481011,13623995,HOME,Bihar,
,,,,,917301042183,917301042183,2409:40e4:5f:f470:88cf:15ff:fe1e:c13,48840,,,2405:200:1630:1600::b855:dc68,443,Dynamic,18:36:01,19:06:01,2026/06/09,2026/06/09,866726066636401,405856151004844,2405:200:5213:25:3903:110:2:36,Jionet,4058560c345c000,4058560c345c000,2026/06/09 18:54:08,3.901,15919,31757,HOME,Bihar,
,,,,,917301042183,917301042183,2409:40e4:5f:f470:88cf:15ff:fe1e:c13,48919,,,2a03:2880:f346:136:face:b00c:0:b1,3478,Dynamic,18:36:01,19:06:01,2026/06/09,2026/06/09,866726066636401,405856151004844,2405:200:5213:25:3903:110:2:36,Jionet,4058560c345c000,4058560c345c000,2026/06/09 18:52:08,105.135,2481011,13623995,HOME,Bihar,
,,,,,917301042183,917301042183,2409:40e4:5f:f470:88cf:15ff:fe1e:c13,48919,,,2a03:2880:f346:136:face:b00c:0:b1,3478,Dynamic,18:36:01,19:06:01,2026/06/09,2026/06/09,866726066636401,405856151004844,2405:200:5213:25:3903:110:2:36,Jionet,4058560c345c000,4058560c345c000,2026/06/09 18:52:08,105.135,15919,31757,HOME,Bihar,
,,,,,917301042183,917301042183,2409:40e4:5f:f470:88cf:15ff:fe1e:c13,48910,,,2405:200:1630:1600::b855:dc68,443,Dynamic,18:36:01,19:06:01,2026/06/09,2026/06/09,866726066636401,405856151004844,2405:200:5213:25:3903:110:2:36,Jionet,4058560c345c000,4058560c345c000,2026/06/09 18:54:10,2.14,2481011,13623995,HOME,Bihar,
,,,,,917301042183,917301042183,2409:40e4:5f:f470:88cf:15ff:fe1e:c13,48910,,,2405:200:1630:1600::b855:dc68,443,Dynamic,18:36:01,19:06:01,2026/06/09,2026/06/09,866726066636401,405856151004844,2405:200:5213:25:3903:110:2:36,Jionet,4058560c345c000,4058560c345c000,2026/06/09 18:54:10,2.14,15919,31757,HOME,Bihar,
,,,,,917301042183,917301042183,2409:40e4:5f:f470:88cf:15ff:fe1e:c13,48902,,,2405:200:1630:1600::b855:dc68,443,Dynamic,18:36:01,19:06:01,2026/06/09,2026/06/09,866726066636401,405856151004844,2405:200:5213:25:3903:110:2:36,Jionet,4058560c345c000,4058560c345c000,2026/06/09 18:54:10,2.132,2481011,13623995,HOME,Bihar,
,,,,,917301042183,917301042183,2409:40e4:5f:f470:88cf:15ff:fe1e:c13,48902,,,2405:200:1630:1600::b855:dc68,443,Dynamic,18:36:01,19:06:01,2026/06/09,2026/06/09,866726066636401,405856151004844,2405:200:5213:25:3903:110:2:36,Jionet,4058560c345c000,4058560c345c000,2026/06/09 18:54:10,2.132,15919,31757,HOME,Bihar,
,,,,,917301042183,917301042183,2409:40e4:5f:f470:88cf:15ff:fe1e:c13,44452,,,2600:140f:7::17d5:eb1a,443,Dynamic,18:36:01,19:06:01,2026/06/09,2026/06/09,866726066636401,405856151004844,2405:200:5213:25:3903:110:2:36,Jionet,4058560c345c000,4058560c345c000,2026/06/09 18:54:07,2.172,2481011,13623995,HOME,Bihar,
,,,,,917301042183,917301042183,2409:40e4:5f:f470:88cf:15ff:fe1e:c13,44452,,,2600:140f:7::17d5:eb1a,443,Dynamic,18:36:01,19:06:01,2026/06/09,2026/06/09,866726066636401,405856151004844,2405:200:5213:25:3903:110:2:36,Jionet,4058560c345c000,4058560c345c000,2026/06/09 18:54:07,2.172,15919,31757,HOME,Bihar,
,,,,,917301042183,917301042183,2409:40e4:5f:f470:88cf:15ff:fe1e:c13,47182,,,2404:6800:4003:c03::bc,5228,Dynamic,18:36:01,19:06:01,2026/06/09,2026/06/09,866726066636401,405856151004844,2405:200:5213:25:3903:110:2:36,Jionet,4058560c345c000,4058560c345c000,2026/06/09 18:43:03,63.447,2481011,13623995,HOME,Bihar,
,,,,,917301042183,917301042183,2409:40e4:5f:f470:88cf:15ff:fe1e:c13,47182,,,2404:6800:4003:c03::bc,5228,Dynamic,18:36:01,19:06:01,2026/06/09,2026/06/09,866726066636401,405856151004844,2405:200:5213:25:3903:110:2:36,Jionet,4058560c345c000,4058560c345c000,2026/06/09 18:43:03,63.447,15919,31757,HOME,Bihar,
,,,,,917301042183,917301042183,2409:40e4:5f:f470:88cf:15ff:fe1e:c13,41368,,,2404:6800:4000:101d::65,443,Dynamic,18:36:01,19:06:01,2026/06/09,2026/06/09,866726066636401,405856151004844,2405:200:5213:25:3903:110:2:36,Jionet,4058560c345c000,4058560c345c000,2026/06/09 18:43:42,11.184,2481011,13623995,HOME,Bihar,
,,,,,917301042183,917301042183,2409:40e4:5f:f470:88cf:15ff:fe1e:c13,41368,,,2404:6800:4000:101d::65,443,Dynamic,18:36:01,19:06:01,2026/06/09,2026/06/09,866726066636401,405856151004844,2405:200:5213:25:3903:110:2:36,Jionet,4058560c345c000,4058560c345c000,2026/06/09 18:43:42,11.184,15919,31757,HOME,Bihar,
,,,,,917301042183,917301042183,2409:40e4:5f:f470:88cf:15ff:fe1e:c13,38822,,,2a03:2880:f347:3:face:b00c:0:4c63,443,Dynamic,18:36:01,19:06:01,2026/06/09,2026/06/09,866726066636401,405856151004844,2405:200:5213:25:3903:110:2:36,Jionet,4058560c345c000,4058560c345c000,2026/06/09 18:44:21,62.215,2481011,13623995,HOME,Bihar,
,,,,,917301042183,917301042183,2409:40e4:5f:f470:88cf:15ff:fe1e:c13,38822,,,2a03:2880:f347:3:face:b00c:0:4c63,443,Dynamic,18:36:01,19:06:01,2026/06/09,2026/06/09,866726066636401,405856151004844,2405:200:5213:25:3903:110:2:36,Jionet,4058560c345c000,4058560c345c000,2026/06/09 18:44:21,62.215,15919,31757,HOME,Bihar,
,,,,,917301042183,917301042183,2409:40e4:5f:f470:88cf:15ff:fe1e:c13,42700,,,2a03:2880:f346:3:face:b00c:0:4c63,443,Dynamic,18:36:01,19:06:01,2026/06/09,2026/06/09,866726066636401,405856151004844,2405:200:5213:25:3903:110:2:36,Jionet,4058560c345c000,4058560c345c000,2026/06/09 18:43:28,82.771,2481011,13623995,HOME,Bihar,
,,,,,917301042183,917301042183,2409:40e4:5f:f470:88cf:15ff:fe1e:c13,42700,,,2a03:2880:f346:3:face:b00c:0:4c63,443,Dynamic,18:36:01,19:06:01,2026/06/09,2026/06/09,866726066636401,405856151004844,2405:200:5213:25:3903:110:2:36,Jionet,4058560c345c000,4058560c345c000,2026/06/09 18:43:28,82.771,15919,31757,HOME,Bihar,
,,,,,917301042183,917301042183,2409:40e4:5f:f470:88cf:15ff:fe1e:c13,42678,,,2a03:2880:f346:3:face:b00c:0:4c63,443,Dynamic,18:36:01,19:06:01,2026/06/09,2026/06/09,866726066636401,405856151004844,2405:200:5213:25:3903:110:2:36,Jionet,4058560c345c000,4058560c345c000,2026/06/09 18:43:27,105.548,2481011,13623995,HOME,Bihar,
,,,,,917301042183,917301042183,2409:40e4:5f:f470:88cf:15ff:fe1e:c13,42678,,,2a03:2880:f346:3:face:b00c:0:4c63,443,Dynamic,18:36:01,19:06:01,2026/06/09,2026/06/09,866726066636401,405856151004844,2405:200:5213:25:3903:110:2:36,Jionet,4058560c345c000,4058560c345c000,2026/06/09 18:43:27,105.548,15919,31757,HOME,Bihar,
,,,,,917301042183,917301042183,2409:40e4:5f:f470:88cf:15ff:fe1e:c13,42690,,,2a03:2880:f346:3:face:b00c:0:4c63,443,Dynamic,18:36:01,19:06:01,2026/06/09,2026/06/09,866726066636401,405856151004844,2405:200:5213:25:3903:110:2:36,Jionet,4058560c345c000,4058560c345c000,2026/06/09 18:43:27,72.668,2481011,13623995,HOME,Bihar,
,,,,,917301042183,917301042183,2409:40e4:5f:f470:88cf:15ff:fe1e:c13,42690,,,2a03:2880:f346:3:face:b00c:0:4c63,443,Dynamic,18:36:01,19:06:01,2026/06/09,2026/06/09,866726066636401,405856151004844,2405:200:5213:25:3903:110:2:36,Jionet,4058560c345c000,4058560c345c000,2026/06/09 18:43:27,72.668,15919,31757,HOME,Bihar,
,,,,,917301042183,917301042183,2409:40e4:5f:f470:88cf:15ff:fe1e:c13,42668,,,2a03:2880:f346:3:face:b00c:0:4c63,443,Dynamic,18:36:01,19:06:01,2026/06/09,2026/06/09,866726066636401,405856151004844,2405:200:5213:25:3903:110:2:36,Jionet,4058560c345c000,4058560c345c000,2026/06/09 18:43:27,68.741,2481011,13623995,HOME,Bihar,
,,,,,917301042183,917301042183,2409:40e4:5f:f470:88cf:15ff:fe1e:c13,42668,,,2a03:2880:f346:3:face:b00c:0:4c63,443,Dynamic,18:36:01,19:06:01,2026/06/09,2026/06/09,866726066636401,405856151004844,2405:200:5213:25:3903:110:2:36,Jionet,4058560c345c000,4058560c345c000,2026/06/09 18:43:27,68.741,15919,31757,HOME,Bihar,
,,,,,917301042183,917301042183,2409:40e4:5f:f470:88cf:15ff:fe1e:c13,43968,,,2001:4860:4802:34::223,443,Dynamic,18:36:01,19:06:01,2026/06/09,2026/06/09,866726066636401,405856151004844,2405:200:5213:25:3903:110:2:36,Jionet,4058560c345c000,4058560c345c000,2026/06/09 18:39:14,11.448,2481011,13623995,HOME,Bihar,
,,,,,917301042183,917301042183,2409:40e4:5f:f470:88cf:15ff:fe1e:c13,43968,,,2001:4860:4802:34::223,443,Dynamic,18:36:01,19:06:01,2026/06/09,2026/06/09,866726066636401,405856151004844,2405:200:5213:25:3903:110:2:36,Jionet,4058560c345c000,4058560c345c000,2026/06/09 18:39:14,11.448,15919,31757,HOME,Bihar,
,,,,,917301042183,917301042183,2409:40e4:5f:f470:88cf:15ff:fe1e:c13,44066,,,2001:4860:4802:34::223,443,Dynamic,18:36:01,19:06:01,2026/06/09,2026/06/09,866726066636401,405856151004844,2405:200:5213:25:3903:110:2:36,Jionet,4058560c345c000,4058560c345c000,2026/06/09 18:39:19,11.556,2481011,13623995,HOME,Bihar,
,,,,,917301042183,917301042183,2409:40e4:5f:f470:88cf:15ff:fe1e:c13,44066,,,2001:4860:4802:34::223,443,Dynamic,18:36:01,19:06:01,2026/06/09,2026/06/09,866726066636401,405856151004844,2405:200:5213:25:3903:110:2:36,Jionet,4058560c345c000,4058560c345c000,2026/06/09 18:39:19,11.556,15919,31757,HOME,Bihar,
,,,,,917301042183,917301042183,2409:40e4:5f:f470:88cf:15ff:fe1e:c13,44036,,,2001:4860:4802:34::223,443,Dynamic,18:36:01,19:06:01,2026/06/09,2026/06/09,866726066636401,405856151004844,2405:200:5213:25:3903:110:2:36,Jionet,4058560c345c000,4058560c345c000,2026/06/09 18:39:17,11.572,2481011,13623995,HOME,Bihar,
,,,,,917301042183,917301042183,2409:40e4:5f:f470:88cf:15ff:fe1e:c13,44036,,,2001:4860:4802:34::223,443,Dynamic,18:36:01,19:06:01,2026/06/09,2026/06/09,866726066636401,405856151004844,2405:200:5213:25:3903:110:2:36,Jionet,4058560c345c000,4058560c345c000,2026/06/09 18:39:17,11.572,15919,31757,HOME,Bihar,
,,,,,917301042183,917301042183,2409:40e4:5f:f470:88cf:15ff:fe1e:c13,44128,,,2001:4860:4802:34::223,443,Dynamic,18:36:01,19:06:01,2026/06/09,2026/06/09,866726066636401,405856151004844,2405:200:5213:25:3903:110:2:36,Jionet,4058560c345c000,4058560c345c000,2026/06/09 18:39:20,11.608,2481011,13623995,HOME,Bihar,
,,,,,917301042183,917301042183,2409:40e4:5f:f470:88cf:15ff:fe1e:c13,44128,,,2001:4860:4802:34::223,443,Dynamic,18:36:01,19:06:01,2026/06/09,2026/06/09,866726066636401,405856151004844,2405:200:5213:25:3903:110:2:36,Jionet,4058560c345c000,4058560c345c000,2026/06/09 18:39:20,11.608,15919,31757,HOME,Bihar,
,,,,,917301042183,917301042183,2409:40e4:5f:f470:88cf:15ff:fe1e:c13,43946,,,2001:4860:4802:34::223,443,Dynamic,18:36:01,19:06:01,2026/06/09,2026/06/09,866726066636401,405856151004844,2405:200:5213:25:3903:110:2:36,Jionet,4058560c345c000,4058560c345c000,2026/06/09 18:39:14,11.676,2481011,13623995,HOME,Bihar,
,,,,,917301042183,917301042183,2409:40e4:5f:f470:88cf:15ff:fe1e:c13,43946,,,2001:4860:4802:34::223,443,Dynamic,18:36:01,19:06:01,2026/06/09,2026/06/09,866726066636401,405856151004844,2405:200:5213:25:3903:110:2:36,Jionet,4058560c345c000,4058560c345c000,2026/06/09 18:39:14,11.676,15919,31757,HOME,Bihar,
,,,,,917301042183,917301042183,2409:40e4:5f:f470:88cf:15ff:fe1e:c13,44076,,,2001:4860:4802:34::223,443,Dynamic,18:36:01,19:06:01,2026/06/09,2026/06/09,866726066636401,405856151004844,2405:200:5213:25:3903:110:2:36,Jionet,4058560c345c000,4058560c345c000,2026/06/09 18:39:19,11.608,2481011,13623995,HOME,Bihar,
,,,,,917301042183,917301042183,2409:40e4:5f:f470:88cf:15ff:fe1e:c13,44076,,,2001:4860:4802:34::223,443,Dynamic,18:36:01,19:06:01,2026/06/09,2026/06/09,866726066636401,405856151004844,2405:200:5213:25:3903:110:2:36,Jionet,4058560c345c000,4058560c345c000,2026/06/09 18:39:19,11.608,15919,31757,HOME,Bihar,
,,,,,917301042183,917301042183,2409:40e4:5f:f470:88cf:15ff:fe1e:c13,43888,,,2001:4860:4802:34::223,443,Dynamic,18:36:01,19:06:01,2026/06/09,2026/06/09,866726066636401,405856151004844,2405:200:5213:25:3903:110:2:36,Jionet,4058560c345c000,4058560c345c000,2026/06/09 18:39:11,11.46,2481011,13623995,HOME,Bihar,
,,,,,917301042183,917301042183,2409:40e4:5f:f470:88cf:15ff:fe1e:c13,43888,,,2001:4860:4802:34::223,443,Dynamic,18:36:01,19:06:01,2026/06/09,2026/06/09,866726066636401,405856151004844,2405:200:5213:25:3903:110:2:36,Jionet,4058560c345c000,4058560c345c000,2026/06/09 18:39:11,11.46,15919,31757,HOME,Bihar,
,,,,,917301042183,917301042183,2409:40e4:5f:f470:88cf:15ff:fe1e:c13,44096,,,2001:4860:4802:34::223,443,Dynamic,18:36:01,19:06:01,2026/06/09,2026/06/09,866726066636401,405856151004844,2405:200:5213:25:3903:110:2:36,Jionet,4058560c345c000,4058560c345c000,2026/06/09 18:39:19,11.461,2481011,13623995,HOME,Bihar,
,,,,,917301042183,917301042183,2409:40e4:5f:f470:88cf:15ff:fe1e:c13,44096,,,2001:4860:4802:34::223,443,Dynamic,18:36:01,19:06:01,2026/06/09,2026/06/09,866726066636401,405856151004844,2405:200:5213:25:3903:110:2:36,Jionet,4058560c345c000,4058560c345c000,2026/06/09 18:39:19,11.461,15919,31757,HOME,Bihar,
,,,,,917301042183,917301042183,2409:40e4:5f:f470:88cf:15ff:fe1e:c13,43920,,,2001:4860:4802:34::223,443,Dynamic,18:36:01,19:06:01,2026/06/09,2026/06/09,866726066636401,405856151004844,2405:200:5213:25:3903:110:2:36,Jionet,4058560c345c000,4058560c345c000,2026/06/09 18:39:13,11.568,2481011,13623995,HOME,Bihar,
,,,,,917301042183,917301042183,2409:40e4:5f:f470:88cf:15ff:fe1e:c13,43920,,,2001:4860:4802:34::223,443,Dynamic,18:36:01,19:06:01,2026/06/09,2026/06/09,866726066636401,405856151004844,2405:200:5213:25:3903:110:2:36,Jionet,4058560c345c000,4058560c345c000,2026/06/09 18:39:13,11.568,15919,31757,HOME,Bihar,
,,,,,917301042183,917301042183,2409:40e4:5f:f470:88cf:15ff:fe1e:c13,44130,,,2001:4860:4802:34::223,443,Dynamic,18:36:01,19:06:01,2026/06/09,2026/06/09,866726066636401,405856151004844,2405:200:5213:25:3903:110:2:36,Jionet,4058560c345c000,4058560c345c000,2026/06/09 18:39:20,11.6,2481011,13623995,HOME,Bihar,
,,,,,917301042183,917301042183,2409:40e4:5f:f470:88cf:15ff:fe1e:c13,44130,,,2001:4860:4802:34::223,443,Dynamic,18:36:01,19:06:01,2026/06/09,2026/06/09,866726066636401,405856151004844,2405:200:5213:25:3903:110:2:36,Jionet,4058560c345c000,4058560c345c000,2026/06/09 18:39:20,11.6,15919,31757,HOME,Bihar,
,,,,,917301042183,917301042183,2409:40e4:5f:f470:88cf:15ff:fe1e:c13,37416,,,2001:4860:4802:34::223,443,Dynamic,18:36:01,19:06:01,2026/06/09,2026/06/09,866726066636401,405856151004844,2405:200:5213:25:3903:110:2:36,Jionet,4058560c345c000,4058560c345c000,2026/06/09 18:39:10,11.489,2481011,13623995,HOME,Bihar,
,,,,,917301042183,917301042183,2409:40e4:5f:f470:88cf:15ff:fe1e:c13,37416,,,2001:4860:4802:34::223,443,Dynamic,18:36:01,19:06:01,2026/06/09,2026/06/09,866726066636401,405856151004844,2405:200:5213:25:3903:110:2:36,Jionet,4058560c345c000,4058560c345c000,2026/06/09 18:39:10,11.489,15919,31757,HOME,Bihar,
,,,,,917301042183,917301042183,2409:40e4:5f:f470:88cf:15ff:fe1e:c13,44110,,,2001:4860:4802:34::223,443,Dynamic,18:36:01,19:06:01,2026/06/09,2026/06/09,866726066636401,405856151004844,2405:200:5213:25:3903:110:2:36,Jionet,4058560c345c000,4058560c345c000,2026/06/09 18:39:19,11.612,2481011,13623995,HOME,Bihar,
,,,,,917301042183,917301042183,2409:40e4:5f:f470:88cf:15ff:fe1e:c13,44110,,,2001:4860:4802:34::223,443,Dynamic,18:36:01,19:06:01,2026/06/09,2026/06/09,866726066636401,405856151004844,2405:200:5213:25:3903:110:2:36,Jionet,4058560c345c000,4058560c345c000,2026/06/09 18:39:19,11.612,15919,31757,HOME,Bihar,
,,,,,917301042183,917301042183,2409:40e4:5f:f470:88cf:15ff:fe1e:c13,43912,,,2001:4860:4802:34::223,443,Dynamic,18:36:01,19:06:01,2026/06/09,2026/06/09,866726066636401,405856151004844,2405:200:5213:25:3903:110:2:36,Jionet,4058560c345c000,4058560c345c000,2026/06/09 18:39:12,11.437,2481011,13623995,HOME,Bihar,
,,,,,917301042183,917301042183,2409:40e4:5f:f470:88cf:15ff:fe1e:c13,43912,,,2001:4860:4802:34::223,443,Dynamic,18:36:01,19:06:01,2026/06/09,2026/06/09,866726066636401,405856151004844,2405:200:5213:25:3903:110:2:36,Jionet,4058560c345c000,4058560c345c000,2026/06/09 18:39:12,11.437,15919,31757,HOME,Bihar,
,,,,,917301042183,917301042183,2409:40e4:5f:f470:88cf:15ff:fe1e:c13,44058,,,2001:4860:4802:34::223,443,Dynamic,18:36:01,19:06:01,2026/06/09,2026/06/09,866726066636401,405856151004844,2405:200:5213:25:3903:110:2:36,Jionet,4058560c345c000,4058560c345c000,2026/06/09 18:39:19,11.564,2481011,13623995,HOME,Bihar,
,,,,,917301042183,917301042183,2409:40e4:5f:f470:88cf:15ff:fe1e:c13,44058,,,2001:4860:4802:34::223,443,Dynamic,18:36:01,19:06:01,2026/06/09,2026/06/09,866726066636401,405856151004844,2405:200:5213:25:3903:110:2:36,Jionet,4058560c345c000,4058560c345c000,2026/06/09 18:39:19,11.564,15919,31757,HOME,Bihar,
,,,,,917301042183,917301042183,2409:40e4:5f:f470:88cf:15ff:fe1e:c13,43952,,,2001:4860:4802:34::223,443,Dynamic,18:36:01,19:06:01,2026/06/09,2026/06/09,866726066636401,405856151004844,2405:200:5213:25:3903:110:2:36,Jionet,4058560c345c000,4058560c345c000,2026/06/09 18:39:14,11.548,2481011,13623995,HOME,Bihar,
,,,,,917301042183,917301042183,2409:40e4:5f:f470:88cf:15ff:fe1e:c13,43952,,,2001:4860:4802:34::223,443,Dynamic,18:36:01,19:06:01,2026/06/09,2026/06/09,866726066636401,405856151004844,2405:200:5213:25:3903:110:2:36,Jionet,4058560c345c000,4058560c345c000,2026/06/09 18:39:14,11.548,15919,31757,HOME,Bihar,
,,,,,917301042183,917301042183,2409:40e4:5f:f470:88cf:15ff:fe1e:c13,44134,,,2001:4860:4802:34::223,443,Dynamic,18:36:01,19:06:01,2026/06/09,2026/06/09,866726066636401,405856151004844,2405:200:5213:25:3903:110:2:36,Jionet,4058560c345c000,4058560c345c000,2026/06/09 18:39:20,11.6,2481011,13623995,HOME,Bihar,
,,,,,917301042183,917301042183,2409:40e4:5f:f470:88cf:15ff:fe1e:c13,44134,,,2001:4860:4802:34::223,443,Dynamic,18:36:01,19:06:01,2026/06/09,2026/06/09,866726066636401,405856151004844,2405:200:5213:25:3903:110:2:36,Jionet,4058560c345c000,4058560c345c000,2026/06/09 18:39:20,11.6,15919,31757,HOME,Bihar,
,,,,,917301042183,917301042183,2409:40e4:5f:f470:88cf:15ff:fe1e:c13,44040,,,2001:4860:4802:34::223,443,Dynamic,18:36:01,19:06:01,2026/06/09,2026/06/09,866726066636401,405856151004844,2405:200:5213:25:3903:110:2:36,Jionet,4058560c345c000,4058560c345c000,2026/06/09 18:39:17,11.579,2481011,13623995,HOME,Bihar,
,,,,,917301042183,917301042183,2409:40e4:5f:f470:88cf:15ff:fe1e:c13,44040,,,2001:4860:4802:34::223,443,Dynamic,18:36:01,19:06:01,2026/06/09,2026/06/09,866726066636401,405856151004844,2405:200:5213:25:3903:110:2:36,Jionet,4058560c345c000,4058560c345c000,2026/06/09 18:39:17,11.579,15919,31757,HOME,Bihar,
,,,,,917301042183,917301042183,2409:40e4:5f:f470:88cf:15ff:fe1e:c13,44082,,,2001:4860:4802:34::223,443,Dynamic,18:36:01,19:06:01,2026/06/09,2026/06/09,866726066636401,405856151004844,2405:200:5213:25:3903:110:2:36,Jionet,4058560c345c000,4058560c345c000,2026/06/09 18:39:19,11.608,2481011,13623995,HOME,Bihar,
,,,,,917301042183,917301042183,2409:40e4:5f:f470:88cf:15ff:fe1e:c13,44082,,,2001:4860:4802:34::223,443,Dynamic,18:36:01,19:06:01,2026/06/09,2026/06/09,866726066636401,405856151004844,2405:200:5213:25:3903:110:2:36,Jionet,4058560c345c000,4058560c345c000,2026/06/09 18:39:19,11.608,15919,31757,HOME,Bihar,
,,,,,917301042183,917301042183,2409:40e4:5f:f470:88cf:15ff:fe1e:c13,43896,,,2001:4860:4802:34::223,443,Dynamic,18:36:01,19:06:01,2026/06/09,2026/06/09,866726066636401,405856151004844,2405:200:5213:25:3903:110:2:36,Jionet,4058560c345c000,4058560c345c000,2026/06/09 18:39:12,11.612,2481011,13623995,HOME,Bihar,
,,,,,917301042183,917301042183,2409:40e4:5f:f470:88cf:15ff:fe1e:c13,43896,,,2001:4860:4802:34::223,443,Dynamic,18:36:01,19:06:01,2026/06/09,2026/06/09,866726066636401,405856151004844,2405:200:5213:25:3903:110:2:36,Jionet,4058560c345c000,4058560c345c000,2026/06/09 18:39:12,11.612,15919,31757,HOME,Bihar,
,,,,,917301042183,917301042183,2409:40e4:5f:f470:88cf:15ff:fe1e:c13,44118,,,2001:4860:4802:34::223,443,Dynamic,18:36:01,19:06:01,2026/06/09,2026/06/09,866726066636401,405856151004844,2405:200:5213:25:3903:110:2:36,Jionet,4058560c345c000,4058560c345c000,2026/06/09 18:39:19,11.589,2481011,13623995,HOME,Bihar,
,,,,,917301042183,917301042183,2409:40e4:5f:f470:88cf:15ff:fe1e:c13,44118,,,2001:4860:4802:34::223,443,Dynamic,18:36:01,19:06:01,2026/06/09,2026/06/09,866726066636401,405856151004844,2405:200:5213:25:3903:110:2:36,Jionet,4058560c345c000,4058560c345c000,2026/06/09 18:39:19,11.589,15919,31757,HOME,Bihar,
,,,,,917301042183,917301042183,2409:40e4:5f:f470:88cf:15ff:fe1e:c13,43964,,,2001:4860:4802:34::223,443,Dynamic,18:36:01,19:06:01,2026/06/09,2026/06/09,866726066636401,405856151004844,2405:200:5213:25:3903:110:2:36,Jionet,4058560c345c000,4058560c345c000,2026/06/09 18:39:14,11.425,2481011,13623995,HOME,Bihar,
,,,,,917301042183,917301042183,2409:40e4:5f:f470:88cf:15ff:fe1e:c13,43964,,,2001:4860:4802:34::223,443,Dynamic,18:36:01,19:06:01,2026/06/09,2026/06/09,866726066636401,405856151004844,2405:200:5213:25:3903:110:2:36,Jionet,4058560c345c000,4058560c345c000,2026/06/09 18:39:14,11.425,15919,31757,HOME,Bihar,
,,,,,917301042183,917301042183,2409:40e4:5f:f470:88cf:15ff:fe1e:c13,37276,,,2405:200:1630:ff74:face:b00c:3333:7020,443,Dynamic,18:36:01,19:06:01,2026/06/09,2026/06/09,866726066636401,405856151004844,2405:200:5213:25:3903:110:2:36,Jionet,4058560c345c000,4058560c345c000,2026/06/09 18:37:09,96.569,2481011,13623995,HOME,Bihar,
,,,,,917301042183,917301042183,2409:40e4:5f:f470:88cf:15ff:fe1e:c13,37276,,,2405:200:1630:ff74:face:b00c:3333:7020,443,Dynamic,18:36:01,19:06:01,2026/06/09,2026/06/09,866726066636401,405856151004844,2405:200:5213:25:3903:110:2:36,Jionet,4058560c345c000,4058560c345c000,2026/06/09 18:37:09,96.569,15919,31757,HOME,Bihar,
,,,,,917301042183,917301042183,2409:40e4:5f:f470:88cf:15ff:fe1e:c13,43854,,,2001:4860:4802:34::223,443,Dynamic,18:36:01,19:06:01,2026/06/09,2026/06/09,866726066636401,405856151004844,2405:200:5213:25:3903:110:2:36,Jionet,4058560c345c000,4058560c345c000,2026/06/09 18:39:11,11.596,2481011,13623995,HOME,Bihar,
,,,,,917301042183,917301042183,2409:40e4:5f:f470:88cf:15ff:fe1e:c13,43854,,,2001:4860:4802:34::223,443,Dynamic,18:36:01,19:06:01,2026/06/09,2026/06/09,866726066636401,405856151004844,2405:200:5213:25:3903:110:2:36,Jionet,4058560c345c000,4058560c345c000,2026/06/09 18:39:11,11.596,15919,31757,HOME,Bihar,
,,,,,917301042183,917301042183,2409:40e4:5f:f470:88cf:15ff:fe1e:c13,38822,,,2a03:2880:f347:3:face:b00c:0:4c63,443,Dynamic,18:06:01,18:36:01,2026/06/09,2026/06/09,866726066636401,405856151004844,2405:200:5213:25:3903:110:2:36,Jionet,4058560c345c000,4058560c345c000,2026/06/09 18:35:20,183.141,18630,30560,HOME,Bihar,
,,,,,917301042183,917301042183,2409:40e4:5f:f470:88cf:15ff:fe1e:c13,38822,,,2a03:2880:f347:3:face:b00c:0:4c63,443,Dynamic,18:06:01,18:36:01,2026/06/09,2026/06/09,866726066636401,405856151004844,2405:200:5213:25:3903:110:2:36,Jionet,4058560c345c000,4058560c345c000,2026/06/09 18:35:20,183.141,9610142,152408233,HOME,Bihar,
,,,,,917301042183,917301042183,2409:40e4:5f:f470:88cf:15ff:fe1e:c13,43936,,,2001:4860:4802:34::223,443,Dynamic,18:36:01,19:06:01,2026/06/09,2026/06/09,866726066636401,405856151004844,2405:200:5213:25:3903:110:2:36,Jionet,4058560c345c000,4058560c345c000,2026/06/09 18:39:13,11.4,2481011,13623995,HOME,Bihar,
,,,,,917301042183,917301042183,2409:40e4:5f:f470:88cf:15ff:fe1e:c13,43936,,,2001:4860:4802:34::223,443,Dynamic,18:36:01,19:06:01,2026/06/09,2026/06/09,866726066636401,405856151004844,2405:200:5213:25:3903:110:2:36,Jionet,4058560c345c000,4058560c345c000,2026/06/09 18:39:13,11.4,15919,31757,HOME,Bihar,
,,,,,917301042183,917301042183,2409:40e4:5f:f470:88cf:15ff:fe1e:c13,44054,,,2001:4860:4802:34::223,443,Dynamic,18:36:01,19:06:01,2026/06/09,2026/06/09,866726066636401,405856151004844,2405:200:5213:25:3903:110:2:36,Jionet,4058560c345c000,4058560c345c000,2026/06/09 18:39:17,11.576,2481011,13623995,HOME,Bihar,
,,,,,917301042183,917301042183,2409:40e4:5f:f470:88cf:15ff:fe1e:c13,44054,,,2001:4860:4802:34::223,443,Dynamic,18:36:01,19:06:01,2026/06/09,2026/06/09,866726066636401,405856151004844,2405:200:5213:25:3903:110:2:36,Jionet,4058560c345c000,4058560c345c000,2026/06/09 18:39:17,11.576,15919,31757,HOME,Bihar,
,,,,,917301042183,917301042183,2409:40e4:5f:f470:88cf:15ff:fe1e:c13,43982,,,2001:4860:4802:34::223,443,Dynamic,18:36:01,19:06:01,2026/06/09,2026/06/09,866726066636401,405856151004844,2405:200:5213:25:3903:110:2:36,Jionet,4058560c345c000,4058560c345c000,2026/06/09 18:39:15,11.592,2481011,13623995,HOME,Bihar,
,,,,,917301042183,917301042183,2409:40e4:5f:f470:88cf:15ff:fe1e:c13,43982,,,2001:4860:4802:34::223,443,Dynamic,18:36:01,19:06:01,2026/06/09,2026/06/09,866726066636401,405856151004844,2405:200:5213:25:3903:110:2:36,Jionet,4058560c345c000,4058560c345c000,2026/06/09 18:39:15,11.592,15919,31757,HOME,Bihar,
,,,,,917301042183,917301042183,2409:40e4:5f:f470:88cf:15ff:fe1e:c13,44028,,,2001:4860:4802:34::223,443,Dynamic,18:36:01,19:06:01,2026/06/09,2026/06/09,866726066636401,405856151004844,2405:200:5213:25:3903:110:2:36,Jionet,4058560c345c000,4058560c345c000,2026/06/09 18:39:17,11.56,2481011,13623995,HOME,Bihar,
,,,,,917301042183,917301042183,2409:40e4:5f:f470:88cf:15ff:fe1e:c13,44028,,,2001:4860:4802:34::223,443,Dynamic,18:36:01,19:06:01,2026/06/09,2026/06/09,866726066636401,405856151004844,2405:200:5213:25:3903:110:2:36,Jionet,4058560c345c000,4058560c345c000,2026/06/09 18:39:17,11.56,15919,31757,HOME,Bihar,
,,,,,917301042183,917301042183,2409:40e4:5f:f470:88cf:15ff:fe1e:c13,43874,,,2001:4860:4802:34::223,443,Dynamic,18:36:01,19:06:01,2026/06/09,2026/06/09,866726066636401,405856151004844,2405:200:5213:25:3903:110:2:36,Jionet,4058560c345c000,4058560c345c000,2026/06/09 18:39:11,11.627,2481011,13623995,HOME,Bihar,
,,,,,917301042183,917301042183,2409:40e4:5f:f470:88cf:15ff:fe1e:c13,43874,,,2001:4860:4802:34::223,443,Dynamic,18:36:01,19:06:01,2026/06/09,2026/06/09,866726066636401,405856151004844,2405:200:5213:25:3903:110:2:36,Jionet,4058560c345c000,4058560c345c000,2026/06/09 18:39:11,11.627,15919,31757,HOME,Bihar,
,,,,,917301042183,917301042183,2409:40e4:5f:f470:88cf:15ff:fe1e:c13,44016,,,2001:4860:4802:34::223,443,Dynamic,18:36:01,19:06:01,2026/06/09,2026/06/09,866726066636401,405856151004844,2405:200:5213:25:3903:110:2:36,Jionet,4058560c345c000,4058560c345c000,2026/06/09 18:39:17,11.397,2481011,13623995,HOME,Bihar,
,,,,,917301042183,917301042183,2409:40e4:5f:f470:88cf:15ff:fe1e:c13,44016,,,2001:4860:4802:34::223,443,Dynamic,18:36:01,19:06:01,2026/06/09,2026/06/09,866726066636401,405856151004844,2405:200:5213:25:3903:110:2:36,Jionet,4058560c345c000,4058560c345c000,2026/06/09 18:39:17,11.397,15919,31757,HOME,Bihar,
,,,,,917301042183,917301042183,2409:40e4:5f:f470:88cf:15ff:fe1e:c13,44008,,,2001:4860:4802:34::223,443,Dynamic,18:36:01,19:06:01,2026/06/09,2026/06/09,866726066636401,405856151004844,2405:200:5213:25:3903:110:2:36,Jionet,4058560c345c000,4058560c345c000,2026/06/09 18:39:17,11.421,2481011,13623995,HOME,Bihar,
,,,,,917301042183,917301042183,2409:40e4:5f:f470:88cf:15ff:fe1e:c13,44008,,,2001:4860:4802:34::223,443,Dynamic,18:36:01,19:06:01,2026/06/09,2026/06/09,866726066636401,405856151004844,2405:200:5213:25:3903:110:2:36,Jionet,4058560c345c000,4058560c345c000,2026/06/09 18:39:17,11.421,15919,31757,HOME,Bihar,
,,,,,917301042183,917301042183,2409:40e4:5f:f470:88cf:15ff:fe1e:c13,43958,,,2001:4860:4802:34::223,443,Dynamic,18:36:01,19:06:01,2026/06/09,2026/06/09,866726066636401,405856151004844,2405:200:5213:25:3903:110:2:36,Jionet,4058560c345c000,4058560c345c000,2026/06/09 18:39:14,11.52,2481011,13623995,HOME,Bihar,
,,,,,917301042183,917301042183,2409:40e4:5f:f470:88cf:15ff:fe1e:c13,43958,,,2001:4860:4802:34::223,443,Dynamic,18:36:01,19:06:01,2026/06/09,2026/06/09,866726066636401,405856151004844,2405:200:5213:25:3903:110:2:36,Jionet,4058560c345c000,4058560c345c000,2026/06/09 18:39:14,11.52,15919,31757,HOME,Bihar,
,,,,,917301042183,917301042183,2409:40e4:5f:f470:88cf:15ff:fe1e:c13,44012,,,2001:4860:4802:34::223,443,Dynamic,18:36:01,19:06:01,2026/06/09,2026/06/09,866726066636401,405856151004844,2405:200:5213:25:3903:110:2:36,Jionet,4058560c345c000,4058560c345c000,2026/06/09 18:39:17,11.6,2481011,13623995,HOME,Bihar,
,,,,,917301042183,917301042183,2409:40e4:5f:f470:88cf:15ff:fe1e:c13,44012,,,2001:4860:4802:34::223,443,Dynamic,18:36:01,19:06:01,2026/06/09,2026/06/09,866726066636401,405856151004844,2405:200:5213:25:3903:110:2:36,Jionet,4058560c345c000,4058560c345c000,2026/06/09 18:39:17,11.6,15919,31757,HOME,Bihar,
,,,,,917301042183,917301042183,2409:40e4:5f:f470:88cf:15ff:fe1e:c13,43990,,,2001:4860:4802:34::223,443,Dynamic,18:36:01,19:06:01,2026/06/09,2026/06/09,866726066636401,405856151004844,2405:200:5213:25:3903:110:2:36,Jionet,4058560c345c000,4058560c345c000,2026/06/09 18:39:15,11.608,2481011,13623995,HOME,Bihar,
,,,,,917301042183,917301042183,2409:40e4:5f:f470:88cf:15ff:fe1e:c13,43990,,,2001:4860:4802:34::223,443,Dynamic,18:36:01,19:06:01,2026/06/09,2026/06/09,866726066636401,405856151004844,2405:200:5213:25:3903:110:2:36,Jionet,4058560c345c000,4058560c345c000,2026/06/09 18:39:15,11.608,15919,31757,HOME,Bihar,
,,,,,917301042183,917301042183,2409:40e4:5f:f470:88cf:15ff:fe1e:c13,37400,,,2001:4860:4802:34::223,443,Dynamic,18:36:01,19:06:01,2026/06/09,2026/06/09,866726066636401,405856151004844,2405:200:5213:25:3903:110:2:36,Jionet,4058560c345c000,4058560c345c000,2026/06/09 18:39:09,11.772,2481011,13623995,HOME,Bihar,
,,,,,917301042183,917301042183,2409:40e4:5f:f470:88cf:15ff:fe1e:c13,37400,,,2001:4860:4802:34::223,443,Dynamic,18:36:01,19:06:01,2026/06/09,2026/06/09,866726066636401,405856151004844,2405:200:5213:25:3903:110:2:36,Jionet,4058560c345c000,4058560c345c000,2026/06/09 18:39:09,11.772,15919,31757,HOME,Bihar,
,,,,,917301042183,917301042183,2409:40e4:5f:f470:88cf:15ff:fe1e:c13,43992,,,2001:4860:4802:34::223,443,Dynamic,18:36:01,19:06:01,2026/06/09,2026/06/09,866726066636401,405856151004844,2405:200:5213:25:3903:110:2:36,Jionet,4058560c345c000,4058560c345c000,2026/06/09 18:39:17,11.68,2481011,13623995,HOME,Bihar,
,,,,,917301042183,917301042183,2409:40e4:5f:f470:88cf:15ff:fe1e:c13,43992,,,2001:4860:4802:34::223,443,Dynamic,18:36:01,19:06:01,2026/06/09,2026/06/09,866726066636401,405856151004844,2405:200:5213:25:3903:110:2:36,Jionet,4058560c345c000,4058560c345c000,2026/06/09 18:39:17,11.68,15919,31757,HOME,Bihar,
,,,,,917301042183,917301042183,2409:40e4:5f:f470:88cf:15ff:fe1e:c13,47328,,,2a03:2880:f346:8d:face:b00c:0:2,443,Dynamic,18:06:01,18:36:01,2026/06/09,2026/06/09,866726066636401,405856151004844,2405:200:5213:25:3903:110:2:36,Jionet,4058560c345c000,4058560c345c000,2026/06/09 18:07:50,11.529,18630,30560,HOME,Bihar,
,,,,,917301042183,917301042183,2409:40e4:5f:f470:88cf:15ff:fe1e:c13,47328,,,2a03:2880:f346:8d:face:b00c:0:2,443,Dynamic,18:06:01,18:36:01,2026/06/09,2026/06/09,866726066636401,405856151004844,2405:200:5213:25:3903:110:2:36,Jionet,4058560c345c000,4058560c345c000,2026/06/09 18:07:50,11.529,9610142,152408233,HOME,Bihar,
,,,,,917301042183,917301042183,2409:40e4:5f:f470:88cf:15ff:fe1e:c13,38822,,,2a03:2880:f347:3:face:b00c:0:4c63,443,Dynamic,17:51:44,18:06:01,2026/06/09,2026/06/09,866726066636401,405856151004844,2405:200:5213:25:3903:110:2:36,Jionet,405856044a330,4058560c345c000,2026/06/09 18:05:18,185.38,8624611,41418559,HOME,Bihar,
,,,,,917301042183,917301042183,2409:40e4:5f:f470:88cf:15ff:fe1e:c13,40938,,,2405:200:1630:ff74:face:b00c:0:a7,443,Dynamic,17:51:44,18:06:01,2026/06/09,2026/06/09,866726066636401,405856151004844,2405:200:5213:25:3903:110:2:36,Jionet,405856044a330,4058560c345c000,2026/06/09 18:04:12,222.042,8624611,41418559,HOME,Bihar,
,,,,,917301042183,917301042183,2409:40e4:5f:f470:88cf:15ff:fe1e:c13,38811,,,2405:200:1613:2885:face:b00c:0:a7,443,Dynamic,18:06:01,18:36:01,2026/06/09,2026/06/09,866726066636401,405856151004844,2405:200:5213:25:3903:110:2:36,Jionet,4058560c345c000,4058560c345c000,2026/06/09 18:07:11,62.94,18630,30560,HOME,Bihar,
,,,,,917301042183,917301042183,2409:40e4:5f:f470:88cf:15ff:fe1e:c13,38811,,,2405:200:1613:2885:face:b00c:0:a7,443,Dynamic,18:06:01,18:36:01,2026/06/09,2026/06/09,866726066636401,405856151004844,2405:200:5213:25:3903:110:2:36,Jionet,4058560c345c000,4058560c345c000,2026/06/09 18:07:11,62.94,9610142,152408233,HOME,Bihar,
,,,,,917301042183,917301042183,2409:40e4:5f:f470:88cf:15ff:fe1e:c13,46746,,,2a03:2880:f346:c0:face:b00c:0:43fe,443,Dynamic,18:06:01,18:36:01,2026/06/09,2026/06/09,866726066636401,405856151004844,2405:200:5213:25:3903:110:2:36,Jionet,4058560c345c000,4058560c345c000,2026/06/09 18:07:11,76.289,18630,30560,HOME,Bihar,
,,,,,917301042183,917301042183,2409:40e4:5f:f470:88cf:15ff:fe1e:c13,46746,,,2a03:2880:f346:c0:face:b00c:0:43fe,443,Dynamic,18:06:01,18:36:01,2026/06/09,2026/06/09,866726066636401,405856151004844,2405:200:5213:25:3903:110:2:36,Jionet,4058560c345c000,4058560c345c000,2026/06/09 18:07:11,76.289,9610142,152408233,HOME,Bihar,
,,,,,917301042183,917301042183,2409:40e4:5f:f470:88cf:15ff:fe1e:c13,45686,,,2a03:2880:f16a:87:face:b00c:0:79f4,443,Dynamic,18:06:01,18:36:01,2026/06/09,2026/06/09,866726066636401,405856151004844,2405:200:5213:25:3903:110:2:36,Jionet,4058560c345c000,4058560c345c000,2026/06/09 18:17:43,98.38,18630,30560,HOME,Bihar,
,,,,,917301042183,917301042183,2409:40e4:5f:f470:88cf:15ff:fe1e:c13,45686,,,2a03:2880:f16a:87:face:b00c:0:79f4,443,Dynamic,18:06:01,18:36:01,2026/06/09,2026/06/09,866726066636401,405856151004844,2405:200:5213:25:3903:110:2:36,Jionet,4058560c345c000,4058560c345c000,2026/06/09 18:17:43,98.38,9610142,152408233,HOME,Bihar,
,,,,,917301042183,917301042183,2409:40e4:5f:f470:88cf:15ff:fe1e:c13,42690,,,2a03:2880:f346:3:face:b00c:0:4c63,443,Dynamic,18:06:01,18:36:01,2026/06/09,2026/06/09,866726066636401,405856151004844,2405:200:5213:25:3903:110:2:36,Jionet,4058560c345c000,4058560c345c000,2026/06/09 18:17:27,72.675,18630,30560,HOME,Bihar,
,,,,,917301042183,917301042183,2409:40e4:5f:f470:88cf:15ff:fe1e:c13,42690,,,2a03:2880:f346:3:face:b00c:0:4c63,443,Dynamic,18:06:01,18:36:01,2026/06/09,2026/06/09,866726066636401,405856151004844,2405:200:5213:25:3903:110:2:36,Jionet,4058560c345c000,4058560c345c000,2026/06/09 18:17:27,72.675,9610142,152408233,HOME,Bihar,
,,,,,917301042183,917301042183,2409:40e4:5f:f470:88cf:15ff:fe1e:c13,42678,,,2a03:2880:f346:3:face:b00c:0:4c63,443,Dynamic,18:06:01,18:36:01,2026/06/09,2026/06/09,866726066636401,405856151004844,2405:200:5213:25:3903:110:2:36,Jionet,4058560c345c000,4058560c345c000,2026/06/09 18:17:27,105.543,18630,30560,HOME,Bihar,
,,,,,917301042183,917301042183,2409:40e4:5f:f470:88cf:15ff:fe1e:c13,42678,,,2a03:2880:f346:3:face:b00c:0:4c63,443,Dynamic,18:06:01,18:36:01,2026/06/09,2026/06/09,866726066636401,405856151004844,2405:200:5213:25:3903:110:2:36,Jionet,4058560c345c000,4058560c345c000,2026/06/09 18:17:27,105.543,9610142,152408233,HOME,Bihar,
,,,,,917301042183,917301042183,2409:40e4:5f:f470:88cf:15ff:fe1e:c13,42668,,,2a03:2880:f346:3:face:b00c:0:4c63,443,Dynamic,18:06:01,18:36:01,2026/06/09,2026/06/09,866726066636401,405856151004844,2405:200:5213:25:3903:110:2:36,Jionet,4058560c345c000,4058560c345c000,2026/06/09 18:17:27,68.755,18630,30560,HOME,Bihar,
,,,,,917301042183,917301042183,2409:40e4:5f:f470:88cf:15ff:fe1e:c13,42668,,,2a03:2880:f346:3:face:b00c:0:4c63,443,Dynamic,18:06:01,18:36:01,2026/06/09,2026/06/09,866726066636401,405856151004844,2405:200:5213:25:3903:110:2:36,Jionet,4058560c345c000,4058560c345c000,2026/06/09 18:17:27,68.755,9610142,152408233,HOME,Bihar,
,,,,,917301042183,917301042183,2409:40e4:5f:f470:88cf:15ff:fe1e:c13,44950,,,2a03:2880:f346:90:face:b00c:0:8e,443,Dynamic,18:06:01,18:36:01,2026/06/09,2026/06/09,866726066636401,405856151004844,2405:200:5213:25:3903:110:2:36,Jionet,4058560c345c000,4058560c345c000,2026/06/09 18:14:37,288.235,18630,30560,HOME,Bihar,
,,,,,917301042183,917301042183,2409:40e4:5f:f470:88cf:15ff:fe1e:c13,44950,,,2a03:2880:f346:90:face:b00c:0:8e,443,Dynamic,18:06:01,18:36:01,2026/06/09,2026/06/09,866726066636401,405856151004844,2405:200:5213:25:3903:110:2:36,Jionet,4058560c345c000,4058560c345c000,2026/06/09 18:14:37,288.235,9610142,152408233,HOME,Bihar,
,,,,,917301042183,917301042183,2409:40e4:5f:f470:88cf:15ff:fe1e:c13,49592,,,2405:200:1613:2885:face:b00c:3333:7020,443,Dynamic,18:06:01,18:36:01,2026/06/09,2026/06/09,866726066636401,405856151004844,2405:200:5213:25:3903:110:2:36,Jionet,4058560c345c000,4058560c345c000,2026/06/09 18:17:11,67.945,18630,30560,HOME,Bihar,
,,,,,917301042183,917301042183,2409:40e4:5f:f470:88cf:15ff:fe1e:c13,49592,,,2405:200:1613:2885:face:b00c:3333:7020,443,Dynamic,18:06:01,18:36:01,2026/06/09,2026/06/09,866726066636401,405856151004844,2405:200:5213:25:3903:110:2:36,Jionet,4058560c345c000,4058560c345c000,2026/06/09 18:17:11,67.945,9610142,152408233,HOME,Bihar,
,,,,,917301042183,917301042183,2409:40e4:5f:f470:88cf:15ff:fe1e:c13,37886,,,2a03:2880:f347:90:face:b00c:0:8e,443,Dynamic,18:06:01,18:36:01,2026/06/09,2026/06/09,866726066636401,405856151004844,2405:200:5213:25:3903:110:2:36,Jionet,4058560c345c000,4058560c345c000,2026/06/09 18:19:08,2.06,18630,30560,HOME,Bihar,
,,,,,917301042183,917301042183,2409:40e4:5f:f470:88cf:15ff:fe1e:c13,37886,,,2a03:2880:f347:90:face:b00c:0:8e,443,Dynamic,18:06:01,18:36:01,2026/06/09,2026/06/09,866726066636401,405856151004844,2405:200:5213:25:3903:110:2:36,Jionet,4058560c345c000,4058560c345c000,2026/06/09 18:19:08,2.06,9610142,152408233,HOME,Bihar,
,,,,,917301042183,917301042183,2409:40e4:5f:f470:88cf:15ff:fe1e:c13,38666,,,2a03:2880:f160:87:face:b00c:0:79f4,443,Dynamic,18:06:01,18:36:01,2026/06/09,2026/06/09,866726066636401,405856151004844,2405:200:5213:25:3903:110:2:36,Jionet,4058560c345c000,4058560c345c000,2026/06/09 18:17:26,62.389,18630,30560,HOME,Bihar,
,,,,,917301042183,917301042183,2409:40e4:5f:f470:88cf:15ff:fe1e:c13,38666,,,2a03:2880:f160:87:face:b00c:0:79f4,443,Dynamic,18:06:01,18:36:01,2026/06/09,2026/06/09,866726066636401,405856151004844,2405:200:5213:25:3903:110:2:36,Jionet,4058560c345c000,4058560c345c000,2026/06/09 18:17:26,62.389,9610142,152408233,HOME,Bihar,
,,,,,917301042183,917301042183,2409:40e4:5f:f470:88cf:15ff:fe1e:c13,44196,,,2a03:2880:f346:3:face:b00c:0:4c63,443,Dynamic,18:06:01,18:36:01,2026/06/09,2026/06/09,866726066636401,405856151004844,2405:200:5213:25:3903:110:2:36,Jionet,4058560c345c000,4058560c345c000,2026/06/09 18:16:52,119.66,18630,30560,HOME,Bihar,
,,,,,917301042183,917301042183,2409:40e4:5f:f470:88cf:15ff:fe1e:c13,44196,,,2a03:2880:f346:3:face:b00c:0:4c63,443,Dynamic,18:06:01,18:36:01,2026/06/09,2026/06/09,866726066636401,405856151004844,2405:200:5213:25:3903:110:2:36,Jionet,4058560c345c000,4058560c345c000,2026/06/09 18:16:52,119.66,9610142,152408233,HOME,Bihar,
,,,,,917301042183,917301042183,2409:40e4:5f:f470:88cf:15ff:fe1e:c13,45766,,,2a03:2880:f347:8d:face:b00c:0:2,443,Dynamic,18:06:01,18:36:01,2026/06/09,2026/06/09,866726066636401,405856151004844,2405:200:5213:25:3903:110:2:36,Jionet,4058560c345c000,4058560c345c000,2026/06/09 18:17:29,72.756,18630,30560,HOME,Bihar,
,,,,,917301042183,917301042183,2409:40e4:5f:f470:88cf:15ff:fe1e:c13,45766,,,2a03:2880:f347:8d:face:b00c:0:2,443,Dynamic,18:06:01,18:36:01,2026/06/09,2026/06/09,866726066636401,405856151004844,2405:200:5213:25:3903:110:2:36,Jionet,4058560c345c000,4058560c345c000,2026/06/09 18:17:29,72.756,9610142,152408233,HOME,Bihar,
,,,,,917301042183,917301042183,2409:40e4:5f:f470:88cf:15ff:fe1e:c13,46412,,,2a03:2880:f347:121:face:b00c:0:7260,5222,Dynamic,18:06:01,18:36:01,2026/06/09,2026/06/09,866726066636401,405856151004844,2405:200:5213:25:3903:110:2:36,Jionet,4058560c345c000,4058560c345c000,2026/06/09 18:15:05,179.32,18630,30560,HOME,Bihar,
,,,,,917301042183,917301042183,2409:40e4:5f:f470:88cf:15ff:fe1e:c13,46412,,,2a03:2880:f347:121:face:b00c:0:7260,5222,Dynamic,18:06:01,18:36:01,2026/06/09,2026/06/09,866726066636401,405856151004844,2405:200:5213:25:3903:110:2:36,Jionet,4058560c345c000,4058560c345c000,2026/06/09 18:15:05,179.32,9610142,152408233,HOME,Bihar,
,,,,,917301042183,917301042183,2409:40e4:5f:f470:88cf:15ff:fe1e:c13,38396,,,2a03:2880:f346:24:face:b00c:0:6e2e,5222,Dynamic,18:06:01,18:36:01,2026/06/09,2026/06/09,866726066636401,405856151004844,2405:200:5213:25:3903:110:2:36,Jionet,4058560c345c000,4058560c345c000,2026/06/09 18:16:44,167.441,18630,30560,HOME,Bihar,
,,,,,917301042183,917301042183,2409:40e4:5f:f470:88cf:15ff:fe1e:c13,38396,,,2a03:2880:f346:24:face:b00c:0:6e2e,5222,Dynamic,18:06:01,18:36:01,2026/06/09,2026/06/09,866726066636401,405856151004844,2405:200:5213:25:3903:110:2:36,Jionet,4058560c345c000,4058560c345c000,2026/06/09 18:16:44,167.441,9610142,152408233,HOME,Bihar,
,,,,,917301042183,917301042183,2409:40e4:5f:f470:88cf:15ff:fe1e:c13,49432,,,2a03:2880:f347:8:face:b00c:0:38d9,5222,Dynamic,17:51:44,18:06:01,2026/06/09,2026/06/09,866726066636401,405856151004844,2405:200:5213:25:3903:110:2:36,Jionet,405856044a330,4058560c345c000,2026/06/09 18:04:09,158.685,8624611,41418559,HOME,Bihar,
,,,,,917301042183,917301042183,2409:40e4:5f:f470:88cf:15ff:fe1e:c13,40373,,,2404:6800:4009:803::200e,443,Dynamic,17:51:44,18:06:01,2026/06/09,2026/06/09,866726066636401,405856151004844,2405:200:5213:25:3903:110:2:36,Jionet,405856044a330,4058560c345c000,2026/06/09 18:05:25,82.332,8624611,41418559,HOME,Bihar,
,,,,,917301042183,917301042183,2409:40e4:5f:f470:88cf:15ff:fe1e:c13,45992,,,2a03:2880:f346:120:face:b00c:0:167,443,Dynamic,17:51:44,18:06:01,2026/06/09,2026/06/09,866726066636401,405856151004844,2405:200:5213:25:3903:110:2:36,Jionet,405856044a330,4058560c345c000,2026/06/09 18:05:44,66.989,8624611,41418559,HOME,Bihar,
,,,,,917301042183,917301042183,2409:40e4:5f:f470:88cf:15ff:fe1e:c13,45640,,,2a03:2880:f347:8d:face:b00c:0:2,443,Dynamic,18:06:01,18:36:01,2026/06/09,2026/06/09,866726066636401,405856151004844,2405:200:5213:25:3903:110:2:36,Jionet,4058560c345c000,4058560c345c000,2026/06/09 18:06:15,11.643,18630,30560,HOME,Bihar,
,,,,,917301042183,917301042183,2409:40e4:5f:f470:88cf:15ff:fe1e:c13,45640,,,2a03:2880:f347:8d:face:b00c:0:2,443,Dynamic,18:06:01,18:36:01,2026/06/09,2026/06/09,866726066636401,405856151004844,2405:200:5213:25:3903:110:2:36,Jionet,4058560c345c000,4058560c345c000,2026/06/09 18:06:15,11.643,9610142,152408233,HOME,Bihar,
,,,,,917301042183,917301042183,2409:40e4:5f:f470:88cf:15ff:fe1e:c13,42690,,,2a03:2880:f346:3:face:b00c:0:4c63,443,Dynamic,18:36:01,19:06:01,2026/06/09,2026/06/09,866726066636401,405856151004844,2405:200:5213:25:3903:110:2:36,Jionet,4058560c345c000,4058560c345c000,2026/06/09 18:47:47,112.668,2481011,13623995,HOME,Bihar,
,,,,,917301042183,917301042183,2409:40e4:5f:f470:88cf:15ff:fe1e:c13,42690,,,2a03:2880:f346:3:face:b00c:0:4c63,443,Dynamic,18:36:01,19:06:01,2026/06/09,2026/06/09,866726066636401,405856151004844,2405:200:5213:25:3903:110:2:36,Jionet,4058560c345c000,4058560c345c000,2026/06/09 18:47:47,112.668,15919,31757,HOME,Bihar,
,,,,,917301042183,917301042183,2409:40e4:5f:f470:88cf:15ff:fe1e:c13,46160,,,2a03:2880:f322:120:face:b00c:0:167,443,Dynamic,18:36:01,19:06:01,2026/06/09,2026/06/09,866726066636401,405856151004844,2405:200:5213:25:3903:110:2:36,Jionet,4058560c345c000,4058560c345c000,2026/06/09 18:49:37,70.741,2481011,13623995,HOME,Bihar,
,,,,,917301042183,917301042183,2409:40e4:5f:f470:88cf:15ff:fe1e:c13,46160,,,2a03:2880:f322:120:face:b00c:0:167,443,Dynamic,18:36:01,19:06:01,2026/06/09,2026/06/09,866726066636401,405856151004844,2405:200:5213:25:3903:110:2:36,Jionet,4058560c345c000,4058560c345c000,2026/06/09 18:49:37,70.741,15919,31757,HOME,Bihar,
,,,,,917301042183,917301042183,2409:40e4:5f:f470:88cf:15ff:fe1e:c13,47478,,,2a03:2880:f322:120:face:b00c:0:167,443,Dynamic,18:36:01,19:06:01,2026/06/09,2026/06/09,866726066636401,405856151004844,2405:200:5213:25:3903:110:2:36,Jionet,4058560c345c000,4058560c345c000,2026/06/09 18:48:17,90.861,2481011,13623995,HOME,Bihar,
,,,,,917301042183,917301042183,2409:40e4:5f:f470:88cf:15ff:fe1e:c13,47478,,,2a03:2880:f322:120:face:b00c:0:167,443,Dynamic,18:36:01,19:06:01,2026/06/09,2026/06/09,866726066636401,405856151004844,2405:200:5213:25:3903:110:2:36,Jionet,4058560c345c000,4058560c345c000,2026/06/09 18:48:17,90.861,15919,31757,HOME,Bihar,
,,,,,917301042183,917301042183,2409:40e4:5f:f470:88cf:15ff:fe1e:c13,42668,,,2a03:2880:f346:3:face:b00c:0:4c63,443,Dynamic,18:36:01,19:06:01,2026/06/09,2026/06/09,866726066636401,405856151004844,2405:200:5213:25:3903:110:2:36,Jionet,4058560c345c000,4058560c345c000,2026/06/09 18:47:47,108.764,2481011,13623995,HOME,Bihar,
,,,,,917301042183,917301042183,2409:40e4:5f:f470:88cf:15ff:fe1e:c13,42668,,,2a03:2880:f346:3:face:b00c:0:4c63,443,Dynamic,18:36:01,19:06:01,2026/06/09,2026/06/09,866726066636401,405856151004844,2405:200:5213:25:3903:110:2:36,Jionet,4058560c345c000,4058560c345c000,2026/06/09 18:47:47,108.764,15919,31757,HOME,Bihar,
,,,,,917301042183,917301042183,2409:40e4:5f:f470:88cf:15ff:fe1e:c13,44196,,,2a03:2880:f346:3:face:b00c:0:4c63,443,Dynamic,18:36:01,19:06:01,2026/06/09,2026/06/09,866726066636401,405856151004844,2405:200:5213:25:3903:110:2:36,Jionet,4058560c345c000,4058560c345c000,2026/06/09 18:47:31,140.569,2481011,13623995,HOME,Bihar,
,,,,,917301042183,917301042183,2409:40e4:5f:f470:88cf:15ff:fe1e:c13,44196,,,2a03:2880:f346:3:face:b00c:0:4c63,443,Dynamic,18:36:01,19:06:01,2026/06/09,2026/06/09,866726066636401,405856151004844,2405:200:5213:25:3903:110:2:36,Jionet,4058560c345c000,4058560c345c000,2026/06/09 18:47:31,140.569,15919,31757,HOME,Bihar,
,,,,,917301042183,917301042183,2409:40e4:5f:f470:88cf:15ff:fe1e:c13,45766,,,2a03:2880:f347:8d:face:b00c:0:2,443,Dynamic,18:06:01,18:36:01,2026/06/09,2026/06/09,866726066636401,405856151004844,2405:200:5213:25:3903:110:2:36,Jionet,4058560c345c000,4058560c345c000,2026/06/09 18:12:14,147.568,18630,30560,HOME,Bihar,
,,,,,917301042183,917301042183,2409:40e4:5f:f470:88cf:15ff:fe1e:c13,45766,,,2a03:2880:f347:8d:face:b00c:0:2,443,Dynamic,18:06:01,18:36:01,2026/06/09,2026/06/09,866726066636401,405856151004844,2405:200:5213:25:3903:110:2:36,Jionet,4058560c345c000,4058560c345c000,2026/06/09 18:12:14,147.568,9610142,152408233,HOME,Bihar,
,,,,,917301042183,917301042183,2409:40e4:5f:f470:88cf:15ff:fe1e:c13,38606,,,2001:4860:4802:36::223,443,Dynamic,18:06:01,18:36:01,2026/06/09,2026/06/09,866726066636401,405856151004844,2405:200:5213:25:3903:110:2:36,Jionet,4058560c345c000,4058560c345c000,2026/06/09 18:15:18,11.44,18630,30560,HOME,Bihar,
,,,,,917301042183,917301042183,2409:40e4:5f:f470:88cf:15ff:fe1e:c13,38606,,,2001:4860:4802:36::223,443,Dynamic,18:06:01,18:36:01,2026/06/09,2026/06/09,866726066636401,405856151004844,2405:200:5213:25:3903:110:2:36,Jionet,4058560c345c000,4058560c345c000,2026/06/09 18:15:18,11.44,9610142,152408233,HOME,Bihar,
,,,,,917301042183,917301042183,2409:40e4:5f:f470:88cf:15ff:fe1e:c13,44196,,,2a03:2880:f346:3:face:b00c:0:4c63,443,Dynamic,18:06:01,18:36:01,2026/06/09,2026/06/09,866726066636401,405856151004844,2405:200:5213:25:3903:110:2:36,Jionet,4058560c345c000,4058560c345c000,2026/06/09 18:11:35,196.071,18630,30560,HOME,Bihar,
,,,,,917301042183,917301042183,2409:40e4:5f:f470:88cf:15ff:fe1e:c13,44196,,,2a03:2880:f346:3:face:b00c:0:4c63,443,Dynamic,18:06:01,18:36:01,2026/06/09,2026/06/09,866726066636401,405856151004844,2405:200:5213:25:3903:110:2:36,Jionet,4058560c345c000,4058560c345c000,2026/06/09 18:11:35,196.071,9610142,152408233,HOME,Bihar,
,,,,,917301042183,917301042183,2409:40e4:5f:f470:88cf:15ff:fe1e:c13,38666,,,2a03:2880:f160:87:face:b00c:0:79f4,443,Dynamic,18:06:01,18:36:01,2026/06/09,2026/06/09,866726066636401,405856151004844,2405:200:5213:25:3903:110:2:36,Jionet,4058560c345c000,4058560c345c000,2026/06/09 18:13:36,112.328,18630,30560,HOME,Bihar,
,,,,,917301042183,917301042183,2409:40e4:5f:f470:88cf:15ff:fe1e:c13,38666,,,2a03:2880:f160:87:face:b00c:0:79f4,443,Dynamic,18:06:01,18:36:01,2026/06/09,2026/06/09,866726066636401,405856151004844,2405:200:5213:25:3903:110:2:36,Jionet,4058560c345c000,4058560c345c000,2026/06/09 18:13:36,112.328,9610142,152408233,HOME,Bihar,
,,,,,917301042183,917301042183,2409:40e4:5f:f470:88cf:15ff:fe1e:c13,40284,,,2a03:2880:f347:8d:face:b00c:0:2,443,Dynamic,18:06:01,18:36:01,2026/06/09,2026/06/09,866726066636401,405856151004844,2405:200:5213:25:3903:110:2:36,Jionet,4058560c345c000,4058560c345c000,2026/06/09 18:12:51,110.796,18630,30560,HOME,Bihar,
,,,,,917301042183,917301042183,2409:40e4:5f:f470:88cf:15ff:fe1e:c13,40284,,,2a03:2880:f347:8d:face:b00c:0:2,443,Dynamic,18:06:01,18:36:01,2026/06/09,2026/06/09,866726066636401,405856151004844,2405:200:5213:25:3903:110:2:36,Jionet,4058560c345c000,4058560c345c000,2026/06/09 18:12:51,110.796,9610142,152408233,HOME,Bihar,
,,,,,917301042183,917301042183,2409:40e4:5f:f470:88cf:15ff:fe1e:c13,42630,,,2a03:2880:f347:8:face:b00c:0:38d9,5222,Dynamic,18:06:01,18:36:01,2026/06/09,2026/06/09,866726066636401,405856151004844,2405:200:5213:25:3903:110:2:36,Jionet,4058560c345c000,4058560c345c000,2026/06/09 18:13:22,122.368,18630,30560,HOME,Bihar,
,,,,,917301042183,917301042183,2409:40e4:5f:f470:88cf:15ff:fe1e:c13,42630,,,2a03:2880:f347:8:face:b00c:0:38d9,5222,Dynamic,18:06:01,18:36:01,2026/06/09,2026/06/09,866726066636401,405856151004844,2405:200:5213:25:3903:110:2:36,Jionet,4058560c345c000,4058560c345c000,2026/06/09 18:13:22,122.368,9610142,152408233,HOME,Bihar,
,,,,,917301042183,917301042183,2409:40e4:5f:f470:88cf:15ff:fe1e:c13,49071,,,2001:4860:4802:34::223,443,Dynamic,18:06:01,18:36:01,2026/06/09,2026/06/09,866726066636401,405856151004844,2405:200:5213:25:3903:110:2:36,Jionet,4058560c345c000,4058560c345c000,2026/06/09 18:12:12,116.239,18630,30560,HOME,Bihar,
,,,,,917301042183,917301042183,2409:40e4:5f:f470:88cf:15ff:fe1e:c13,49071,,,2001:4860:4802:34::223,443,Dynamic,18:06:01,18:36:01,2026/06/09,2026/06/09,866726066636401,405856151004844,2405:200:5213:25:3903:110:2:36,Jionet,4058560c345c000,4058560c345c000,2026/06/09 18:12:12,116.239,9610142,152408233,HOME,Bihar,
,,,,,917301042183,917301042183,2409:40e4:5f:f470:88cf:15ff:fe1e:c13,45686,,,2a03:2880:f16a:87:face:b00c:0:79f4,443,Dynamic,18:06:01,18:36:01,2026/06/09,2026/06/09,866726066636401,405856151004844,2405:200:5213:25:3903:110:2:36,Jionet,4058560c345c000,4058560c345c000,2026/06/09 18:12:42,159.799,18630,30560,HOME,Bihar,
,,,,,917301042183,917301042183,2409:40e4:5f:f470:88cf:15ff:fe1e:c13,45686,,,2a03:2880:f16a:87:face:b00c:0:79f4,443,Dynamic,18:06:01,18:36:01,2026/06/09,2026/06/09,866726066636401,405856151004844,2405:200:5213:25:3903:110:2:36,Jionet,4058560c345c000,4058560c345c000,2026/06/09 18:12:42,159.799,9610142,152408233,HOME,Bihar,
,,,,,917301042183,917301042183,2409:40e4:5f:f470:88cf:15ff:fe1e:c13,44950,,,2a03:2880:f346:90:face:b00c:0:8e,443,Dynamic,18:06:01,18:36:01,2026/06/09,2026/06/09,866726066636401,405856151004844,2405:200:5213:25:3903:110:2:36,Jionet,4058560c345c000,4058560c345c000,2026/06/09 18:12:05,139.96,18630,30560,HOME,Bihar,
,,,,,917301042183,917301042183,2409:40e4:5f:f470:88cf:15ff:fe1e:c13,44950,,,2a03:2880:f346:90:face:b00c:0:8e,443,Dynamic,18:06:01,18:36:01,2026/06/09,2026/06/09,866726066636401,405856151004844,2405:200:5213:25:3903:110:2:36,Jionet,4058560c345c000,4058560c345c000,2026/06/09 18:12:05,139.96,9610142,152408233,HOME,Bihar,
,,,,,917301042183,917301042183,2409:40e4:5f:f470:88cf:15ff:fe1e:c13,38260,,,2a03:2880:f346:24:face:b00c:0:6e2e,5222,Dynamic,18:06:01,18:36:01,2026/06/09,2026/06/09,866726066636401,405856151004844,2405:200:5213:25:3903:110:2:36,Jionet,4058560c345c000,4058560c345c000,2026/06/09 18:12:27,87.317,18630,30560,HOME,Bihar,
,,,,,917301042183,917301042183,2409:40e4:5f:f470:88cf:15ff:fe1e:c13,38260,,,2a03:2880:f346:24:face:b00c:0:6e2e,5222,Dynamic,18:06:01,18:36:01,2026/06/09,2026/06/09,866726066636401,405856151004844,2405:200:5213:25:3903:110:2:36,Jionet,4058560c345c000,4058560c345c000,2026/06/09 18:12:27,87.317,9610142,152408233,HOME,Bihar,
,,,,,917301042183,917301042183,2409:40e4:5f:f470:88cf:15ff:fe1e:c13,42690,,,2a03:2880:f346:3:face:b00c:0:4c63,443,Dynamic,18:06:01,18:36:01,2026/06/09,2026/06/09,866726066636401,405856151004844,2405:200:5213:25:3903:110:2:36,Jionet,4058560c345c000,4058560c345c000,2026/06/09 18:12:08,151.628,18630,30560,HOME,Bihar,
,,,,,917301042183,917301042183,2409:40e4:5f:f470:88cf:15ff:fe1e:c13,42690,,,2a03:2880:f346:3:face:b00c:0:4c63,443,Dynamic,18:06:01,18:36:01,2026/06/09,2026/06/09,866726066636401,405856151004844,2405:200:5213:25:3903:110:2:36,Jionet,4058560c345c000,4058560c345c000,2026/06/09 18:12:08,151.628,9610142,152408233,HOME,Bihar,
,,,,,917301042183,917301042183,2409:40e4:5f:f470:88cf:15ff:fe1e:c13,45921,,,2405:200:1630:ff74:face:b00c:0:a7,443,Dynamic,18:06:01,18:36:01,2026/06/09,2026/06/09,866726066636401,405856151004844,2405:200:5213:25:3903:110:2:36,Jionet,4058560c345c000,4058560c345c000,2026/06/09 18:11:33,129.387,18630,30560,HOME,Bihar,
,,,,,917301042183,917301042183,2409:40e4:5f:f470:88cf:15ff:fe1e:c13,45921,,,2405:200:1630:ff74:face:b00c:0:a7,443,Dynamic,18:06:01,18:36:01,2026/06/09,2026/06/09,866726066636401,405856151004844,2405:200:5213:25:3903:110:2:36,Jionet,4058560c345c000,4058560c345c000,2026/06/09 18:11:33,129.387,9610142,152408233,HOME,Bihar,
,,,,,917301042183,917301042183,2409:40e4:5f:f470:88cf:15ff:fe1e:c13,47182,,,2404:6800:4003:c03::bc,5228,Dynamic,18:06:01,18:36:01,2026/06/09,2026/06/09,866726066636401,405856151004844,2405:200:5213:25:3903:110:2:36,Jionet,4058560c345c000,4058560c345c000,2026/06/09 18:12:27,98.82,18630,30560,HOME,Bihar,
,,,,,917301042183,917301042183,2409:40e4:5f:f470:88cf:15ff:fe1e:c13,47182,,,2404:6800:4003:c03::bc,5228,Dynamic,18:06:01,18:36:01,2026/06/09,2026/06/09,866726066636401,405856151004844,2405:200:5213:25:3903:110:2:36,Jionet,4058560c345c000,4058560c345c000,2026/06/09 18:12:27,98.82,9610142,152408233,HOME,Bihar,
,,,,,917301042183,917301042183,2409:40e4:5f:f470:88cf:15ff:fe1e:c13,48106,,,2a03:2880:f346:c0:face:b00c:0:43fe,443,Dynamic,18:06:01,18:36:01,2026/06/09,2026/06/09,866726066636401,405856151004844,2405:200:5213:25:3903:110:2:36,Jionet,4058560c345c000,4058560c345c000,2026/06/09 18:12:13,91.495,18630,30560,HOME,Bihar,
,,,,,917301042183,917301042183,2409:40e4:5f:f470:88cf:15ff:fe1e:c13,48106,,,2a03:2880:f346:c0:face:b00c:0:43fe,443,Dynamic,18:06:01,18:36:01,2026/06/09,2026/06/09,866726066636401,405856151004844,2405:200:5213:25:3903:110:2:36,Jionet,4058560c345c000,4058560c345c000,2026/06/09 18:12:13,91.495,9610142,152408233,HOME,Bihar,
,,,,,917301042183,917301042183,2409:40e4:5f:f470:88cf:15ff:fe1e:c13,42668,,,2a03:2880:f346:3:face:b00c:0:4c63,443,Dynamic,18:06:01,18:36:01,2026/06/09,2026/06/09,866726066636401,405856151004844,2405:200:5213:25:3903:110:2:36,Jionet,4058560c345c000,4058560c345c000,2026/06/09 18:12:08,147.701,18630,30560,HOME,Bihar,
,,,,,917301042183,917301042183,2409:40e4:5f:f470:88cf:15ff:fe1e:c13,42668,,,2a03:2880:f346:3:face:b00c:0:4c63,443,Dynamic,18:06:01,18:36:01,2026/06/09,2026/06/09,866726066636401,405856151004844,2405:200:5213:25:3903:110:2:36,Jionet,4058560c345c000,4058560c345c000,2026/06/09 18:12:08,147.701,9610142,152408233,HOME,Bihar,
,,,,,917301042183,917301042183,2409:40e4:5f:f470:88cf:15ff:fe1e:c13,40373,,,2404:6800:4009:803::200e,443,Dynamic,18:06:01,18:36:01,2026/06/09,2026/06/09,866726066636401,405856151004844,2405:200:5213:25:3903:110:2:36,Jionet,4058560c345c000,4058560c345c000,2026/06/09 18:07:47,361.236,18630,30560,HOME,Bihar,
,,,,,917301042183,917301042183,2409:40e4:5f:f470:88cf:15ff:fe1e:c13,40373,,,2404:6800:4009:803::200e,443,Dynamic,18:06:01,18:36:01,2026/06/09,2026/06/09,866726066636401,405856151004844,2405:200:5213:25:3903:110:2:36,Jionet,4058560c345c000,4058560c345c000,2026/06/09 18:07:47,361.236,9610142,152408233,HOME,Bihar,
,,,,,917301042183,917301042183,2409:40e4:5f:f470:88cf:15ff:fe1e:c13,40064,,,2a03:2880:f346:90:face:b00c:0:8e,443,Dynamic,18:06:01,18:36:01,2026/06/09,2026/06/09,866726066636401,405856151004844,2405:200:5213:25:3903:110:2:36,Jionet,4058560c345c000,4058560c345c000,2026/06/09 18:12:28,76.184,18630,30560,HOME,Bihar,
,,,,,917301042183,917301042183,2409:40e4:5f:f470:88cf:15ff:fe1e:c13,40064,,,2a03:2880:f346:90:face:b00c:0:8e,443,Dynamic,18:06:01,18:36:01,2026/06/09,2026/06/09,866726066636401,405856151004844,2405:200:5213:25:3903:110:2:36,Jionet,4058560c345c000,4058560c345c000,2026/06/09 18:12:28,76.184,9610142,152408233,HOME,Bihar,
,,,,,917301042183,917301042183,2409:40e4:5f:f470:88cf:15ff:fe1e:c13,38396,,,2a03:2880:f346:24:face:b00c:0:6e2e,5222,Dynamic,18:06:01,18:36:01,2026/06/09,2026/06/09,866726066636401,405856151004844,2405:200:5213:25:3903:110:2:36,Jionet,4058560c345c000,4058560c345c000,2026/06/09 18:12:13,79.008,18630,30560,HOME,Bihar,
,,,,,917301042183,917301042183,2409:40e4:5f:f470:88cf:15ff:fe1e:c13,38396,,,2a03:2880:f346:24:face:b00c:0:6e2e,5222,Dynamic,18:06:01,18:36:01,2026/06/09,2026/06/09,866726066636401,405856151004844,2405:200:5213:25:3903:110:2:36,Jionet,4058560c345c000,4058560c345c000,2026/06/09 18:12:13,79.008,9610142,152408233,HOME,Bihar,
,,,,,917301042183,917301042183,2409:40e4:5f:f470:88cf:15ff:fe1e:c13,37996,,,2405:200:1613:2885:face:b00c:0:a7,443,Dynamic,18:06:01,18:36:01,2026/06/09,2026/06/09,866726066636401,405856151004844,2405:200:5213:25:3903:110:2:36,Jionet,4058560c345c000,4058560c345c000,2026/06/09 18:09:57,216.407,18630,30560,HOME,Bihar,
,,,,,917301042183,917301042183,2409:40e4:5f:f470:88cf:15ff:fe1e:c13,37996,,,2405:200:1613:2885:face:b00c:0:a7,443,Dynamic,18:06:01,18:36:01,2026/06/09,2026/06/09,866726066636401,405856151004844,2405:200:5213:25:3903:110:2:36,Jionet,4058560c345c000,4058560c345c000,2026/06/09 18:09:57,216.407,9610142,152408233,HOME,Bihar,
,,,,,917301042183,917301042183,2409:40e4:5f:f470:88cf:15ff:fe1e:c13,37670,,,2a03:2880:f346:1:face:b00c:0:25de,443,Dynamic,18:06:01,18:36:01,2026/06/09,2026/06/09,866726066636401,405856151004844,2405:200:5213:25:3903:110:2:36,Jionet,4058560c345c000,4058560c345c000,2026/06/09 18:23:06,76.631,18630,30560,HOME,Bihar,
,,,,,917301042183,917301042183,2409:40e4:5f:f470:88cf:15ff:fe1e:c13,37670,,,2a03:2880:f346:1:face:b00c:0:25de,443,Dynamic,18:06:01,18:36:01,2026/06/09,2026/06/09,866726066636401,405856151004844,2405:200:5213:25:3903:110:2:36,Jionet,4058560c345c000,4058560c345c000,2026/06/09 18:23:06,76.631,9610142,152408233,HOME,Bihar,
,,,,,917301042183,917301042183,2409:40e4:5f:f470:88cf:15ff:fe1e:c13,40570,,,2404:6800:4003:c01::5c,443,Dynamic,18:06:01,18:36:01,2026/06/09,2026/06/09,866726066636401,405856151004844,2405:200:5213:25:3903:110:2:36,Jionet,4058560c345c000,4058560c345c000,2026/06/09 18:22:27,99.987,18630,30560,HOME,Bihar,
,,,,,917301042183,917301042183,2409:40e4:5f:f470:88cf:15ff:fe1e:c13,40570,,,2404:6800:4003:c01::5c,443,Dynamic,18:06:01,18:36:01,2026/06/09,2026/06/09,866726066636401,405856151004844,2405:200:5213:25:3903:110:2:36,Jionet,4058560c345c000,4058560c345c000,2026/06/09 18:22:27,99.987,9610142,152408233,HOME,Bihar,
,,,,,917301042183,917301042183,2409:40e4:5f:f470:88cf:15ff:fe1e:c13,38478,,,2001:4860:4802:36::223,443,Dynamic,18:06:01,18:36:01,2026/06/09,2026/06/09,866726066636401,405856151004844,2405:200:5213:25:3903:110:2:36,Jionet,4058560c345c000,4058560c345c000,2026/06/09 18:23:04,63.494,18630,30560,HOME,Bihar,
,,,,,917301042183,917301042183,2409:40e4:5f:f470:88cf:15ff:fe1e:c13,38478,,,2001:4860:4802:36::223,443,Dynamic,18:06:01,18:36:01,2026/06/09,2026/06/09,866726066636401,405856151004844,2405:200:5213:25:3903:110:2:36,Jionet,4058560c345c000,4058560c345c000,2026/06/09 18:23:04,63.494,9610142,152408233,HOME,Bihar,
,,,,,917301042183,917301042183,2409:40e4:5f:f470:88cf:15ff:fe1e:c13,44765,,,2404:6800:4000:101d::71,443,Dynamic,18:06:01,18:36:01,2026/06/09,2026/06/09,866726066636401,405856151004844,2405:200:5213:25:3903:110:2:36,Jionet,4058560c345c000,4058560c345c000,2026/06/09 18:22:27,118.555,18630,30560,HOME,Bihar,
,,,,,917301042183,917301042183,2409:40e4:5f:f470:88cf:15ff:fe1e:c13,44765,,,2404:6800:4000:101d::71,443,Dynamic,18:06:01,18:36:01,2026/06/09,2026/06/09,866726066636401,405856151004844,2405:200:5213:25:3903:110:2:36,Jionet,4058560c345c000,4058560c345c000,2026/06/09 18:22:27,118.555,9610142,152408233,HOME,Bihar,
,,,,,917301042183,917301042183,2409:40e4:5f:f470:88cf:15ff:fe1e:c13,39667,,,2405:200:1613:2885:face:b00c:3333:a3f,443,Dynamic,18:06:01,18:36:01,2026/06/09,2026/06/09,866726066636401,405856151004844,2405:200:5213:25:3903:110:2:36,Jionet,4058560c345c000,4058560c345c000,2026/06/09 18:12:06,732.047,18630,30560,HOME,Bihar,
,,,,,917301042183,917301042183,2409:40e4:5f:f470:88cf:15ff:fe1e:c13,39667,,,2405:200:1613:2885:face:b00c:3333:a3f,443,Dynamic,18:06:01,18:36:01,2026/06/09,2026/06/09,866726066636401,405856151004844,2405:200:5213:25:3903:110:2:36,Jionet,4058560c345c000,4058560c345c000,2026/06/09 18:12:06,732.047,9610142,152408233,HOME,Bihar,
,,,,,917301042183,917301042183,2409:40e4:5f:f470:88cf:15ff:fe1e:c13,49050,,,2001:4860:4802:36::223,443,Dynamic,18:06:01,18:36:01,2026/06/09,2026/06/09,866726066636401,405856151004844,2405:200:5213:25:3903:110:2:36,Jionet,4058560c345c000,4058560c345c000,2026/06/09 18:22:14,100.606,18630,30560,HOME,Bihar,
,,,,,917301042183,917301042183,2409:40e4:5f:f470:88cf:15ff:fe1e:c13,49050,,,2001:4860:4802:36::223,443,Dynamic,18:06:01,18:36:01,2026/06/09,2026/06/09,866726066636401,405856151004844,2405:200:5213:25:3903:110:2:36,Jionet,4058560c345c000,4058560c345c000,2026/06/09 18:22:14,100.606,9610142,152408233,HOME,Bihar,
,,,,,917301042183,917301042183,2409:40e4:5f:f470:88cf:15ff:fe1e:c13,42706,,,2a03:2880:f346:c4:face:b00c:0:21ba,443,Dynamic,18:06:01,18:36:01,2026/06/09,2026/06/09,866726066636401,405856151004844,2405:200:5213:25:3903:110:2:36,Jionet,4058560c345c000,4058560c345c000,2026/06/09 18:22:57,77.839,18630,30560,HOME,Bihar,
,,,,,917301042183,917301042183,2409:40e4:5f:f470:88cf:15ff:fe1e:c13,42706,,,2a03:2880:f346:c4:face:b00c:0:21ba,443,Dynamic,18:06:01,18:36:01,2026/06/09,2026/06/09,866726066636401,405856151004844,2405:200:5213:25:3903:110:2:36,Jionet,4058560c345c000,4058560c345c000,2026/06/09 18:22:57,77.839,9610142,152408233,HOME,Bihar,
,,,,,917301042183,917301042183,2409:40e4:5f:f470:88cf:15ff:fe1e:c13,38822,,,2a03:2880:f347:3:face:b00c:0:4c63,443,Dynamic,18:06:01,18:36:01,2026/06/09,2026/06/09,866726066636401,405856151004844,2405:200:5213:25:3903:110:2:36,Jionet,4058560c345c000,4058560c345c000,2026/06/09 18:22:19,124.12,18630,30560,HOME,Bihar,
,,,,,917301042183,917301042183,2409:40e4:5f:f470:88cf:15ff:fe1e:c13,38822,,,2a03:2880:f347:3:face:b00c:0:4c63,443,Dynamic,18:06:01,18:36:01,2026/06/09,2026/06/09,866726066636401,405856151004844,2405:200:5213:25:3903:110:2:36,Jionet,4058560c345c000,4058560c345c000,2026/06/09 18:22:19,124.12,9610142,152408233,HOME,Bihar,
,,,,,917301042183,917301042183,2409:40e4:5f:f470:88cf:15ff:fe1e:c13,49518,,,2405:200:1630:ff74:face:b00c:3333:7020,443,Dynamic,18:06:01,18:36:01,2026/06/09,2026/06/09,866726066636401,405856151004844,2405:200:5213:25:3903:110:2:36,Jionet,4058560c345c000,4058560c345c000,2026/06/09 18:22:49,97.728,18630,30560,HOME,Bihar,
,,,,,917301042183,917301042183,2409:40e4:5f:f470:88cf:15ff:fe1e:c13,49518,,,2405:200:1630:ff74:face:b00c:3333:7020,443,Dynamic,18:06:01,18:36:01,2026/06/09,2026/06/09,866726066636401,405856151004844,2405:200:5213:25:3903:110:2:36,Jionet,4058560c345c000,4058560c345c000,2026/06/09 18:22:49,97.728,9610142,152408233,HOME,Bihar,
,,,,,917301042183,917301042183,2409:40e4:5f:f470:88cf:15ff:fe1e:c13,38984,,,2a03:2880:f347:c0:face:b00c:0:43fe,443,Dynamic,18:06:01,18:36:01,2026/06/09,2026/06/09,866726066636401,405856151004844,2405:200:5213:25:3903:110:2:36,Jionet,4058560c345c000,4058560c345c000,2026/06/09 18:22:57,118.084,18630,30560,HOME,Bihar,
,,,,,917301042183,917301042183,2409:40e4:5f:f470:88cf:15ff:fe1e:c13,38984,,,2a03:2880:f347:c0:face:b00c:0:43fe,443,Dynamic,18:06:01,18:36:01,2026/06/09,2026/06/09,866726066636401,405856151004844,2405:200:5213:25:3903:110:2:36,Jionet,4058560c345c000,4058560c345c000,2026/06/09 18:22:57,118.084,9610142,152408233,HOME,Bihar,
,,,,,917301042183,917301042183,2409:40e4:5f:f470:88cf:15ff:fe1e:c13,49169,,,2a03:2880:f311:80:face:b00c:0:3,443,Dynamic,18:06:01,18:36:01,2026/06/09,2026/06/09,866726066636401,405856151004844,2405:200:5213:25:3903:110:2:36,Jionet,4058560c345c000,4058560c345c000,2026/06/09 18:12:08,717.928,18630,30560,HOME,Bihar,
,,,,,917301042183,917301042183,2409:40e4:5f:f470:88cf:15ff:fe1e:c13,49169,,,2a03:2880:f311:80:face:b00c:0:3,443,Dynamic,18:06:01,18:36:01,2026/06/09,2026/06/09,866726066636401,405856151004844,2405:200:5213:25:3903:110:2:36,Jionet,4058560c345c000,4058560c345c000,2026/06/09 18:12:08,717.928,9610142,152408233,HOME,Bihar,
,,,,,917301042183,917301042183,2409:40e4:5f:f470:88cf:15ff:fe1e:c13,45729,,,2a03:2880:f346:c0:face:b00c:0:43fe,443,Dynamic,18:06:01,18:36:01,2026/06/09,2026/06/09,866726066636401,405856151004844,2405:200:5213:25:3903:110:2:36,Jionet,4058560c345c000,4058560c345c000,2026/06/09 18:12:05,766.276,18630,30560,HOME,Bihar,
,,,,,917301042183,917301042183,2409:40e4:5f:f470:88cf:15ff:fe1e:c13,45729,,,2a03:2880:f346:c0:face:b00c:0:43fe,443,Dynamic,18:06:01,18:36:01,2026/06/09,2026/06/09,866726066636401,405856151004844,2405:200:5213:25:3903:110:2:36,Jionet,4058560c345c000,4058560c345c000,2026/06/09 18:12:05,766.276,9610142,152408233,HOME,Bihar,
,,,,,917301042183,917301042183,2409:40e4:5f:f470:88cf:15ff:fe1e:c13,46988,,,2001:4860:4802:36::223,443,Dynamic,18:06:01,18:36:01,2026/06/09,2026/06/09,866726066636401,405856151004844,2405:200:5213:25:3903:110:2:36,Jionet,4058560c345c000,4058560c345c000,2026/06/09 18:22:08,117.032,18630,30560,HOME,Bihar,
,,,,,917301042183,917301042183,2409:40e4:5f:f470:88cf:15ff:fe1e:c13,46988,,,2001:4860:4802:36::223,443,Dynamic,18:06:01,18:36:01,2026/06/09,2026/06/09,866726066636401,405856151004844,2405:200:5213:25:3903:110:2:36,Jionet,4058560c345c000,4058560c345c000,2026/06/09 18:22:08,117.032,9610142,152408233,HOME,Bihar,
,,,,,917301042183,917301042183,2409:40e4:5f:f470:88cf:15ff:fe1e:c13,43202,,,2404:6800:4000:1025::8a,443,Dynamic,18:06:01,18:36:01,2026/06/09,2026/06/09,866726066636401,405856151004844,2405:200:5213:25:3903:110:2:36,Jionet,4058560c345c000,4058560c345c000,2026/06/09 18:23:19,93.579,18630,30560,HOME,Bihar,
,,,,,917301042183,917301042183,2409:40e4:5f:f470:88cf:15ff:fe1e:c13,43202,,,2404:6800:4000:1025::8a,443,Dynamic,18:06:01,18:36:01,2026/06/09,2026/06/09,866726066636401,405856151004844,2405:200:5213:25:3903:110:2:36,Jionet,4058560c345c000,4058560c345c000,2026/06/09 18:23:19,93.579,9610142,152408233,HOME,Bihar,
,,,,,917301042183,917301042183,2409:40e4:5f:f470:88cf:15ff:fe1e:c13,40305,,,2001:4860:4802:38::223,443,Dynamic,18:06:01,18:36:01,2026/06/09,2026/06/09,866726066636401,405856151004844,2405:200:5213:25:3903:110:2:36,Jionet,4058560c345c000,4058560c345c000,2026/06/09 18:22:04,121.296,18630,30560,HOME,Bihar,
,,,,,917301042183,917301042183,2409:40e4:5f:f470:88cf:15ff:fe1e:c13,40305,,,2001:4860:4802:38::223,443,Dynamic,18:06:01,18:36:01,2026/06/09,2026/06/09,866726066636401,405856151004844,2405:200:5213:25:3903:110:2:36,Jionet,4058560c345c000,4058560c345c000,2026/06/09 18:22:04,121.296,9610142,152408233,HOME,Bihar,
,,,,,917301042183,917301042183,2409:40e4:5f:f470:88cf:15ff:fe1e:c13,43644,,,2405:200:1630:ff74:face:b00c:3333:a3f,443,Dynamic,18:06:01,18:36:01,2026/06/09,2026/06/09,866726066636401,405856151004844,2405:200:5213:25:3903:110:2:36,Jionet,4058560c345c000,4058560c345c000,2026/06/09 18:12:06,700.952,18630,30560,HOME,Bihar,
,,,,,917301042183,917301042183,2409:40e4:5f:f470:88cf:15ff:fe1e:c13,43644,,,2405:200:1630:ff74:face:b00c:3333:a3f,443,Dynamic,18:06:01,18:36:01,2026/06/09,2026/06/09,866726066636401,405856151004844,2405:200:5213:25:3903:110:2:36,Jionet,4058560c345c000,4058560c345c000,2026/06/09 18:12:06,700.952,9610142,152408233,HOME,Bihar,
,,,,,917301042183,917301042183,2409:40e4:5f:f470:88cf:15ff:fe1e:c13,39868,,,2a03:2880:f346:121:face:b00c:0:7260,443,Dynamic,18:06:01,18:36:01,2026/06/09,2026/06/09,866726066636401,405856151004844,2405:200:5213:25:3903:110:2:36,Jionet,4058560c345c000,4058560c345c000,2026/06/09 18:20:55,200.72,18630,30560,HOME,Bihar,
,,,,,917301042183,917301042183,2409:40e4:5f:f470:88cf:15ff:fe1e:c13,39868,,,2a03:2880:f346:121:face:b00c:0:7260,443,Dynamic,18:06:01,18:36:01,2026/06/09,2026/06/09,866726066636401,405856151004844,2405:200:5213:25:3903:110:2:36,Jionet,4058560c345c000,4058560c345c000,2026/06/09 18:20:55,200.72,9610142,152408233,HOME,Bihar,
,,,,,917301042183,917301042183,2409:40e4:5f:f470:88cf:15ff:fe1e:c13,44380,,,2a03:2880:f346:c4:face:b00c:0:21ba,443,Dynamic,18:06:01,18:36:01,2026/06/09,2026/06/09,866726066636401,405856151004844,2405:200:5213:25:3903:110:2:36,Jionet,4058560c345c000,4058560c345c000,2026/06/09 18:12:05,703.236,18630,30560,HOME,Bihar,
,,,,,917301042183,917301042183,2409:40e4:5f:f470:88cf:15ff:fe1e:c13,44380,,,2a03:2880:f346:c4:face:b00c:0:21ba,443,Dynamic,18:06:01,18:36:01,2026/06/09,2026/06/09,866726066636401,405856151004844,2405:200:5213:25:3903:110:2:36,Jionet,4058560c345c000,4058560c345c000,2026/06/09 18:12:05,703.236,9610142,152408233,HOME,Bihar,
,,,,,917301042183,917301042183,2409:40e4:5f:f470:88cf:15ff:fe1e:c13,46663,,,2001:4860:4802:36::223,443,Dynamic,18:06:01,18:36:01,2026/06/09,2026/06/09,866726066636401,405856151004844,2405:200:5213:25:3903:110:2:36,Jionet,4058560c345c000,4058560c345c000,2026/06/09 18:22:09,109.16,18630,30560,HOME,Bihar,
,,,,,917301042183,917301042183,2409:40e4:5f:f470:88cf:15ff:fe1e:c13,46663,,,2001:4860:4802:36::223,443,Dynamic,18:06:01,18:36:01,2026/06/09,2026/06/09,866726066636401,405856151004844,2405:200:5213:25:3903:110:2:36,Jionet,4058560c345c000,4058560c345c000,2026/06/09 18:22:09,109.16,9610142,152408233,HOME,Bihar,
,,,,,917301042183,917301042183,2409:40e4:5f:f470:88cf:15ff:fe1e:c13,47570,,,2001:4860:4802:36::223,443,Dynamic,18:06:01,18:36:01,2026/06/09,2026/06/09,866726066636401,405856151004844,2405:200:5213:25:3903:110:2:36,Jionet,4058560c345c000,4058560c345c000,2026/06/09 18:22:05,94.944,18630,30560,HOME,Bihar,
,,,,,917301042183,917301042183,2409:40e4:5f:f470:88cf:15ff:fe1e:c13,47570,,,2001:4860:4802:36::223,443,Dynamic,18:06:01,18:36:01,2026/06/09,2026/06/09,866726066636401,405856151004844,2405:200:5213:25:3903:110:2:36,Jionet,4058560c345c000,4058560c345c000,2026/06/09 18:22:05,94.944,9610142,152408233,HOME,Bihar,
,,,,,917301042183,917301042183,2409:40e4:5f:f470:88cf:15ff:fe1e:c13,44539,,,2a03:2880:f346:c0:face:b00c:0:43fe,443,Dynamic,18:06:01,18:36:01,2026/06/09,2026/06/09,866726066636401,405856151004844,2405:200:5213:25:3903:110:2:36,Jionet,4058560c345c000,4058560c345c000,2026/06/09 18:12:05,727.496,18630,30560,HOME,Bihar,
,,,,,917301042183,917301042183,2409:40e4:5f:f470:88cf:15ff:fe1e:c13,44539,,,2a03:2880:f346:c0:face:b00c:0:43fe,443,Dynamic,18:06:01,18:36:01,2026/06/09,2026/06/09,866726066636401,405856151004844,2405:200:5213:25:3903:110:2:36,Jionet,4058560c345c000,4058560c345c000,2026/06/09 18:12:05,727.496,9610142,152408233,HOME,Bihar,
,,,,,917301042183,917301042183,2409:40e4:5f:f470:88cf:15ff:fe1e:c13,42696,,,2a03:2880:f384:5:face:b00c:0:79f4,443,Dynamic,18:06:01,18:36:01,2026/06/09,2026/06/09,866726066636401,405856151004844,2405:200:5213:25:3903:110:2:36,Jionet,4058560c345c000,4058560c345c000,2026/06/09 18:20:48,176.34,18630,30560,HOME,Bihar,
,,,,,917301042183,917301042183,2409:40e4:5f:f470:88cf:15ff:fe1e:c13,42696,,,2a03:2880:f384:5:face:b00c:0:79f4,443,Dynamic,18:06:01,18:36:01,2026/06/09,2026/06/09,866726066636401,405856151004844,2405:200:5213:25:3903:110:2:36,Jionet,4058560c345c000,4058560c345c000,2026/06/09 18:20:48,176.34,9610142,152408233,HOME,Bihar,
,,,,,917301042183,917301042183,2409:40e4:5f:f470:88cf:15ff:fe1e:c13,42668,,,2a03:2880:f346:3:face:b00c:0:4c63,443,Dynamic,18:06:01,18:36:01,2026/06/09,2026/06/09,866726066636401,405856151004844,2405:200:5213:25:3903:110:2:36,Jionet,4058560c345c000,4058560c345c000,2026/06/09 18:21:47,108.756,18630,30560,HOME,Bihar,
,,,,,917301042183,917301042183,2409:40e4:5f:f470:88cf:15ff:fe1e:c13,42668,,,2a03:2880:f346:3:face:b00c:0:4c63,443,Dynamic,18:06:01,18:36:01,2026/06/09,2026/06/09,866726066636401,405856151004844,2405:200:5213:25:3903:110:2:36,Jionet,4058560c345c000,4058560c345c000,2026/06/09 18:21:47,108.756,9610142,152408233,HOME,Bihar,
,,,,,917301042183,917301042183,2409:40e4:5f:f470:88cf:15ff:fe1e:c13,42690,,,2a03:2880:f346:3:face:b00c:0:4c63,443,Dynamic,18:06:01,18:36:01,2026/06/09,2026/06/09,866726066636401,405856151004844,2405:200:5213:25:3903:110:2:36,Jionet,4058560c345c000,4058560c345c000,2026/06/09 18:21:47,112.672,18630,30560,HOME,Bihar,
,,,,,917301042183,917301042183,2409:40e4:5f:f470:88cf:15ff:fe1e:c13,42690,,,2a03:2880:f346:3:face:b00c:0:4c63,443,Dynamic,18:06:01,18:36:01,2026/06/09,2026/06/09,866726066636401,405856151004844,2405:200:5213:25:3903:110:2:36,Jionet,4058560c345c000,4058560c345c000,2026/06/09 18:21:47,112.672,9610142,152408233,HOME,Bihar,
,,,,,917301042183,917301042183,2409:40e4:5f:f470:88cf:15ff:fe1e:c13,43805,,,2404:6800:4000:1025::8a,443,Dynamic,18:06:01,18:36:01,2026/06/09,2026/06/09,866726066636401,405856151004844,2405:200:5213:25:3903:110:2:36,Jionet,4058560c345c000,4058560c345c000,2026/06/09 18:23:19,102.356,18630,30560,HOME,Bihar,
,,,,,917301042183,917301042183,2409:40e4:5f:f470:88cf:15ff:fe1e:c13,43805,,,2404:6800:4000:1025::8a,443,Dynamic,18:06:01,18:36:01,2026/06/09,2026/06/09,866726066636401,405856151004844,2405:200:5213:25:3903:110:2:36,Jionet,4058560c345c000,4058560c345c000,2026/06/09 18:23:19,102.356,9610142,152408233,HOME,Bihar,
,,,,,917301042183,917301042183,2409:40e4:5f:f470:88cf:15ff:fe1e:c13,45460,,,2a03:2880:f346:80:face:b00c:0:3,443,Dynamic,18:06:01,18:36:01,2026/06/09,2026/06/09,866726066636401,405856151004844,2405:200:5213:25:3903:110:2:36,Jionet,4058560c345c000,4058560c345c000,2026/06/09 18:12:52,728.368,18630,30560,HOME,Bihar,
,,,,,917301042183,917301042183,2409:40e4:5f:f470:88cf:15ff:fe1e:c13,45460,,,2a03:2880:f346:80:face:b00c:0:3,443,Dynamic,18:06:01,18:36:01,2026/06/09,2026/06/09,866726066636401,405856151004844,2405:200:5213:25:3903:110:2:36,Jionet,4058560c345c000,4058560c345c000,2026/06/09 18:12:52,728.368,9610142,152408233,HOME,Bihar,
,,,,,917301042183,917301042183,2409:40e4:5f:f470:88cf:15ff:fe1e:c13,37984,,,2001:4860:4802:32::223,443,Dynamic,18:06:01,18:36:01,2026/06/09,2026/06/09,866726066636401,405856151004844,2405:200:5213:25:3903:110:2:36,Jionet,4058560c345c000,4058560c345c000,2026/06/09 18:23:05,117.498,18630,30560,HOME,Bihar,
,,,,,917301042183,917301042183,2409:40e4:5f:f470:88cf:15ff:fe1e:c13,37984,,,2001:4860:4802:32::223,443,Dynamic,18:06:01,18:36:01,2026/06/09,2026/06/09,866726066636401,405856151004844,2405:200:5213:25:3903:110:2:36,Jionet,4058560c345c000,4058560c345c000,2026/06/09 18:23:05,117.498,9610142,152408233,HOME,Bihar,
,,,,,917301042183,917301042183,2409:40e4:5f:f470:88cf:15ff:fe1e:c13,45357,,,2001:4860:4802:34::223,443,Dynamic,18:36:01,19:06:01,2026/06/09,2026/06/09,866726066636401,405856151004844,2405:200:5213:25:3903:110:2:36,Jionet,4058560c345c000,4058560c345c000,2026/06/09 18:55:00,114.443,2481011,13623995,HOME,Bihar,
,,,,,917301042183,917301042183,2409:40e4:5f:f470:88cf:15ff:fe1e:c13,45357,,,2001:4860:4802:34::223,443,Dynamic,18:36:01,19:06:01,2026/06/09,2026/06/09,866726066636401,405856151004844,2405:200:5213:25:3903:110:2:36,Jionet,4058560c345c000,4058560c345c000,2026/06/09 18:55:00,114.443,15919,31757,HOME,Bihar,
,,,,,917301042183,917301042183,2409:40e4:5f:f470:88cf:15ff:fe1e:c13,39034,,,2600:1901:0:8956::,443,Dynamic,18:36:01,19:06:01,2026/06/09,2026/06/09,866726066636401,405856151004844,2405:200:5213:25:3903:110:2:36,Jionet,4058560c345c000,4058560c345c000,2026/06/09 18:56:26,11.344,2481011,13623995,HOME,Bihar,
,,,,,917301042183,917301042183,2409:40e4:5f:f470:88cf:15ff:fe1e:c13,39034,,,2600:1901:0:8956::,443,Dynamic,18:36:01,19:06:01,2026/06/09,2026/06/09,866726066636401,405856151004844,2405:200:5213:25:3903:110:2:36,Jionet,4058560c345c000,4058560c345c000,2026/06/09 18:56:26,11.344,15919,31757,HOME,Bihar,
,,,,,917301042183,917301042183,2409:40e4:5f:f470:88cf:15ff:fe1e:c13,40184,,,2a03:2880:f347:8d:face:b00c:0:2,443,Dynamic,18:36:01,19:06:01,2026/06/09,2026/06/09,866726066636401,405856151004844,2405:200:5213:25:3903:110:2:36,Jionet,4058560c345c000,4058560c345c000,2026/06/09 18:54:07,166.465,2481011,13623995,HOME,Bihar,
,,,,,917301042183,917301042183,2409:40e4:5f:f470:88cf:15ff:fe1e:c13,40184,,,2a03:2880:f347:8d:face:b00c:0:2,443,Dynamic,18:36:01,19:06:01,2026/06/09,2026/06/09,866726066636401,405856151004844,2405:200:5213:25:3903:110:2:36,Jionet,4058560c345c000,4058560c345c000,2026/06/09 18:54:07,166.465,15919,31757,HOME,Bihar,
,,,,,917301042183,917301042183,2409:40e4:5f:f470:88cf:15ff:fe1e:c13,45484,,,2001:4860:4802:34::223,443,Dynamic,18:36:01,19:06:01,2026/06/09,2026/06/09,866726066636401,405856151004844,2405:200:5213:25:3903:110:2:36,Jionet,4058560c345c000,4058560c345c000,2026/06/09 18:54:47,115.384,2481011,13623995,HOME,Bihar,
,,,,,917301042183,917301042183,2409:40e4:5f:f470:88cf:15ff:fe1e:c13,45484,,,2001:4860:4802:34::223,443,Dynamic,18:36:01,19:06:01,2026/06/09,2026/06/09,866726066636401,405856151004844,2405:200:5213:25:3903:110:2:36,Jionet,4058560c345c000,4058560c345c000,2026/06/09 18:54:47,115.384,15919,31757,HOME,Bihar,
,,,,,917301042183,917301042183,2409:40e4:5f:f470:88cf:15ff:fe1e:c13,48882,,,2405:200:1630:1600::b855:dc68,443,Dynamic,18:36:01,19:06:01,2026/06/09,2026/06/09,866726066636401,405856151004844,2405:200:5213:25:3903:110:2:36,Jionet,4058560c345c000,4058560c345c000,2026/06/09 18:54:10,168.451,2481011,13623995,HOME,Bihar,
,,,,,917301042183,917301042183,2409:40e4:5f:f470:88cf:15ff:fe1e:c13,48882,,,2405:200:1630:1600::b855:dc68,443,Dynamic,18:36:01,19:06:01,2026/06/09,2026/06/09,866726066636401,405856151004844,2405:200:5213:25:3903:110:2:36,Jionet,4058560c345c000,4058560c345c000,2026/06/09 18:54:10,168.451,15919,31757,HOME,Bihar,
,,,,,917301042183,917301042183,2409:40e4:5f:f470:88cf:15ff:fe1e:c13,44486,,,2600:140f:7::17d5:eb1a,443,Dynamic,18:36:01,19:06:01,2026/06/09,2026/06/09,866726066636401,405856151004844,2405:200:5213:25:3903:110:2:36,Jionet,4058560c345c000,4058560c345c000,2026/06/09 18:56:09,11.28,2481011,13623995,HOME,Bihar,
,,,,,917301042183,917301042183,2409:40e4:5f:f470:88cf:15ff:fe1e:c13,44486,,,2600:140f:7::17d5:eb1a,443,Dynamic,18:36:01,19:06:01,2026/06/09,2026/06/09,866726066636401,405856151004844,2405:200:5213:25:3903:110:2:36,Jionet,4058560c345c000,4058560c345c000,2026/06/09 18:56:09,11.28,15919,31757,HOME,Bihar,
,,,,,917301042183,917301042183,2409:40e4:5f:f470:88cf:15ff:fe1e:c13,46678,,,2001:4860:4802:34::223,443,Dynamic,18:36:01,19:06:01,2026/06/09,2026/06/09,866726066636401,405856151004844,2405:200:5213:25:3903:110:2:36,Jionet,4058560c345c000,4058560c345c000,2026/06/09 18:56:07,73.506,2481011,13623995,HOME,Bihar,
,,,,,917301042183,917301042183,2409:40e4:5f:f470:88cf:15ff:fe1e:c13,46678,,,2001:4860:4802:34::223,443,Dynamic,18:36:01,19:06:01,2026/06/09,2026/06/09,866726066636401,405856151004844,2405:200:5213:25:3903:110:2:36,Jionet,4058560c345c000,4058560c345c000,2026/06/09 18:56:07,73.506,15919,31757,HOME,Bihar,
,,,,,917301042183,917301042183,2409:40e4:5f:f470:88cf:15ff:fe1e:c13,39808,,,2600:140f:7::17d5:eb1a,443,Dynamic,18:36:01,19:06:01,2026/06/09,2026/06/09,866726066636401,405856151004844,2405:200:5213:25:3903:110:2:36,Jionet,4058560c345c000,4058560c345c000,2026/06/09 18:54:08,140.761,2481011,13623995,HOME,Bihar,
,,,,,917301042183,917301042183,2409:40e4:5f:f470:88cf:15ff:fe1e:c13,39808,,,2600:140f:7::17d5:eb1a,443,Dynamic,18:36:01,19:06:01,2026/06/09,2026/06/09,866726066636401,405856151004844,2405:200:5213:25:3903:110:2:36,Jionet,4058560c345c000,4058560c345c000,2026/06/09 18:54:08,140.761,15919,31757,HOME,Bihar,
,,,,,917301042183,917301042183,2409:40e4:5f:f470:88cf:15ff:fe1e:c13,38822,,,2a03:2880:f347:3:face:b00c:0:4c63,443,Dynamic,18:36:01,19:06:01,2026/06/09,2026/06/09,866726066636401,405856151004844,2405:200:5213:25:3903:110:2:36,Jionet,4058560c345c000,4058560c345c000,2026/06/09 18:54:22,181.355,2481011,13623995,HOME,Bihar,
,,,,,917301042183,917301042183,2409:40e4:5f:f470:88cf:15ff:fe1e:c13,38822,,,2a03:2880:f347:3:face:b00c:0:4c63,443,Dynamic,18:36:01,19:06:01,2026/06/09,2026/06/09,866726066636401,405856151004844,2405:200:5213:25:3903:110:2:36,Jionet,4058560c345c000,4058560c345c000,2026/06/09 18:54:22,181.355,15919,31757,HOME,Bihar,
,,,,,917301042183,917301042183,2409:40e4:5f:f470:88cf:15ff:fe1e:c13,45073,,,2405:200:1630:1600::b855:dc68,443,Dynamic,18:36:01,19:06:01,2026/06/09,2026/06/09,866726066636401,405856151004844,2405:200:5213:25:3903:110:2:36,Jionet,4058560c345c000,4058560c345c000,2026/06/09 18:54:10,145.963,2481011,13623995,HOME,Bihar,
,,,,,917301042183,917301042183,2409:40e4:5f:f470:88cf:15ff:fe1e:c13,45073,,,2405:200:1630:1600::b855:dc68,443,Dynamic,18:36:01,19:06:01,2026/06/09,2026/06/09,866726066636401,405856151004844,2405:200:5213:25:3903:110:2:36,Jionet,4058560c345c000,4058560c345c000,2026/06/09 18:54:10,145.963,15919,31757,HOME,Bihar,
,,,,,917301042183,917301042183,2409:40e4:5f:f470:88cf:15ff:fe1e:c13,44486,,,2600:140f:7::17d5:eb1a,443,Dynamic,18:36:01,19:06:01,2026/06/09,2026/06/09,866726066636401,405856151004844,2405:200:5213:25:3903:110:2:36,Jionet,4058560c345c000,4058560c345c000,2026/06/09 18:54:08,117.219,2481011,13623995,HOME,Bihar,
,,,,,917301042183,917301042183,2409:40e4:5f:f470:88cf:15ff:fe1e:c13,44486,,,2600:140f:7::17d5:eb1a,443,Dynamic,18:36:01,19:06:01,2026/06/09,2026/06/09,866726066636401,405856151004844,2405:200:5213:25:3903:110:2:36,Jionet,4058560c345c000,4058560c345c000,2026/06/09 18:54:08,117.219,15919,31757,HOME,Bihar,
,,,,,917301042183,917301042183,2409:40e4:5f:f470:88cf:15ff:fe1e:c13,48744,,,2600:140f:7::17d4:a41a,443,Dynamic,18:36:01,19:06:01,2026/06/09,2026/06/09,866726066636401,405856151004844,2405:200:5213:25:3903:110:2:36,Jionet,4058560c345c000,4058560c345c000,2026/06/09 18:56:07,11.007,2481011,13623995,HOME,Bihar,
,,,,,917301042183,917301042183,2409:40e4:5f:f470:88cf:15ff:fe1e:c13,48744,,,2600:140f:7::17d4:a41a,443,Dynamic,18:36:01,19:06:01,2026/06/09,2026/06/09,866726066636401,405856151004844,2405:200:5213:25:3903:110:2:36,Jionet,4058560c345c000,4058560c345c000,2026/06/09 18:56:07,11.007,15919,31757,HOME,Bihar,
,,,,,917301042183,917301042183,2409:40e4:5f:f470:88cf:15ff:fe1e:c13,46160,,,2a03:2880:f322:120:face:b00c:0:167,443,Dynamic,18:36:01,19:06:01,2026/06/09,2026/06/09,866726066636401,405856151004844,2405:200:5213:25:3903:110:2:36,Jionet,4058560c345c000,4058560c345c000,2026/06/09 18:54:37,70.38,2481011,13623995,HOME,Bihar,
,,,,,917301042183,917301042183,2409:40e4:5f:f470:88cf:15ff:fe1e:c13,46160,,,2a03:2880:f322:120:face:b00c:0:167,443,Dynamic,18:36:01,19:06:01,2026/06/09,2026/06/09,866726066636401,405856151004844,2405:200:5213:25:3903:110:2:36,Jionet,4058560c345c000,4058560c345c000,2026/06/09 18:54:37,70.38,15919,31757,HOME,Bihar,
,,,,,917301042183,917301042183,2409:40e4:5f:f470:88cf:15ff:fe1e:c13,37219,,,2001:4860:4802:38::223,443,Dynamic,18:36:01,19:06:01,2026/06/09,2026/06/09,866726066636401,405856151004844,2405:200:5213:25:3903:110:2:36,Jionet,4058560c345c000,4058560c345c000,2026/06/09 18:54:09,110.456,2481011,13623995,HOME,Bihar,
,,,,,917301042183,917301042183,2409:40e4:5f:f470:88cf:15ff:fe1e:c13,37219,,,2001:4860:4802:38::223,443,Dynamic,18:36:01,19:06:01,2026/06/09,2026/06/09,866726066636401,405856151004844,2405:200:5213:25:3903:110:2:36,Jionet,4058560c345c000,4058560c345c000,2026/06/09 18:54:09,110.456,15919,31757,HOME,Bihar,
,,,,,917301042183,917301042183,2409:40e4:5f:f470:88cf:15ff:fe1e:c13,38584,,,2404:6800:4000:101d::5e,443,Dynamic,18:36:01,19:06:01,2026/06/09,2026/06/09,866726066636401,405856151004844,2405:200:5213:25:3903:110:2:36,Jionet,4058560c345c000,4058560c345c000,2026/06/09 18:54:07,113.073,2481011,13623995,HOME,Bihar,
,,,,,917301042183,917301042183,2409:40e4:5f:f470:88cf:15ff:fe1e:c13,38584,,,2404:6800:4000:101d::5e,443,Dynamic,18:36:01,19:06:01,2026/06/09,2026/06/09,866726066636401,405856151004844,2405:200:5213:25:3903:110:2:36,Jionet,4058560c345c000,4058560c345c000,2026/06/09 18:54:07,113.073,15919,31757,HOME,Bihar,
,,,,,917301042183,917301042183,2409:40e4:5f:f470:88cf:15ff:fe1e:c13,44450,,,2600:140f:7::17d5:eb1a,443,Dynamic,18:36:01,19:06:01,2026/06/09,2026/06/09,866726066636401,405856151004844,2405:200:5213:25:3903:110:2:36,Jionet,4058560c345c000,4058560c345c000,2026/06/09 18:54:07,91.023,2481011,13623995,HOME,Bihar,
,,,,,917301042183,917301042183,2409:40e4:5f:f470:88cf:15ff:fe1e:c13,44450,,,2600:140f:7::17d5:eb1a,443,Dynamic,18:36:01,19:06:01,2026/06/09,2026/06/09,866726066636401,405856151004844,2405:200:5213:25:3903:110:2:36,Jionet,4058560c345c000,4058560c345c000,2026/06/09 18:54:07,91.023,15919,31757,HOME,Bihar,
,,,,,917301042183,917301042183,2409:40e4:5f:f470:88cf:15ff:fe1e:c13,49722,,,2a03:2880:f346:8d:face:b00c:0:2,443,Dynamic,18:36:01,19:06:01,2026/06/09,2026/06/09,866726066636401,405856151004844,2405:200:5213:25:3903:110:2:36,Jionet,4058560c345c000,4058560c345c000,2026/06/09 18:54:55,76.3,2481011,13623995,HOME,Bihar,
,,,,,917301042183,917301042183,2409:40e4:5f:f470:88cf:15ff:fe1e:c13,49722,,,2a03:2880:f346:8d:face:b00c:0:2,443,Dynamic,18:36:01,19:06:01,2026/06/09,2026/06/09,866726066636401,405856151004844,2405:200:5213:25:3903:110:2:36,Jionet,4058560c345c000,4058560c345c000,2026/06/09 18:54:55,76.3,15919,31757,HOME,Bihar,
,,,,,917301042183,917301042183,2409:40e4:5f:f470:88cf:15ff:fe1e:c13,39854,,,2404:6800:4000:1025::71,443,Dynamic,18:36:01,19:06:01,2026/06/09,2026/06/09,866726066636401,405856151004844,2405:200:5213:25:3903:110:2:36,Jionet,4058560c345c000,4058560c345c000,2026/06/09 18:54:30,67.375,2481011,13623995,HOME,Bihar,
,,,,,917301042183,917301042183,2409:40e4:5f:f470:88cf:15ff:fe1e:c13,39854,,,2404:6800:4000:1025::71,443,Dynamic,18:36:01,19:06:01,2026/06/09,2026/06/09,866726066636401,405856151004844,2405:200:5213:25:3903:110:2:36,Jionet,4058560c345c000,4058560c345c000,2026/06/09 18:54:30,67.375,15919,31757,HOME,Bihar,
,,,,,917301042183,917301042183,2409:40e4:5f:f470:88cf:15ff:fe1e:c13,48968,,,2600:9000:2003:6e00:1d:e2ad:55c0:93a1,443,Dynamic,18:36:01,19:06:01,2026/06/09,2026/06/09,866726066636401,405856151004844,2405:200:5213:25:3903:110:2:36,Jionet,4058560c345c000,4058560c345c000,2026/06/09 18:54:10,102.448,2481011,13623995,HOME,Bihar,
,,,,,917301042183,917301042183,2409:40e4:5f:f470:88cf:15ff:fe1e:c13,48968,,,2600:9000:2003:6e00:1d:e2ad:55c0:93a1,443,Dynamic,18:36:01,19:06:01,2026/06/09,2026/06/09,866726066636401,405856151004844,2405:200:5213:25:3903:110:2:36,Jionet,4058560c345c000,4058560c345c000,2026/06/09 18:54:10,102.448,15919,31757,HOME,Bihar,
,,,,,917301042183,917301042183,2409:40e4:5f:f470:88cf:15ff:fe1e:c13,46670,,,2001:4860:4802:34::223,443,Dynamic,18:36:01,19:06:01,2026/06/09,2026/06/09,866726066636401,405856151004844,2405:200:5213:25:3903:110:2:36,Jionet,4058560c345c000,4058560c345c000,2026/06/09 18:54:07,122.431,2481011,13623995,HOME,Bihar,
,,,,,917301042183,917301042183,2409:40e4:5f:f470:88cf:15ff:fe1e:c13,46670,,,2001:4860:4802:34::223,443,Dynamic,18:36:01,19:06:01,2026/06/09,2026/06/09,866726066636401,405856151004844,2405:200:5213:25:3903:110:2:36,Jionet,4058560c345c000,4058560c345c000,2026/06/09 18:54:07,122.431,15919,31757,HOME,Bihar,
,,,,,917301042183,917301042183,2409:40e4:5f:f470:88cf:15ff:fe1e:c13,39300,,,2404:6800:4000:1025::71,443,Dynamic,18:36:01,19:06:01,2026/06/09,2026/06/09,866726066636401,405856151004844,2405:200:5213:25:3903:110:2:36,Jionet,4058560c345c000,4058560c345c000,2026/06/09 18:54:30,63.644,2481011,13623995,HOME,Bihar,
,,,,,917301042183,917301042183,2409:40e4:5f:f470:88cf:15ff:fe1e:c13,39300,,,2404:6800:4000:1025::71,443,Dynamic,18:36:01,19:06:01,2026/06/09,2026/06/09,866726066636401,405856151004844,2405:200:5213:25:3903:110:2:36,Jionet,4058560c345c000,4058560c345c000,2026/06/09 18:54:30,63.644,15919,31757,HOME,Bihar,
,,,,,917301042183,917301042183,2409:40e4:5f:f470:88cf:15ff:fe1e:c13,38822,,,2a03:2880:f347:3:face:b00c:0:4c63,443,Dynamic,18:36:01,19:06:01,2026/06/09,2026/06/09,866726066636401,405856151004844,2405:200:5213:25:3903:110:2:36,Jionet,4058560c345c000,4058560c345c000,2026/06/09 18:39:20,182.564,2481011,13623995,HOME,Bihar,
,,,,,917301042183,917301042183,2409:40e4:5f:f470:88cf:15ff:fe1e:c13,38822,,,2a03:2880:f347:3:face:b00c:0:4c63,443,Dynamic,18:36:01,19:06:01,2026/06/09,2026/06/09,866726066636401,405856151004844,2405:200:5213:25:3903:110:2:36,Jionet,4058560c345c000,4058560c345c000,2026/06/09 18:39:20,182.564,15919,31757,HOME,Bihar,
,,,,,917301042183,917301042183,2409:40e4:5f:f470:88cf:15ff:fe1e:c13,42672,,,2001:4860:4802:32::223,443,Dynamic,18:36:01,19:06:01,2026/06/09,2026/06/09,866726066636401,405856151004844,2405:200:5213:25:3903:110:2:36,Jionet,4058560c345c000,4058560c345c000,2026/06/09 18:40:05,92.896,2481011,13623995,HOME,Bihar,
,,,,,917301042183,917301042183,2409:40e4:5f:f470:88cf:15ff:fe1e:c13,42672,,,2001:4860:4802:32::223,443,Dynamic,18:36:01,19:06:01,2026/06/09,2026/06/09,866726066636401,405856151004844,2405:200:5213:25:3903:110:2:36,Jionet,4058560c345c000,4058560c345c000,2026/06/09 18:40:05,92.896,15919,31757,HOME,Bihar,
,,,,,917301042183,917301042183,2409:40e4:5f:f470:88cf:15ff:fe1e:c13,47182,,,2404:6800:4003:c03::bc,5228,Dynamic,18:36:01,19:06:01,2026/06/09,2026/06/09,866726066636401,405856151004844,2405:200:5213:25:3903:110:2:36,Jionet,4058560c345c000,4058560c345c000,2026/06/09 18:40:34,92.411,2481011,13623995,HOME,Bihar,
,,,,,917301042183,917301042183,2409:40e4:5f:f470:88cf:15ff:fe1e:c13,47182,,,2404:6800:4003:c03::bc,5228,Dynamic,18:36:01,19:06:01,2026/06/09,2026/06/09,866726066636401,405856151004844,2405:200:5213:25:3903:110:2:36,Jionet,4058560c345c000,4058560c345c000,2026/06/09 18:40:34,92.411,15919,31757,HOME,Bihar,
,,,,,917301042183,917301042183,2409:40e4:5f:f470:88cf:15ff:fe1e:c13,41368,,,2404:6800:4000:101d::65,443,Dynamic,18:36:01,19:06:01,2026/06/09,2026/06/09,866726066636401,405856151004844,2405:200:5213:25:3903:110:2:36,Jionet,4058560c345c000,4058560c345c000,2026/06/09 18:39:24,129.311,2481011,13623995,HOME,Bihar,
,,,,,917301042183,917301042183,2409:40e4:5f:f470:88cf:15ff:fe1e:c13,41368,,,2404:6800:4000:101d::65,443,Dynamic,18:36:01,19:06:01,2026/06/09,2026/06/09,866726066636401,405856151004844,2405:200:5213:25:3903:110:2:36,Jionet,4058560c345c000,4058560c345c000,2026/06/09 18:39:24,129.311,15919,31757,HOME,Bihar,
,,,,,917301042183,917301042183,2409:40e4:5f:f470:88cf:15ff:fe1e:c13,43881,,,2001:4860:4802:38::223,443,Dynamic,18:36:01,19:06:01,2026/06/09,2026/06/09,866726066636401,405856151004844,2405:200:5213:25:3903:110:2:36,Jionet,4058560c345c000,4058560c345c000,2026/06/09 18:41:51,91.042,2481011,13623995,HOME,Bihar,
,,,,,917301042183,917301042183,2409:40e4:5f:f470:88cf:15ff:fe1e:c13,43881,,,2001:4860:4802:38::223,443,Dynamic,18:36:01,19:06:01,2026/06/09,2026/06/09,866726066636401,405856151004844,2405:200:5213:25:3903:110:2:36,Jionet,4058560c345c000,4058560c345c000,2026/06/09 18:41:51,91.042,15919,31757,HOME,Bihar,
,,,,,917301042183,917301042183,2409:40e4:5f:f470:88cf:15ff:fe1e:c13,44196,,,2a03:2880:f346:3:face:b00c:0:4c63,443,Dynamic,18:36:01,19:06:01,2026/06/09,2026/06/09,866726066636401,405856151004844,2405:200:5213:25:3903:110:2:36,Jionet,4058560c345c000,4058560c345c000,2026/06/09 18:41:34,77.656,2481011,13623995,HOME,Bihar,
,,,,,917301042183,917301042183,2409:40e4:5f:f470:88cf:15ff:fe1e:c13,44196,,,2a03:2880:f346:3:face:b00c:0:4c63,443,Dynamic,18:36:01,19:06:01,2026/06/09,2026/06/09,866726066636401,405856151004844,2405:200:5213:25:3903:110:2:36,Jionet,4058560c345c000,4058560c345c000,2026/06/09 18:41:34,77.656,15919,31757,HOME,Bihar,
,,,,,917301042183,917301042183,2409:40e4:5f:f470:88cf:15ff:fe1e:c13,48854,,,2404:6800:4000:1017::5e,443,Dynamic,18:36:01,19:06:01,2026/06/09,2026/06/09,866726066636401,405856151004844,2405:200:5213:25:3903:110:2:36,Jionet,4058560c345c000,4058560c345c000,2026/06/09 18:43:15,11.1,2481011,13623995,HOME,Bihar,
,,,,,917301042183,917301042183,2409:40e4:5f:f470:88cf:15ff:fe1e:c13,48854,,,2404:6800:4000:1017::5e,443,Dynamic,18:36:01,19:06:01,2026/06/09,2026/06/09,866726066636401,405856151004844,2405:200:5213:25:3903:110:2:36,Jionet,4058560c345c000,4058560c345c000,2026/06/09 18:43:15,11.1,15919,31757,HOME,Bihar,
,,,,,917301042183,917301042183,2409:40e4:5f:f470:88cf:15ff:fe1e:c13,42672,,,2001:4860:4802:32::223,443,Dynamic,18:36:01,19:06:01,2026/06/09,2026/06/09,866726066636401,405856151004844,2405:200:5213:25:3903:110:2:36,Jionet,4058560c345c000,4058560c345c000,2026/06/09 18:42:48,11.302,2481011,13623995,HOME,Bihar,
,,,,,917301042183,917301042183,2409:40e4:5f:f470:88cf:15ff:fe1e:c13,42672,,,2001:4860:4802:32::223,443,Dynamic,18:36:01,19:06:01,2026/06/09,2026/06/09,866726066636401,405856151004844,2405:200:5213:25:3903:110:2:36,Jionet,4058560c345c000,4058560c345c000,2026/06/09 18:42:48,11.302,15919,31757,HOME,Bihar,
,,,,,917301042183,917301042183,2409:40e4:5f:f470:88cf:15ff:fe1e:c13,44196,,,2a03:2880:f346:3:face:b00c:0:4c63,443,Dynamic,18:06:01,18:36:01,2026/06/09,2026/06/09,866726066636401,405856151004844,2405:200:5213:25:3903:110:2:36,Jionet,4058560c345c000,4058560c345c000,2026/06/09 18:24:15,96.82,18630,30560,HOME,Bihar,
,,,,,917301042183,917301042183,2409:40e4:5f:f470:88cf:15ff:fe1e:c13,44196,,,2a03:2880:f346:3:face:b00c:0:4c63,443,Dynamic,18:06:01,18:36:01,2026/06/09,2026/06/09,866726066636401,405856151004844,2405:200:5213:25:3903:110:2:36,Jionet,4058560c345c000,4058560c345c000,2026/06/09 18:24:15,96.82,9610142,152408233,HOME,Bihar,
,,,,,917301042183,917301042183,2409:40e4:5f:f470:88cf:15ff:fe1e:c13,40570,,,2001:4860:4802:36::223,443,Dynamic,18:06:01,18:36:01,2026/06/09,2026/06/09,866726066636401,405856151004844,2405:200:5213:25:3903:110:2:36,Jionet,4058560c345c000,4058560c345c000,2026/06/09 18:24:47,101.284,18630,30560,HOME,Bihar,
,,,,,917301042183,917301042183,2409:40e4:5f:f470:88cf:15ff:fe1e:c13,40570,,,2001:4860:4802:36::223,443,Dynamic,18:06:01,18:36:01,2026/06/09,2026/06/09,866726066636401,405856151004844,2405:200:5213:25:3903:110:2:36,Jionet,4058560c345c000,4058560c345c000,2026/06/09 18:24:47,101.284,9610142,152408233,HOME,Bihar,
,,,,,917301042183,917301042183,2409:40e4:5f:f470:88cf:15ff:fe1e:c13,37798,,,2a03:2880:f346:120:face:b00c:0:167,443,Dynamic,18:06:01,18:36:01,2026/06/09,2026/06/09,866726066636401,405856151004844,2405:200:5213:25:3903:110:2:36,Jionet,4058560c345c000,4058560c345c000,2026/06/09 18:22:49,181.76,18630,30560,HOME,Bihar,
,,,,,917301042183,917301042183,2409:40e4:5f:f470:88cf:15ff:fe1e:c13,37798,,,2a03:2880:f346:120:face:b00c:0:167,443,Dynamic,18:06:01,18:36:01,2026/06/09,2026/06/09,866726066636401,405856151004844,2405:200:5213:25:3903:110:2:36,Jionet,4058560c345c000,4058560c345c000,2026/06/09 18:22:49,181.76,9610142,152408233,HOME,Bihar,
,,,,,917301042183,917301042183,2409:40e4:5f:f470:88cf:15ff:fe1e:c13,49518,,,2405:200:1630:ff74:face:b00c:3333:7020,443,Dynamic,18:06:01,18:36:01,2026/06/09,2026/06/09,866726066636401,405856151004844,2405:200:5213:25:3903:110:2:36,Jionet,4058560c345c000,4058560c345c000,2026/06/09 18:24:55,91.889,18630,30560,HOME,Bihar,
,,,,,917301042183,917301042183,2409:40e4:5f:f470:88cf:15ff:fe1e:c13,49518,,,2405:200:1630:ff74:face:b00c:3333:7020,443,Dynamic,18:06:01,18:36:01,2026/06/09,2026/06/09,866726066636401,405856151004844,2405:200:5213:25:3903:110:2:36,Jionet,4058560c345c000,4058560c345c000,2026/06/09 18:24:55,91.889,9610142,152408233,HOME,Bihar,
,,,,,917301042183,917301042183,2409:40e4:5f:f470:88cf:15ff:fe1e:c13,48632,,,2001:4860:4802:36::223,443,Dynamic,18:06:01,18:36:01,2026/06/09,2026/06/09,866726066636401,405856151004844,2405:200:5213:25:3903:110:2:36,Jionet,4058560c345c000,4058560c345c000,2026/06/09 18:24:46,84.175,18630,30560,HOME,Bihar,
,,,,,917301042183,917301042183,2409:40e4:5f:f470:88cf:15ff:fe1e:c13,48632,,,2001:4860:4802:36::223,443,Dynamic,18:06:01,18:36:01,2026/06/09,2026/06/09,866726066636401,405856151004844,2405:200:5213:25:3903:110:2:36,Jionet,4058560c345c000,4058560c345c000,2026/06/09 18:24:46,84.175,9610142,152408233,HOME,Bihar,
,,,,,917301042183,917301042183,2409:40e4:5f:f470:88cf:15ff:fe1e:c13,40392,,,2a03:2880:f346:8d:face:b00c:0:2,443,Dynamic,18:06:01,18:36:01,2026/06/09,2026/06/09,866726066636401,405856151004844,2405:200:5213:25:3903:110:2:36,Jionet,4058560c345c000,4058560c345c000,2026/06/09 18:24:54,76.328,18630,30560,HOME,Bihar,
,,,,,917301042183,917301042183,2409:40e4:5f:f470:88cf:15ff:fe1e:c13,40392,,,2a03:2880:f346:8d:face:b00c:0:2,443,Dynamic,18:06:01,18:36:01,2026/06/09,2026/06/09,866726066636401,405856151004844,2405:200:5213:25:3903:110:2:36,Jionet,4058560c345c000,4058560c345c000,2026/06/09 18:24:54,76.328,9610142,152408233,HOME,Bihar,
,,,,,917301042183,917301042183,2409:40e4:5f:f470:88cf:15ff:fe1e:c13,44532,,,2a03:2880:f347:8d:face:b00c:0:2,443,Dynamic,18:06:01,18:36:01,2026/06/09,2026/06/09,866726066636401,405856151004844,2405:200:5213:25:3903:110:2:36,Jionet,4058560c345c000,4058560c345c000,2026/06/09 18:25:56,11.456,18630,30560,HOME,Bihar,
,,,,,917301042183,917301042183,2409:40e4:5f:f470:88cf:15ff:fe1e:c13,44532,,,2a03:2880:f347:8d:face:b00c:0:2,443,Dynamic,18:06:01,18:36:01,2026/06/09,2026/06/09,866726066636401,405856151004844,2405:200:5213:25:3903:110:2:36,Jionet,4058560c345c000,4058560c345c000,2026/06/09 18:25:56,11.456,9610142,152408233,HOME,Bihar,
,,,,,917301042183,917301042183,2409:40e4:5f:f470:88cf:15ff:fe1e:c13,37424,,,2a03:2880:f346:121:face:b00c:0:7260,5222,Dynamic,18:06:01,18:36:01,2026/06/09,2026/06/09,866726066636401,405856151004844,2405:200:5213:25:3903:110:2:36,Jionet,4058560c345c000,4058560c345c000,2026/06/09 18:24:08,124.041,18630,30560,HOME,Bihar,
,,,,,917301042183,917301042183,2409:40e4:5f:f470:88cf:15ff:fe1e:c13,37424,,,2a03:2880:f346:121:face:b00c:0:7260,5222,Dynamic,18:06:01,18:36:01,2026/06/09,2026/06/09,866726066636401,405856151004844,2405:200:5213:25:3903:110:2:36,Jionet,4058560c345c000,4058560c345c000,2026/06/09 18:24:08,124.041,9610142,152408233,HOME,Bihar,
,,,,,917301042183,917301042183,2409:40e4:5f:f470:88cf:15ff:fe1e:c13,37190,,,2a03:2880:f322:120:face:b00c:0:167,443,Dynamic,18:06:01,18:36:01,2026/06/09,2026/06/09,866726066636401,405856151004844,2405:200:5213:25:3903:110:2:36,Jionet,4058560c345c000,4058560c345c000,2026/06/09 18:24:10,99.424,18630,30560,HOME,Bihar,
,,,,,917301042183,917301042183,2409:40e4:5f:f470:88cf:15ff:fe1e:c13,37190,,,2a03:2880:f322:120:face:b00c:0:167,443,Dynamic,18:06:01,18:36:01,2026/06/09,2026/06/09,866726066636401,405856151004844,2405:200:5213:25:3903:110:2:36,Jionet,4058560c345c000,4058560c345c000,2026/06/09 18:24:10,99.424,9610142,152408233,HOME,Bihar,
,,,,,917301042183,917301042183,2409:40e4:5f:f470:88cf:15ff:fe1e:c13,47182,,,2404:6800:4003:c03::bc,5228,Dynamic,18:06:01,18:36:01,2026/06/09,2026/06/09,866726066636401,405856151004844,2405:200:5213:25:3903:110:2:36,Jionet,4058560c345c000,4058560c345c000,2026/06/09 18:24:08,177.688,18630,30560,HOME,Bihar,
,,,,,917301042183,917301042183,2409:40e4:5f:f470:88cf:15ff:fe1e:c13,47182,,,2404:6800:4003:c03::bc,5228,Dynamic,18:06:01,18:36:01,2026/06/09,2026/06/09,866726066636401,405856151004844,2405:200:5213:25:3903:110:2:36,Jionet,4058560c345c000,4058560c345c000,2026/06/09 18:24:08,177.688,9610142,152408233,HOME,Bihar,
,,,,,917301042183,917301042183,2409:40e4:5f:f470:88cf:15ff:fe1e:c13,42678,,,2a03:2880:f346:3:face:b00c:0:4c63,443,Dynamic,18:06:01,18:36:01,2026/06/09,2026/06/09,866726066636401,405856151004844,2405:200:5213:25:3903:110:2:36,Jionet,4058560c345c000,4058560c345c000,2026/06/09 18:26:07,65.552,18630,30560,HOME,Bihar,
,,,,,917301042183,917301042183,2409:40e4:5f:f470:88cf:15ff:fe1e:c13,42678,,,2a03:2880:f346:3:face:b00c:0:4c63,443,Dynamic,18:06:01,18:36:01,2026/06/09,2026/06/09,866726066636401,405856151004844,2405:200:5213:25:3903:110:2:36,Jionet,4058560c345c000,4058560c345c000,2026/06/09 18:26:07,65.552,9610142,152408233,HOME,Bihar,
,,,,,917301042183,917301042183,2409:40e4:5f:f470:88cf:15ff:fe1e:c13,39019,,,2001:4860:4827:7700::,443,Dynamic,18:06:01,18:36:01,2026/06/09,2026/06/09,866726066636401,405856151004844,2405:200:5213:25:3903:110:2:36,Jionet,4058560c345c000,4058560c345c000,2026/06/09 18:25:57,66.753,18630,30560,HOME,Bihar,
,,,,,917301042183,917301042183,2409:40e4:5f:f470:88cf:15ff:fe1e:c13,39019,,,2001:4860:4827:7700::,443,Dynamic,18:06:01,18:36:01,2026/06/09,2026/06/09,866726066636401,405856151004844,2405:200:5213:25:3903:110:2:36,Jionet,4058560c345c000,4058560c345c000,2026/06/09 18:25:57,66.753,9610142,152408233,HOME,Bihar,
,,,,,917301042183,917301042183,2409:40e4:5f:f470:88cf:15ff:fe1e:c13,45470,,,2001:4860:4802:38::223,443,Dynamic,18:06:01,18:36:01,2026/06/09,2026/06/09,866726066636401,405856151004844,2405:200:5213:25:3903:110:2:36,Jionet,4058560c345c000,4058560c345c000,2026/06/09 18:25:51,69.772,18630,30560,HOME,Bihar,
,,,,,917301042183,917301042183,2409:40e4:5f:f470:88cf:15ff:fe1e:c13,45470,,,2001:4860:4802:38::223,443,Dynamic,18:06:01,18:36:01,2026/06/09,2026/06/09,866726066636401,405856151004844,2405:200:5213:25:3903:110:2:36,Jionet,4058560c345c000,4058560c345c000,2026/06/09 18:25:51,69.772,9610142,152408233,HOME,Bihar,
,,,,,917301042183,917301042183,2409:40e4:5f:f470:88cf:15ff:fe1e:c13,44450,,,2600:140f:7::17d5:eb1a,443,Dynamic,18:36:01,19:06:01,2026/06/09,2026/06/09,866726066636401,405856151004844,2405:200:5213:25:3903:110:2:36,Jionet,4058560c345c000,4058560c345c000,2026/06/09 18:56:00,380.7,2481011,13623995,HOME,Bihar,
,,,,,917301042183,917301042183,2409:40e4:5f:f470:88cf:15ff:fe1e:c13,44450,,,2600:140f:7::17d5:eb1a,443,Dynamic,18:36:01,19:06:01,2026/06/09,2026/06/09,866726066636401,405856151004844,2405:200:5213:25:3903:110:2:36,Jionet,4058560c345c000,4058560c345c000,2026/06/09 18:56:00,380.7,15919,31757,HOME,Bihar,
,,,,,917301042183,917301042183,2409:40e4:5f:f470:88cf:15ff:fe1e:c13,48436,,,2405:200:1630:1600::b855:dc9e,443,Dynamic,18:36:01,19:06:01,2026/06/09,2026/06/09,866726066636401,405856151004844,2405:200:5213:25:3903:110:2:36,Jionet,4058560c345c000,4058560c345c000,2026/06/09 18:54:06,494.717,2481011,13623995,HOME,Bihar,
,,,,,917301042183,917301042183,2409:40e4:5f:f470:88cf:15ff:fe1e:c13,48436,,,2405:200:1630:1600::b855:dc9e,443,Dynamic,18:36:01,19:06:01,2026/06/09,2026/06/09,866726066636401,405856151004844,2405:200:5213:25:3903:110:2:36,Jionet,4058560c345c000,4058560c345c000,2026/06/09 18:54:06,494.717,15919,31757,HOME,Bihar,
,,,,,917301042183,917301042183,2409:40e4:5f:f470:88cf:15ff:fe1e:c13,42668,,,2a03:2880:f346:3:face:b00c:0:4c63,443,Dynamic,17:51:44,18:06:01,2026/06/09,2026/06/09,866726066636401,405856151004844,2405:200:5213:25:3903:110:2:36,Jionet,405856044a330,4058560c345c000,2026/06/09 18:04:27,68.912,8624611,41418559,HOME,Bihar,
,,,,,917301042183,917301042183,2409:40e4:5f:f470:88cf:15ff:fe1e:c13,47275,,,2405:200:1613:2885:face:b00c:0:a7,443,Dynamic,17:51:44,18:06:01,2026/06/09,2026/06/09,866726066636401,405856151004844,2405:200:5213:25:3903:110:2:36,Jionet,405856044a330,4058560c345c000,2026/06/09 18:04:23,107.544,8624611,41418559,HOME,Bihar,
,,,,,917301042183,917301042183,2409:40e4:5f:f470:88cf:15ff:fe1e:c13,42297,,,2a03:2880:f346:80:face:b00c:0:3,443,Dynamic,17:51:44,18:06:01,2026/06/09,2026/06/09,866726066636401,405856151004844,2405:200:5213:25:3903:110:2:36,Jionet,405856044a330,4058560c345c000,2026/06/09 18:04:09,100.27,8624611,41418559,HOME,Bihar,
,,,,,917301042183,917301042183,2409:40e4:5f:f470:88cf:15ff:fe1e:c13,44196,,,2a03:2880:f346:3:face:b00c:0:4c63,443,Dynamic,17:51:44,18:06:01,2026/06/09,2026/06/09,866726066636401,405856151004844,2405:200:5213:25:3903:110:2:36,Jionet,405856044a330,4058560c345c000,2026/06/09 18:01:15,276.179,8624611,41418559,HOME,Bihar,
,,,,,917301042183,917301042183,2409:40e4:5f:f470:88cf:15ff:fe1e:c13,46312,,,2405:200:1630:ff74:face:b00c:3333:a3f,443,Dynamic,17:51:44,18:06:01,2026/06/09,2026/06/09,866726066636401,405856151004844,2405:200:5213:25:3903:110:2:36,Jionet,405856044a330,4058560c345c000,2026/06/09 18:04:17,107.34,8624611,41418559,HOME,Bihar,
,,,,,917301042183,917301042183,2409:40e4:5f:f470:88cf:15ff:fe1e:c13,48796,,,2a03:2880:f347:c0:face:b00c:0:43fe,443,Dynamic,17:51:44,18:06:01,2026/06/09,2026/06/09,866726066636401,405856151004844,2405:200:5213:25:3903:110:2:36,Jionet,405856044a330,4058560c345c000,2026/06/09 18:04:16,75.773,8624611,41418559,HOME,Bihar,
,,,,,917301042183,917301042183,2409:40e4:5f:f470:88cf:15ff:fe1e:c13,42690,,,2a03:2880:f346:3:face:b00c:0:4c63,443,Dynamic,17:51:44,18:06:01,2026/06/09,2026/06/09,866726066636401,405856151004844,2405:200:5213:25:3903:110:2:36,Jionet,405856044a330,4058560c345c000,2026/06/09 18:04:27,72.813,8624611,41418559,HOME,Bihar,
,,,,,917301042183,917301042183,2409:40e4:5f:f470:88cf:15ff:fe1e:c13,46590,,,2a03:2880:f346:8d:face:b00c:0:2,443,Dynamic,17:51:44,18:06:01,2026/06/09,2026/06/09,866726066636401,405856151004844,2405:200:5213:25:3903:110:2:36,Jionet,405856044a330,4058560c345c000,2026/06/09 18:04:17,104.405,8624611,41418559,HOME,Bihar,
,,,,,917301042183,917301042183,2409:40e4:5f:f470:88cf:15ff:fe1e:c13,39191,,,2a03:2880:f346:c4:face:b00c:0:21ba,443,Dynamic,17:51:44,18:06:01,2026/06/09,2026/06/09,866726066636401,405856151004844,2405:200:5213:25:3903:110:2:36,Jionet,405856044a330,4058560c345c000,2026/06/09 18:04:16,112.64,8624611,41418559,HOME,Bihar,
,,,,,917301042183,917301042183,2409:40e4:5f:f470:88cf:15ff:fe1e:c13,38822,,,2a03:2880:f347:3:face:b00c:0:4c63,443,Dynamic,17:51:44,18:06:01,2026/06/09,2026/06/09,866726066636401,405856151004844,2405:200:5213:25:3903:110:2:36,Jionet,405856044a330,4058560c345c000,2026/06/09 18:00:17,65.524,8624611,41418559,HOME,Bihar,
,,,,,917301042183,917301042183,2409:40e4:5f:f470:88cf:15ff:fe1e:c13,49444,,,2405:200:1630:ff74:face:b00c:3333:7020,443,Dynamic,17:51:44,18:06:01,2026/06/09,2026/06/09,866726066636401,405856151004844,2405:200:5213:25:3903:110:2:36,Jionet,405856044a330,4058560c345c000,2026/06/09 18:00:44,6.029,8624611,41418559,HOME,Bihar,
,,,,,917301042183,917301042183,2409:40e4:5f:f470:88cf:15ff:fe1e:c13,49444,,,2405:200:1630:ff74:face:b00c:3333:7020,443,Dynamic,17:51:44,18:06:01,2026/06/09,2026/06/09,866726066636401,405856151004844,2405:200:5213:25:3903:110:2:36,Jionet,405856044a330,4058560c345c000,2026/06/09 18:00:48,2.02,8624611,41418559,HOME,Bihar,
,,,,,917301042183,917301042183,2409:40e4:5f:f470:88cf:15ff:fe1e:c13,42852,,,2a03:2880:f346:3:face:b00c:0:4c63,443,Dynamic,17:51:44,18:06:01,2026/06/09,2026/06/09,866726066636401,405856151004844,2405:200:5213:25:3903:110:2:36,Jionet,405856044a330,4058560c345c000,2026/06/09 18:04:17,11.993,8624611,41418559,HOME,Bihar,
,,,,,917301042183,917301042183,2409:40e4:5f:f470:88cf:15ff:fe1e:c13,45638,,,2a03:2880:f346:8d:face:b00c:0:2,443,Dynamic,17:51:44,18:06:01,2026/06/09,2026/06/09,866726066636401,405856151004844,2405:200:5213:25:3903:110:2:36,Jionet,405856044a330,4058560c345c000,2026/06/09 18:04:09,66.109,8624611,41418559,HOME,Bihar,
,,,,,917301042183,917301042183,2409:40e4:5f:f470:88cf:15ff:fe1e:c13,49586,,,2001:4860:4802:34::223,443,Dynamic,17:51:44,18:06:01,2026/06/09,2026/06/09,866726066636401,405856151004844,2405:200:5213:25:3903:110:2:36,Jionet,405856044a330,4058560c345c000,2026/06/09 18:04:23,11.06,8624611,41418559,HOME,Bihar,
,,,,,917301042183,917301042183,2409:40e4:5f:f470:88cf:15ff:fe1e:c13,37647,,,2405:200:1613:2885:face:b00c:3333:a3f,443,Dynamic,17:51:44,18:06:01,2026/06/09,2026/06/09,866726066636401,405856151004844,2405:200:5213:25:3903:110:2:36,Jionet,405856044a330,4058560c345c000,2026/06/09 18:04:17,64.279,8624611,41418559,HOME,Bihar,
,,,,,917301042183,917301042183,2409:40e4:5f:f470:88cf:15ff:fe1e:c13,39260,,,2a03:2880:f347:3:face:b00c:0:4c63,443,Dynamic,17:51:44,18:06:01,2026/06/09,2026/06/09,866726066636401,405856151004844,2405:200:5213:25:3903:110:2:36,Jionet,405856044a330,4058560c345c000,2026/06/09 18:04:08,20.456,8624611,41418559,HOME,Bihar,
,,,,,917301042183,917301042183,2409:40e4:5f:f470:88cf:15ff:fe1e:c13,45628,,,2a03:2880:f346:8d:face:b00c:0:2,443,Dynamic,17:51:44,18:06:01,2026/06/09,2026/06/09,866726066636401,405856151004844,2405:200:5213:25:3903:110:2:36,Jionet,405856044a330,4058560c345c000,2026/06/09 18:04:09,76.511,8624611,41418559,HOME,Bihar,
,,,,,917301042183,917301042183,2409:40e4:5f:f470:88cf:15ff:fe1e:c13,37246,,,2a03:2880:f347:3:face:b00c:0:4c63,443,Dynamic,17:51:44,18:06:01,2026/06/09,2026/06/09,866726066636401,405856151004844,2405:200:5213:25:3903:110:2:36,Jionet,405856044a330,4058560c345c000,2026/06/09 18:04:08,20.456,8624611,41418559,HOME,Bihar,
,,,,,917301042183,917301042183,2409:40e4:5f:f470:88cf:15ff:fe1e:c13,44158,,,2405:200:1633:2885:face:b00c:0:a7,443,Dynamic,17:51:44,18:06:01,2026/06/09,2026/06/09,866726066636401,405856151004844,2405:200:5213:25:3903:110:2:36,Jionet,405856044a330,4058560c345c000,2026/06/09 18:04:09,66.425,8624611,41418559,HOME,Bihar,
,,,,,917301042183,917301042183,2409:40e4:5f:f470:88cf:15ff:fe1e:c13,49699,,,2401:4900:b54a:c2f4:1c30:c8ff:feb3:9e83,58094,Dynamic,17:51:44,18:06:01,2026/06/09,2026/06/09,866726066636401,405856151004844,2405:200:5213:25:3903:110:2:36,Jionet,405856044a330,4058560c345c000,2026/06/09 18:01:22,164.597,8624611,41418559,HOME,Bihar,
,,,,,917301042183,917301042183,2409:40e4:5f:f470:88cf:15ff:fe1e:c13,37886,,,2a03:2880:f356:5:face:b00c:0:79f4,443,Dynamic,17:51:44,18:06:01,2026/06/09,2026/06/09,866726066636401,405856151004844,2405:200:5213:25:3903:110:2:36,Jionet,405856044a330,4058560c345c000,2026/06/09 18:04:09,75.224,8624611,41418559,HOME,Bihar,
,,,,,917301042183,917301042183,2409:40e4:5f:f470:88cf:15ff:fe1e:c13,40458,,,2405:200:1630:ff74:face:b00c:3333:a3f,443,Dynamic,17:51:44,18:06:01,2026/06/09,2026/06/09,866726066636401,405856151004844,2405:200:5213:25:3903:110:2:36,Jionet,405856044a330,4058560c345c000,2026/06/09 18:04:17,11.043,8624611,41418559,HOME,Bihar,
,,,,,917301042183,917301042183,2409:40e4:5f:f470:88cf:15ff:fe1e:c13,45638,,,2a03:2880:f346:8d:face:b00c:0:2,443,Dynamic,17:51:44,18:06:01,2026/06/09,2026/06/09,866726066636401,405856151004844,2405:200:5213:25:3903:110:2:36,Jionet,405856044a330,4058560c345c000,2026/06/09 18:05:19,11.013,8624611,41418559,HOME,Bihar,
,,,,,917301042183,917301042183,2409:40e4:5f:f470:88cf:15ff:fe1e:c13,39260,,,2a03:2880:f347:3:face:b00c:0:4c63,443,Dynamic,17:51:44,18:06:01,2026/06/09,2026/06/09,866726066636401,405856151004844,2405:200:5213:25:3903:110:2:36,Jionet,405856044a330,4058560c345c000,2026/06/09 18:02:35,74.095,8624611,41418559,HOME,Bihar,
,,,,,917301042183,917301042183,2409:40e4:5f:f470:88cf:15ff:fe1e:c13,42083,,,2401:4900:b54a:c2f4:1c30:c8ff:feb3:9e83,33603,Dynamic,17:51:44,18:06:01,2026/06/09,2026/06/09,866726066636401,405856151004844,2405:200:5213:25:3903:110:2:36,Jionet,405856044a330,4058560c345c000,2026/06/09 18:02:17,174.056,8624611,41418559,HOME,Bihar,
,,,,,917301042183,917301042183,2409:40e4:5f:f470:88cf:15ff:fe1e:c13,45980,,,2a03:2880:f346:8d:face:b00c:0:2,443,Dynamic,17:51:44,18:06:01,2026/06/09,2026/06/09,866726066636401,405856151004844,2405:200:5213:25:3903:110:2:36,Jionet,405856044a330,4058560c345c000,2026/06/09 18:04:13,11.503,8624611,41418559,HOME,Bihar,
,,,,,917301042183,917301042183,2409:40e4:5f:f470:88cf:15ff:fe1e:c13,47075,,,2a03:2880:f347:c0:face:b00c:0:43fe,443,Dynamic,17:51:44,18:06:01,2026/06/09,2026/06/09,866726066636401,405856151004844,2405:200:5213:25:3903:110:2:36,Jionet,405856044a330,4058560c345c000,2026/06/09 18:04:16,63.368,8624611,41418559,HOME,Bihar,
,,,,,917301042183,917301042183,2409:40e4:5f:f470:88cf:15ff:fe1e:c13,47182,,,2404:6800:4003:c03::bc,5228,Dynamic,17:51:44,18:06:01,2026/06/09,2026/06/09,866726066636401,405856151004844,2405:200:5213:25:3903:110:2:36,Jionet,405856044a330,4058560c345c000,2026/06/09 18:01:15,170.712,8624611,41418559,HOME,Bihar,
,,,,,917301042183,917301042183,2409:40e4:5f:f470:88cf:15ff:fe1e:c13,48988,,,2a03:2880:f347:80:face:b00c:0:3,443,Dynamic,17:51:44,18:06:01,2026/06/09,2026/06/09,866726066636401,405856151004844,2405:200:5213:25:3903:110:2:36,Jionet,405856044a330,4058560c345c000,2026/06/09 18:04:09,64.964,8624611,41418559,HOME,Bihar,
,,,,,917301042183,917301042183,2409:40e4:5f:f470:88cf:15ff:fe1e:c13,39766,,,2a03:2880:f148:187:face:b00c:0:79f4,443,Dynamic,17:51:44,18:06:01,2026/06/09,2026/06/09,866726066636401,405856151004844,2405:200:5213:25:3903:110:2:36,Jionet,405856044a330,4058560c345c000,2026/06/09 18:04:10,2.42,8624611,41418559,HOME,Bihar,
,,,,,917301042183,917301042183,2409:40e4:5f:f470:88cf:15ff:fe1e:c13,45992,,,2a03:2880:f346:120:face:b00c:0:167,443,Dynamic,17:51:44,18:06:01,2026/06/09,2026/06/09,866726066636401,405856151004844,2405:200:5213:25:3903:110:2:36,Jionet,405856044a330,4058560c345c000,2026/06/09 18:01:54,117.379,8624611,41418559,HOME,Bihar,
,,,,,917301042183,917301042183,2409:40e4:5f:f470:88cf:15ff:fe1e:c13,41396,,,2a03:2880:f346:90:face:b00c:0:8e,443,Dynamic,17:51:44,18:06:01,2026/06/09,2026/06/09,866726066636401,405856151004844,2405:200:5213:25:3903:110:2:36,Jionet,405856044a330,4058560c345c000,2026/06/09 18:04:16,10.561,8624611,41418559,HOME,Bihar,
,,,,,917301042183,917301042183,2409:40e4:5f:f470:88cf:15ff:fe1e:c13,48654,,,2405:200:1613:2885:face:b00c:3333:a3f,443,Dynamic,17:51:44,18:06:01,2026/06/09,2026/06/09,866726066636401,405856151004844,2405:200:5213:25:3903:110:2:36,Jionet,405856044a330,4058560c345c000,2026/06/09 18:04:17,11.051,8624611,41418559,HOME,Bihar,
